0,1.49865e-15,5,4.9995,4.99947,4.99947e-05,4.99947e-05
1e-05,3.0528e-15,5,4.999,4.9989,9.99837e-05,9.99837e-05
2e-05,4.94e-15,5,4.9985,4.9983,0.000149967,0.000149967
3e-05,4.27369e-15,5,4.998,4.99767,0.000199943,0.000199943
4e-05,1.83101e-15,5,4.9975,4.997,0.000249913,0.000249913
5e-05,7.71499e-15,5,4.997,4.9963,0.000299876,0.000299876
6e-05,5.27229e-15,5,4.9965,4.99557,0.000349832,0.000349832
7e-05,1.04901e-14,5,4.996,4.9948,0.00039978,0.00039978
8e-05,3.60651e-15,5,4.9955,4.994,0.00044972,0.00044972
9e-05,4.82752e-15,5,4.995,4.99317,0.000499652,0.000499652
0.0001,1.22658e-14,5,4.9945,4.99231,0.000549575,0.000549575
0.00011,1.4708e-14,5,4.99401,4.99141,0.000599489,0.000599489
0.00012,1.1155e-14,5,4.99351,4.99047,0.000649394,0.000649394
0.00013,4.49341e-15,5,4.99301,4.98951,0.000699289,0.000699289
0.00014,8.60096e-15,5,4.99251,4.98851,0.000749174,0.000749174
0.00015,5.71408e-15,5,4.99201,4.98748,0.000799049,0.000799049
0.00016,2.93823e-15,5,4.99151,4.98642,0.000848913,0.000848913
0.00017,1.8481e-14,5,4.99101,4.98532,0.000898766,0.000898766
0.00018,1.02651e-14,5,4.99051,4.98419,0.000948608,0.000948608
0.00019,1.80363e-14,5,4.99002,4.98302,0.000998438,0.000998438
0.0002,3.62436e-14,5,4.98952,4.98183,0.00104826,0.00104826
0.00021,1.24845e-14,5,4.98902,4.9806,0.00109806,0.00109806
0.00022,5.37872e-15,5,4.98852,4.97933,0.00114786,0.00114786
0.00023,2.72497e-14,5,4.98802,4.97804,0.00119764,0.00119764
0.00024,1.65912e-14,5,4.98753,4.97671,0.0012474,0.0012474
0.00025,2.15869e-14,5,4.98703,4.97534,0.00129716,0.00129716
0.00026,2.15755e-15,5,4.98653,4.97395,0.0013469,0.0013469
0.00027,1.45917e-14,5,4.98603,4.97252,0.00139662,0.00139662
0.00028,1.22598e-14,5,4.98554,4.97106,0.00144633,0.00144633
0.00029,1.60341e-14,5,4.98504,4.96957,0.00149603,0.00149603
0.0003,4.39003e-14,5,4.98454,4.96804,0.00154571,0.00154571
0.00031,5.35588e-14,5,4.98405,4.96648,0.00159537,0.00159537
0.00032,5.61118e-14,5,4.98355,4.96488,0.00164502,0.00164502
0.00033,2.48762e-15,5,4.98305,4.96326,0.00169465,0.00169465
0.00034,3.97906e-14,5,4.98256,4.9616,0.00174427,0.00174427
0.00035,2.70226e-14,5,4.98206,4.95991,0.00179387,0.00179387
0.00036,4.74502e-14,5,4.98157,4.95818,0.00184345,0.00184345
0.00037,1.07013e-14,5,4.98107,4.95643,0.00189302,0.00189302
0.00038,5.02248e-14,5,4.98057,4.95463,0.00194256,0.00194256
0.00039,6.90981e-14,5,4.98008,4.95281,0.00199209,0.00199209
0.0004,5.22222e-14,5,4.97958,4.95096,0.0020416,0.0020416
0.00041,6.64325e-14,5,4.97909,4.94907,0.00209109,0.00209109
0.00042,3.32363e-14,5,4.97859,4.94714,0.00214056,0.00214056
0.00043,4.13404e-14,5,4.9781,4.94519,0.00219001,0.00219001
0.00044,6.27671e-14,5,4.97761,4.9432,0.00223945,0.00223945
0.00045,8.92072e-15,5,4.97711,4.94118,0.00228886,0.00228886
0.00046,4.41142e-14,5,4.97662,4.93913,0.00233825,0.00233825
0.00047,4.51128e-14,5,4.97612,4.93704,0.00238762,0.00238762
0.00048,8.43031e-14,5,4.97563,4.93493,0.00243697,0.00243697
0.00049,6.03217e-14,5,4.97514,4.93278,0.0024863,0.0024863
0.0005,3.90048e-14,5,4.97464,4.93059,0.0025356,0.0025356
0.00051,5.44363e-14,5,4.97415,4.92838,0.00258489,0.00258489
0.00052,8.097e-14,5,4.97366,4.92613,0.00263415,0.00263415
0.00053,-2.46129e-14,5,4.97317,4.92385,0.00268339,0.00268339
0.00054,-1.02916e-14,5,4.97267,4.92153,0.0027326,0.0027326
0.00055,2.80833e-15,5,4.97218,4.91919,0.00278179,0.00278179
0.00056,4.36198e-15,5,4.97169,4.91681,0.00283096,0.00283096
0.00057,9.40673e-14,5,4.9712,4.9144,0.0028801,0.0028801
0.00058,8.44077e-14,5,4.97071,4.91195,0.00292922,0.00292922
0.00059,1.21315e-14,5,4.97022,4.90947,0.00297832,0.00297832
0.0006,8.09646e-14,5,4.96973,4.90697,0.00302739,0.00302739
0.00061,9.35094e-14,5,4.96924,4.90442,0.00307643,0.00307643
0.00062,7.67443e-14,5,4.96875,4.90185,0.00312545,0.00312545
0.00063,5.42061e-14,5,4.96826,4.89924,0.00317444,0.00317444
0.00064,1.03055e-13,5,4.96777,4.89661,0.00322341,0.00322341
0.00065,1.32374e-14,5,4.96728,4.89393,0.00327235,0.00327235
0.00066,8.25145e-14,5,4.96679,4.89123,0.00332126,0.00332126
0.00067,3.76607e-14,5,4.9663,4.8885,0.00337015,0.00337015
0.00068,-4.20675e-16,5,4.96581,4.88573,0.003419,0.003419
0.00069,8.60649e-14,5,4.96532,4.88293,0.00346783,0.00346783
0.0007,7.10761e-14,5,4.96483,4.8801,0.00351663,0.00351663
0.00071,6.57462e-14,5,4.96435,4.87723,0.00356541,0.00356541
0.00072,6.46352e-14,5,4.96386,4.87433,0.00361415,0.00361415
0.00073,1.15927e-13,5,4.96337,4.8714,0.00366286,0.00366286
0.00074,9.40545e-14,5,4.96288,4.86844,0.00371155,0.00371155
0.00075,4.0874e-14,5,4.9624,4.86545,0.0037602,0.0037602
0.00076,1.08375e-13,5,4.96191,4.86242,0.00380883,0.00380883
0.00077,1.04599e-13,5,4.96143,4.85937,0.00385742,0.00385742
0.00078,4.67812e-15,5,4.96094,4.85628,0.00390598,0.00390598
0.00079,1.21917e-13,5,4.96045,4.85316,0.00395451,0.00395451
0.0008,8.38353e-14,5,4.95997,4.85,0.00400301,0.00400301
0.00081,8.36123e-14,5,4.95949,4.84682,0.00405148,0.00405148
0.00082,1.40677e-13,5,4.959,4.8436,0.00409992,0.00409992
0.00083,1.00375e-13,5,4.95852,4.84035,0.00414832,0.00414832
0.00084,3.25394e-14,5,4.95803,4.83707,0.00419669,0.00419669
0.00085,1.1747e-13,5,4.95755,4.83375,0.00424503,0.00424503
0.00086,7.75015e-14,5,4.95707,4.83041,0.00429333,0.00429333
0.00087,8.62713e-14,5,4.95658,4.82703,0.0043416,0.0043416
0.00088,8.73806e-14,5,4.9561,4.82362,0.00438984,0.00438984
0.00089,7.77207e-14,5,4.95562,4.82018,0.00443804,0.00443804
0.0009,5.09634e-14,5,4.95514,4.81671,0.00448621,0.00448621
0.00091,1.11581e-13,5,4.95466,4.81321,0.00453434,0.00453434
0.00092,1.33451e-13,5,4.95418,4.80967,0.00458244,0.00458244
0.00093,4.3855e-14,5,4.9537,4.8061,0.0046305,0.0046305
0.00094,1.08136e-13,5,4.95321,4.8025,0.00467852,0.00467852
0.00095,2.02052e-14,5,4.95273,4.79887,0.00472651,0.00472651
0.00096,3.88559e-14,5,4.95226,4.79521,0.00477447,0.00477447
0.00097,7.9156e-14,5,4.95178,4.79152,0.00482238,0.00482238
0.00098,1.09353e-13,5,4.9513,4.78779,0.00487026,0.00487026
0.00099,3.80757e-14,5,4.95082,4.78403,0.0049181,0.0049181
0.001,5.4839e-14,5,4.95034,4.78024,0.0049659,0.0049659
0.00101,1.75741e-13,5,4.94986,4.77642,0.00501367,0.00501367
0.00102,7.22673e-14,5,4.94939,4.77257,0.00506139,0.00506139
0.00103,9.50258e-14,5,4.94891,4.76869,0.00510908,0.00510908
0.00104,1.3688e-13,5,4.94843,4.76478,0.00515673,0.00515673
0.00105,8.75851e-14,5,4.94796,4.76083,0.00520433,0.00520433
0.00106,6.09387e-14,5,4.94748,4.75685,0.0052519,0.0052519
0.00107,-2.90026e-15,5,4.94701,4.75284,0.00529943,0.00529943
0.00108,6.07144e-14,5,4.94653,4.7488,0.00534692,0.00534692
0.00109,7.19265e-14,5,4.94606,4.74473,0.00539437,0.00539437
0.0011,1.89165e-13,5,4.94558,4.74063,0.00544177,0.00544177
0.00111,1.12669e-13,5,4.94511,4.7365,0.00548914,0.00548914
0.00112,2.21803e-13,5,4.94464,4.73233,0.00553646,0.00553646
0.00113,-1.66739e-14,5,4.94416,4.72814,0.00558374,0.00558374
0.00114,1.11667e-13,5,4.94369,4.72391,0.00563098,0.00563098
0.00115,6.71456e-14,5,4.94322,4.71966,0.00567818,0.00567818
0.00116,2.16913e-13,5,4.94275,4.71537,0.00572533,0.00572533
0.00117,1.28983e-13,5,4.94228,4.71105,0.00577244,0.00577244
0.00118,1.63953e-13,5,4.9418,4.7067,0.00581951,0.00581951
0.00119,2.24903e-13,5,4.94133,4.70232,0.00586653,0.00586653
0.0012,2.11802e-13,5,4.94086,4.6979,0.00591351,0.00591351
0.00121,2.48549e-13,5,4.9404,4.69346,0.00596045,0.00596045
0.00122,1.52283e-15,5,4.93993,4.68899,0.00600734,0.00600734
0.00123,1.57286e-13,5,4.93946,4.68448,0.00605418,0.00605418
0.00124,1.48403e-13,5,4.93899,4.67995,0.00610098,0.00610098
0.00125,2.00471e-13,5,4.93852,4.67538,0.00614773,0.00614773
0.00126,8.11208e-14,5,4.93806,4.67078,0.00619444,0.00619444
0.00127,1.2353e-13,5,4.93759,4.66616,0.0062411,0.0062411
0.00128,2.0291e-13,5,4.93712,4.6615,0.00628772,0.00628772
0.00129,1.91584e-13,5,4.93666,4.65681,0.00633429,0.00633429
0.0013,1.85921e-13,5,4.93619,4.65209,0.00638081,0.00638081
0.00131,1.65713e-13,5,4.93573,4.64734,0.00642728,0.00642728
0.00132,2.21445e-13,5,4.93526,4.64256,0.00647371,0.00647371
0.00133,9.94302e-14,5,4.9348,4.63775,0.00652008,0.00652008
0.00134,1.11308e-13,5,4.93434,4.63291,0.00656641,0.00656641
0.00135,2.24772e-13,5,4.93387,4.62804,0.00661269,0.00661269
0.00136,6.33439e-14,5,4.93341,4.62314,0.00665893,0.00665893
0.00137,1.57045e-13,5,4.93295,4.61821,0.00670511,0.00670511
0.00138,1.23182e-13,5,4.93249,4.61324,0.00675124,0.00675124
0.00139,1.4483e-13,5,4.93203,4.60825,0.00679732,0.00679732
0.0014,6.06738e-14,5,4.93157,4.60323,0.00684335,0.00684335
0.00141,1.6137e-13,5,4.93111,4.59818,0.00688934,0.00688934
0.00142,5.21223e-14,5,4.93065,4.59309,0.00693527,0.00693527
0.00143,1.75929e-14,5,4.93019,4.58798,0.00698115,0.00698115
0.00144,2.25647e-13,5,4.92973,4.58284,0.00702698,0.00702698
0.00145,1.5881e-13,5,4.92927,4.57766,0.00707275,0.00707275
0.00146,2.06327e-13,5,4.92882,4.57246,0.00711848,0.00711848
0.00147,1.86119e-13,5,4.92836,4.56723,0.00716415,0.00716415
0.00148,1.40154e-13,5,4.9279,4.56197,0.00720977,0.00720977
0.00149,2.21532e-13,5,4.92745,4.55667,0.00725534,0.00725534
0.0015,2.38961e-13,5,4.92699,4.55135,0.00730085,0.00730085
0.00151,1.11839e-13,5,4.92654,4.546,0.00734631,0.00734631
0.00152,2.11425e-13,5,4.92608,4.54062,0.00739172,0.00739172
0.00153,2.24302e-13,5,4.92563,4.53521,0.00743707,0.00743707
0.00154,1.74562e-13,5,4.92518,4.52976,0.00748236,0.00748236
0.00155,1.97098e-13,5,4.92472,4.52429,0.00752761,0.00752761
0.00156,1.96764e-13,5,4.92427,4.51879,0.0075728,0.0075728
0.00157,3.02788e-13,5,4.92382,4.51326,0.00761793,0.00761793
0.00158,1.86324e-13,5,4.92337,4.5077,0.00766301,0.00766301
0.00159,8.45155e-14,5,4.92292,4.50212,0.00770803,0.00770803
0.0016,1.17599e-13,5,4.92247,4.4965,0.00775299,0.00775299
0.00161,2.89237e-13,5,4.92202,4.49085,0.0077979,0.0077979
0.00162,3.15531e-14,5,4.92157,4.48517,0.00784275,0.00784275
0.00163,2.52042e-13,5,4.92112,4.47947,0.00788755,0.00788755
0.00164,2.63476e-13,5,4.92068,4.47373,0.00793228,0.00793228
0.00165,1.71325e-13,5,4.92023,4.46797,0.00797696,0.00797696
0.00166,7.83981e-14,5,4.91978,4.46217,0.00802159,0.00802159
0.00167,1.9819e-13,5,4.91934,4.45635,0.00806615,0.00806615
0.00168,1.72875e-13,5,4.91889,4.4505,0.00811065,0.00811065
0.00169,9.64899e-14,5,4.91845,4.44462,0.0081551,0.0081551
0.0017,2.87336e-13,5,4.91801,4.4387,0.00819949,0.00819949
0.00171,2.65463e-13,5,4.91756,4.43277,0.00824381,0.00824381
0.00172,2.29545e-13,5,4.91712,4.4268,0.00828808,0.00828808
0.00173,1.48497e-13,5,4.91668,4.4208,0.00833229,0.00833229
0.00174,2.15553e-13,5,4.91624,4.41477,0.00837644,0.00837644
0.00175,1.66313e-13,5,4.91579,4.40872,0.00842053,0.00842053
0.00176,1.88183e-13,5,4.91535,4.40264,0.00846455,0.00846455
0.00177,2.38474e-13,5,4.91491,4.39653,0.00850852,0.00850852
0.00178,1.57759e-13,5,4.91448,4.39038,0.00855242,0.00855242
0.00179,1.25006e-13,5,4.91404,4.38422,0.00859626,0.00859626
0.0018,2.02498e-13,5,4.9136,4.37802,0.00864004,0.00864004
0.00181,2.22369e-13,5,4.91316,4.37179,0.00868376,0.00868376
0.00182,2.41241e-13,5,4.91273,4.36554,0.00872742,0.00872742
0.00183,1.99273e-13,5,4.91229,4.35925,0.00877101,0.00877101
0.00184,2.60999e-13,5,4.91185,4.35294,0.00881454,0.00881454
0.00185,1.33544e-13,5,4.91142,4.3466,0.008858,0.008858
0.00186,3.16951e-13,5,4.91099,4.34023,0.00890141,0.00890141
0.00187,2.85197e-13,5,4.91055,4.33384,0.00894475,0.00894475
0.00188,1.91659e-13,5,4.91012,4.32741,0.00898802,0.00898802
0.00189,3.00403e-13,5,4.90969,4.32096,0.00903123,0.00903123
0.0019,1.90934e-13,5,4.90926,4.31448,0.00907437,0.00907437
0.00191,2.35396e-13,5,4.90883,4.30797,0.00911745,0.00911745
0.00192,2.34784e-13,5,4.9084,4.30143,0.00916047,0.00916047
0.00193,1.01e-13,5,4.90797,4.29487,0.00920342,0.00920342
0.00194,8.42894e-14,5,4.90754,4.28827,0.0092463,0.0092463
0.00195,9.10044e-14,5,4.90711,4.28165,0.00928912,0.00928912
0.00196,1.38354e-13,5,4.90668,4.275,0.00933187,0.00933187
0.00197,1.27194e-13,5,4.90625,4.26833,0.00937455,0.00937455
0.00198,1.82759e-13,5,4.90583,4.26162,0.00941716,0.00941716
0.00199,3.14041e-13,5,4.9054,4.25489,0.00945971,0.00945971
0.002,1.86141e-13,5,4.90498,4.24813,0.0095022,0.0095022
0.00201,2.57194e-13,5,4.90455,4.24134,0.00954461,0.00954461
0.00202,3.00435e-13,5,4.90413,4.23453,0.00958695,0.00958695
0.00203,2.0018e-13,5,4.90371,4.22769,0.00962923,0.00962923
0.00204,2.92493e-13,5,4.90329,4.22082,0.00967144,0.00967144
0.00205,3.42507e-13,5,4.90286,4.21392,0.00971358,0.00971358
0.00206,1.12466e-13,5,4.90244,4.207,0.00975565,0.00975565
0.00207,2.71448e-13,5,4.90202,4.20004,0.00979765,0.00979765
0.00208,2.35198e-13,5,4.9016,4.19307,0.00983958,0.00983958
0.00209,3.2629e-13,5,4.90119,4.18606,0.00988144,0.00988144
0.0021,2.96201e-13,5,4.90077,4.17903,0.00992323,0.00992323
0.00211,2.34581e-13,5,4.90035,4.17196,0.00996495,0.00996495
0.00212,2.28473e-13,5,4.89993,4.16488,0.0100066,0.0100066
0.00213,2.48622e-13,5,4.89952,4.15776,0.0100482,0.0100482
0.00214,1.49255e-13,5,4.8991,4.15062,0.0100897,0.0100897
0.00215,2.36738e-13,5,4.89869,4.14345,0.0101311,0.0101311
0.00216,2.46229e-13,5,4.89828,4.13626,0.0101725,0.0101725
0.00217,3.65076e-13,5,4.89786,4.12904,0.0102138,0.0102138
0.00218,3.23052e-13,5,4.89745,4.12179,0.010255,0.010255
0.00219,3.02233e-13,5,4.89704,4.11451,0.0102961,0.0102961
0.0022,1.40638e-13,5,4.89663,4.10721,0.0103372,0.0103372
0.00221,2.42444e-13,5,4.89622,4.09988,0.0103782,0.0103782
0.00222,9.9334e-14,5,4.89581,4.09252,0.0104191,0.0104191
0.00223,1.10046e-13,5,4.8954,4.08514,0.01046,0.01046
0.00224,2.15903e-13,5,4.89499,4.07773,0.0105008,0.0105008
0.00225,1.28138e-13,5,4.89459,4.0703,0.0105415,0.0105415
0.00226,1.01193e-14,5,4.89418,4.06284,0.0105821,0.0105821
0.00227,2.50036e-13,5,4.89377,4.05535,0.0106226,0.0106226
0.00228,9.64905e-14,5,4.89337,4.04784,0.0106631,0.0106631
0.00229,1.59771e-13,5,4.89296,4.0403,0.0107035,0.0107035
0.0023,3.65382e-13,5,4.89256,4.03273,0.0107439,0.0107439
0.00231,4.08901e-13,5,4.89216,4.02514,0.0107841,0.0107841
0.00232,4.38042e-13,5,4.89176,4.01752,0.0108243,0.0108243
0.00233,1.43165e-13,5,4.89136,4.00988,0.0108644,0.0108644
0.00234,1.21402e-13,5,4.89096,4.00221,0.0109044,0.0109044
0.00235,5.80064e-14,5,4.89056,3.99451,0.0109443,0.0109443
0.00236,3.17741e-13,5,4.89016,3.98679,0.0109842,0.0109842
0.00237,1.25837e-13,5,4.88976,3.97904,0.011024,0.011024
0.00238,6.92687e-14,5,4.88936,3.97127,0.0110637,0.0110637
0.00239,2.776e-13,5,4.88897,3.96347,0.0111033,0.0111033
0.0024,1.9583e-13,5,4.88857,3.95565,0.0111429,0.0111429
0.00241,-5.15856e-14,5,4.88818,3.9478,0.0111824,0.0111824
0.00242,1.1217e-13,5,4.88778,3.93992,0.0112218,0.0112218
0.00243,3.51699e-13,5,4.88739,3.93202,0.0112611,0.0112611
0.00244,1.01785e-13,5,4.887,3.9241,0.0113003,0.0113003
0.00245,1.58959e-13,5,4.8866,3.91615,0.0113395,0.0113395
0.00246,1.80273e-13,5,4.88621,3.90817,0.0113786,0.0113786
0.00247,2.75084e-13,5,4.88582,3.90017,0.0114176,0.0114176
0.00248,9.52814e-14,5,4.88543,3.89214,0.0114565,0.0114565
0.00249,2.0014e-13,5,4.88505,3.88409,0.0114954,0.0114954
0.0025,2.36608e-13,5,4.88466,3.87601,0.0115341,0.0115341
0.00251,3.03886e-13,5,4.88427,3.86791,0.0115728,0.0115728
0.00252,2.7152e-13,5,4.88389,3.85978,0.0116114,0.0116114
0.00253,6.34131e-15,5,4.8835,3.85163,0.0116499,0.0116499
0.00254,5.50778e-14,5,4.88312,3.84345,0.0116883,0.0116883
0.00255,5.21335e-14,5,4.88273,3.83525,0.0117267,0.0117267
0.00256,3.11979e-13,5,4.88235,3.82703,0.011765,0.011765
0.00257,9.32977e-15,5,4.88197,3.81878,0.0118032,0.0118032
0.00258,3.63322e-13,5,4.88159,3.8105,0.0118413,0.0118413
0.00259,5.43676e-13,5,4.88121,3.8022,0.0118793,0.0118793
0.0026,-5.45705e-14,5,4.88083,3.79388,0.0119172,0.0119172
0.00261,2.34918e-13,5,4.88045,3.78553,0.0119551,0.0119551
0.00262,3.47381e-13,5,4.88007,3.77716,0.0119928,0.0119928
0.00263,1.25223e-13,5,4.87969,3.76876,0.0120305,0.0120305
0.00264,9.05819e-14,5,4.87932,3.76034,0.0120681,0.0120681
0.00265,8.10316e-14,5,4.87894,3.75189,0.0121057,0.0121057
0.00266,1.58911e-13,5,4.87857,3.74342,0.0121431,0.0121431
0.00267,1.57133e-13,5,4.8782,3.73493,0.0121804,0.0121804
0.00268,3.6069e-13,5,4.87782,3.72641,0.0122177,0.0122177
0.00269,3.70291e-13,5,4.87745,3.71787,0.0122549,0.0122549
0.0027,2.38671e-13,5,4.87708,3.7093,0.012292,0.012292
0.00271,2.43832e-13,5,4.87671,3.70071,0.012329,0.012329
0.00272,-2.0737e-14,5,4.87634,3.6921,0.0123659,0.0123659
0.00273,4.00257e-13,5,4.87597,3.68346,0.0124027,0.0124027
0.00274,4.133e-13,5,4.87561,3.6748,0.0124395,0.0124395
0.00275,5.95249e-14,5,4.87524,3.66612,0.0124761,0.0124761
0.00276,5.98001e-14,5,4.87487,3.65741,0.0125127,0.0125127
0.00277,2.23111e-13,5,4.87451,3.64868,0.0125492,0.0125492
0.00278,3.56169e-13,5,4.87414,3.63993,0.0125856,0.0125856
0.00279,2.63297e-13,5,4.87378,3.63115,0.0126219,0.0126219
0.0028,4.28606e-13,5,4.87342,3.62235,0.0126581,0.0126581
0.00281,1.97067e-13,5,4.87306,3.61352,0.0126943,0.0126943
0.00282,5.02931e-13,5,4.8727,3.60468,0.0127303,0.0127303
0.00283,2.31756e-13,5,4.87234,3.59581,0.0127663,0.0127663
0.00284,3.13244e-13,5,4.87198,3.58691,0.0128021,0.0128021
0.00285,8.30371e-14,5,4.87162,3.578,0.0128379,0.0128379
0.00286,4.66228e-13,5,4.87126,3.56906,0.0128736,0.0128736
0.00287,3.39216e-13,5,4.87091,3.56009,0.0129092,0.0129092
0.00288,3.95113e-13,5,4.87055,3.55111,0.0129447,0.0129447
0.00289,1.87943e-13,5,4.8702,3.5421,0.0129802,0.0129802
0.0029,1.78781e-13,5,4.86985,3.53307,0.0130155,0.0130155
0.00291,1.4464e-13,5,4.86949,3.52402,0.0130507,0.0130507
0.00292,8.72385e-14,5,4.86914,3.51494,0.0130859,0.0130859
0.00293,2.33896e-13,5,4.86879,3.50585,0.0131209,0.0131209
0.00294,1.27201e-13,5,4.86844,3.49673,0.0131559,0.0131559
0.00295,2.17071e-13,5,4.86809,3.48758,0.0131908,0.0131908
0.00296,4.19312e-14,5,4.86774,3.47842,0.0132256,0.0132256
0.00297,5.01894e-13,5,4.8674,3.46923,0.0132603,0.0132603
0.00298,4.48712e-13,5,4.86705,3.46002,0.0132949,0.0132949
0.00299,3.23476e-13,5,4.86671,3.45079,0.0133294,0.0133294
0.003,3.3774e-13,5,4.86636,3.44154,0.0133638,0.0133638
0.00301,2.46088e-13,5,4.86602,3.43226,0.0133981,0.0133981
0.00302,2.82601e-14,5,4.86568,3.42296,0.0134323,0.0134323
0.00303,3.44005e-13,5,4.86534,3.41365,0.0134665,0.0134665
0.00304,2.59237e-13,5,4.86499,3.4043,0.0135005,0.0135005
0.00305,2.01891e-13,5,4.86466,3.39494,0.0135345,0.0135345
0.00306,3.70531e-13,5,4.86432,3.38556,0.0135683,0.0135683
0.00307,5.17838e-14,5,4.86398,3.37615,0.0136021,0.0136021
0.00308,3.49432e-13,5,4.86364,3.36672,0.0136357,0.0136357
0.00309,5.45939e-13,5,4.86331,3.35728,0.0136693,0.0136693
0.0031,1.49031e-13,5,4.86297,3.34781,0.0137028,0.0137028
0.00311,2.55999e-13,5,4.86264,3.33832,0.0137362,0.0137362
0.00312,3.70238e-13,5,4.86231,3.3288,0.0137695,0.0137695
0.00313,2.20577e-13,5,4.86197,3.31927,0.0138027,0.0138027
0.00314,2.1569e-13,5,4.86164,3.30971,0.0138358,0.0138358
0.00315,8.01844e-14,5,4.86131,3.30014,0.0138688,0.0138688
0.00316,4.46e-13,5,4.86098,3.29054,0.0139017,0.0139017
0.00317,3.5124e-13,5,4.86066,3.28092,0.0139345,0.0139345
0.00318,-3.0957e-14,5,4.86033,3.27129,0.0139672,0.0139672
0.00319,1.52394e-13,5,4.86,3.26163,0.0139998,0.0139998
0.0032,3.8798e-13,5,4.85968,3.25195,0.0140323,0.0140323
0.00321,3.87867e-13,5,4.85935,3.24224,0.0140647,0.0140647
0.00322,3.1681e-13,5,4.85903,3.23252,0.0140971,0.0140971
0.00323,3.37513e-13,5,4.85871,3.22278,0.0141293,0.0141293
0.00324,1.55877e-13,5,4.85839,3.21302,0.0141614,0.0141614
0.00325,3.85191e-13,5,4.85807,3.20324,0.0141935,0.0141935
0.00326,2.72501e-13,5,4.85775,3.19343,0.0142254,0.0142254
0.00327,1.99834e-13,5,4.85743,3.18361,0.0142572,0.0142572
0.00328,3.19624e-13,5,4.85711,3.17377,0.014289,0.014289
0.00329,3.27671e-13,5,4.85679,3.1639,0.0143206,0.0143206
0.0033,1.45092e-13,5,4.85648,3.15402,0.0143521,0.0143521
0.00331,3.7324e-13,5,4.85616,3.14412,0.0143836,0.0143836
0.00332,2.47005e-13,5,4.85585,3.13419,0.0144149,0.0144149
0.00333,1.36368e-13,5,4.85554,3.12425,0.0144462,0.0144462
0.00334,1.81996e-13,5,4.85523,3.11429,0.0144773,0.0144773
0.00335,2.94903e-13,5,4.85492,3.1043,0.0145084,0.0145084
0.00336,3.84495e-13,5,4.85461,3.0943,0.0145393,0.0145393
0.00337,1.3064e-13,5,4.8543,3.08428,0.0145701,0.0145701
0.00338,3.48296e-13,5,4.85399,3.07424,0.0146009,0.0146009
0.00339,2.58587e-13,5,4.85368,3.06418,0.0146315,0.0146315
0.0034,2.17839e-13,5,4.85338,3.0541,0.0146621,0.0146621
0.00341,3.52895e-13,5,4.85307,3.044,0.0146925,0.0146925
0.00342,3.34129e-13,5,4.85277,3.03388,0.0147228,0.0147228
0.00343,2.84555e-13,5,4.85247,3.02374,0.0147531,0.0147531
0.00344,3.25353e-13,5,4.85217,3.01359,0.0147832,0.0147832
0.00345,1.21014e-13,5,4.85187,3.00341,0.0148133,0.0148133
0.00346,4.7112e-13,5,4.85157,2.99322,0.0148432,0.0148432
0.00347,3.54266e-13,5,4.85127,2.983,0.014873,0.014873
0.00348,5.66205e-13,5,4.85097,2.97277,0.0149027,0.0149027
0.00349,3.09074e-13,5,4.85068,2.96252,0.0149324,0.0149324
0.0035,6.02448e-13,5,4.85038,2.95225,0.0149619,0.0149619
0.00351,1.89997e-13,5,4.85009,2.94196,0.0149913,0.0149913
0.00352,8.73539e-14,5,4.84979,2.93165,0.0150206,0.0150206
0.00353,3.9888e-13,5,4.8495,2.92133,0.0150498,0.0150498
0.00354,9.01792e-14,5,4.84921,2.91098,0.0150789,0.0150789
0.00355,1.71445e-13,5,4.84892,2.90062,0.015108,0.015108
0.00356,2.86738e-13,5,4.84863,2.89024,0.0151369,0.0151369
0.00357,5.33094e-13,5,4.84834,2.87984,0.0151657,0.0151657
0.00358,9.61629e-14,5,4.84806,2.86943,0.0151943,0.0151943
0.00359,2.0635e-13,5,4.84777,2.85899,0.0152229,0.0152229
0.0036,5.00445e-13,5,4.84749,2.84854,0.0152514,0.0152514
0.00361,1.58771e-13,5,4.8472,2.83807,0.0152798,0.0152798
0.00362,1.78807e-13,5,4.84692,2.82758,0.0153081,0.0153081
0.00363,1.92183e-13,5,4.84664,2.81708,0.0153363,0.0153363
0.00364,2.8344e-13,5,4.84636,2.80655,0.0153643,0.0153643
0.00365,3.07862e-13,5,4.84608,2.79601,0.0153923,0.0153923
0.00366,3.46439e-13,5,4.8458,2.78545,0.0154201,0.0154201
0.00367,2.37501e-14,5,4.84552,2.77488,0.0154479,0.0154479
0.00368,9.94088e-14,5,4.84524,2.76428,0.0154755,0.0154755
0.00369,1.94385e-13,5,4.84497,2.75367,0.0155031,0.0155031
0.0037,3.82843e-13,5,4.8447,2.74304,0.0155305,0.0155305
0.00371,5.09738e-13,5,4.84442,2.7324,0.0155578,0.0155578
0.00372,4.18309e-13,5,4.84415,2.72174,0.015585,0.015585
0.00373,1.77498e-13,5,4.84388,2.71106,0.0156121,0.0156121
0.00374,3.09279e-13,5,4.84361,2.70036,0.0156391,0.0156391
0.00375,1.97143e-13,5,4.84334,2.68965,0.015666,0.015666
0.00376,3.59677e-13,5,4.84307,2.67892,0.0156928,0.0156928
0.00377,4.04416e-13,5,4.8428,2.66817,0.0157195,0.0157195
0.00378,3.91812e-13,5,4.84254,2.65741,0.0157461,0.0157461
0.00379,6.08191e-13,5,4.84227,2.64663,0.0157726,0.0157726
0.0038,4.28665e-13,5,4.84201,2.63583,0.0157989,0.0157989
0.00381,3.63603e-13,5,4.84175,2.62502,0.0158252,0.0158252
0.00382,4.66906e-13,5,4.84149,2.61419,0.0158513,0.0158513
0.00383,3.36175e-13,5,4.84123,2.60335,0.0158773,0.0158773
0.00384,2.49574e-13,5,4.84097,2.59248,0.0159033,0.0159033
0.00385,2.56177e-13,5,4.84071,2.58161,0.0159291,0.0159291
0.00386,4.03445e-13,5,4.84045,2.57071,0.0159548,0.0159548
0.00387,2.82539e-13,5,4.8402,2.5598,0.0159804,0.0159804
0.00388,1.65241e-13,5,4.83994,2.54888,0.0160059,0.0160059
0.00389,3.21557e-13,5,4.83969,2.53794,0.0160313,0.0160313
0.0039,3.3793e-13,5,4.83943,2.52698,0.0160565,0.0160565
0.00391,2.53938e-13,5,4.83918,2.51601,0.0160817,0.0160817
0.00392,3.34926e-13,5,4.83893,2.50502,0.0161067,0.0161067
0.00393,3.90157e-13,5,4.83868,2.49402,0.0161317,0.0161317
0.00394,4.54436e-13,5,4.83843,2.483,0.0161565,0.0161565
0.00395,5.61125e-13,5,4.83819,2.47196,0.0161812,0.0161812
0.00396,2.87507e-13,5,4.83794,2.46091,0.0162058,0.0162058
0.00397,3.45847e-13,5,4.8377,2.44985,0.0162303,0.0162303
0.00398,3.10372e-13,5,4.83745,2.43877,0.0162547,0.0162547
0.00399,4.35713e-13,5,4.83721,2.42767,0.016279,0.016279
0.004,2.9288e-13,5,4.83697,2.41656,0.0163032,0.0163032
0.00401,5.88418e-13,5,4.83673,2.40543,0.0163272,0.0163272
0.00402,4.35648e-13,5,4.83649,2.39429,0.0163512,0.0163512
0.00403,3.10634e-13,5,4.83625,2.38314,0.016375,0.016375
0.00404,4.60677e-13,5,4.83601,2.37197,0.0163987,0.0163987
0.00405,2.22143e-13,5,4.83578,2.36079,0.0164223,0.0164223
0.00406,2.94082e-13,5,4.83554,2.34959,0.0164458,0.0164458
0.00407,4.64609e-13,5,4.83531,2.33837,0.0164692,0.0164692
0.00408,2.93132e-13,5,4.83508,2.32715,0.0164925,0.0164925
0.00409,4.74373e-13,5,4.83484,2.3159,0.0165156,0.0165156
0.0041,1.10106e-13,5,4.83461,2.30465,0.0165387,0.0165387
0.00411,5.74398e-13,5,4.83438,2.29338,0.0165616,0.0165616
0.00412,2.84072e-13,5,4.83416,2.28209,0.0165844,0.0165844
0.00413,1.5556e-13,5,4.83393,2.27079,0.0166071,0.0166071
0.00414,4.21955e-13,5,4.8337,2.25948,0.0166297,0.0166297
0.00415,1.77869e-13,5,4.83348,2.24816,0.0166522,0.0166522
0.00416,3.3574e-13,5,4.83325,2.23682,0.0166746,0.0166746
0.00417,4.42263e-13,5,4.83303,2.22546,0.0166968,0.0166968
0.00418,4.97604e-13,5,4.83281,2.21409,0.016719,0.016719
0.00419,5.00487e-13,5,4.83259,2.20271,0.016741,0.016741
0.0042,2.20986e-13,5,4.83237,2.19132,0.0167629,0.0167629
0.00421,1.09849e-13,5,4.83215,2.17991,0.0167847,0.0167847
0.00422,3.89345e-13,5,4.83194,2.16849,0.0168064,0.0168064
0.00423,3.7069e-13,5,4.83172,2.15706,0.016828,0.016828
0.00424,5.00721e-13,5,4.83151,2.14561,0.0168494,0.0168494
0.00425,3.15533e-13,5,4.83129,2.13415,0.0168708,0.0168708
0.00426,4.86754e-13,5,4.83108,2.12267,0.016892,0.016892
0.00427,3.20439e-13,5,4.83087,2.11119,0.0169131,0.0169131
0.00428,4.85637e-13,5,4.83066,2.09969,0.0169341,0.0169341
0.00429,2.85905e-13,5,4.83045,2.08818,0.016955,0.016955
0.0043,3.87709e-13,5,4.83024,2.07665,0.0169757,0.0169757
0.00431,3.194e-13,5,4.83004,2.06511,0.0169964,0.0169964
0.00432,2.90281e-13,5,4.82983,2.05356,0.0170169,0.0170169
0.00433,2.80952e-13,5,4.82963,2.042,0.0170374,0.0170374
0.00434,2.70707e-13,5,4.82942,2.03043,0.0170577,0.0170577
0.00435,4.65187e-13,5,4.82922,2.01884,0.0170778,0.0170778
0.00436,3.86497e-13,5,4.82902,2.00724,0.0170979,0.0170979
0.00437,6.92471e-13,5,4.82882,1.99563,0.0171179,0.0171179
0.00438,4.48191e-13,5,4.82862,1.984,0.0171377,0.0171377
0.00439,8.15918e-14,5,4.82843,1.97237,0.0171574,0.0171574
0.0044,4.74413e-13,5,4.82823,1.96072,0.017177,0.017177
0.00441,6.87989e-13,5,4.82803,1.94906,0.0171965,0.0171965
0.00442,4.64803e-13,5,4.82784,1.93739,0.0172159,0.0172159
0.00443,4.55474e-13,5,4.82765,1.92571,0.0172352,0.0172352
0.00444,1.72725e-13,5,4.82746,1.91401,0.0172543,0.0172543
0.00445,4.92355e-13,5,4.82727,1.90231,0.0172733,0.0172733
0.00446,2.42607e-13,5,4.82708,1.89059,0.0172922,0.0172922
0.00447,6.96032e-14,5,4.82689,1.87886,0.017311,0.017311
0.00448,1.63608e-13,5,4.8267,1.86712,0.0173297,0.0173297
0.00449,4.86374e-13,5,4.82652,1.85537,0.0173483,0.0173483
0.0045,5.43825e-13,5,4.82633,1.84361,0.0173667,0.0173667
0.00451,2.95437e-13,5,4.82615,1.83184,0.017385,0.017385
0.00452,1.54463e-13,5,4.82597,1.82005,0.0174032,0.0174032
0.00453,3.05589e-13,5,4.82579,1.80826,0.0174213,0.0174213
0.00454,4.77809e-13,5,4.82561,1.79645,0.0174393,0.0174393
0.00455,6.26215e-13,5,4.82543,1.78464,0.0174571,0.0174571
0.00456,2.50263e-13,5,4.82525,1.77281,0.0174748,0.0174748
0.00457,2.12512e-13,5,4.82508,1.76097,0.0174924,0.0174924
0.00458,4.65029e-13,5,4.8249,1.74912,0.0175099,0.0175099
0.00459,2.76704e-13,5,4.82473,1.73726,0.0175273,0.0175273
0.0046,2.79587e-13,5,4.82455,1.72539,0.0175446,0.0175446
0.00461,4.22636e-13,5,4.82438,1.71352,0.0175617,0.0175617
0.00462,4.26435e-13,5,4.82421,1.70163,0.0175787,0.0175787
0.00463,4.65262e-13,5,4.82404,1.68973,0.0175956,0.0175956
0.00464,2.57647e-13,5,4.82388,1.67782,0.0176124,0.0176124
0.00465,2.0327e-13,5,4.82371,1.6659,0.017629,0.017629
0.00466,2.46122e-13,5,4.82354,1.65397,0.0176456,0.0176456
0.00467,1.01762e-13,5,4.82338,1.64203,0.017662,0.017662
0.00468,1.66956e-13,5,4.82322,1.63008,0.0176783,0.0176783
0.00469,3.8278e-13,5,4.82306,1.61812,0.0176945,0.0176945
0.0047,4.61908e-13,5,4.82289,1.60616,0.0177105,0.0177105
0.00471,5.70901e-13,5,4.82274,1.59418,0.0177265,0.0177265
0.00472,1.932e-13,5,4.82258,1.58219,0.0177423,0.0177423
0.00473,1.75599e-13,5,4.82242,1.5702,0.017758,0.017758
0.00474,4.54484e-13,5,4.82226,1.55819,0.0177736,0.0177736
0.00475,2.83173e-13,5,4.82211,1.54618,0.0177891,0.0177891
0.00476,2.78396e-13,5,4.82196,1.53415,0.0178044,0.0178044
0.00477,3.73761e-13,5,4.8218,1.52212,0.0178196,0.0178196
0.00478,2.74698e-13,5,4.82165,1.51008,0.0178347,0.0178347
0.00479,3.67842e-13,5,4.8215,1.49803,0.0178497,0.0178497
0.0048,5.84221e-13,5,4.82135,1.48597,0.0178646,0.0178646
0.00481,3.9931e-13,5,4.82121,1.47391,0.0178793,0.0178793
0.00482,4.24453e-13,5,4.82106,1.46183,0.0178939,0.0178939
0.00483,1.33461e-13,5,4.82092,1.44975,0.0179084,0.0179084
0.00484,5.9073e-13,5,4.82077,1.43766,0.0179228,0.0179228
0.00485,3.58912e-13,5,4.82063,1.42555,0.017937,0.017937
0.00486,2.73477e-13,5,4.82049,1.41345,0.0179512,0.0179512
0.00487,2.59541e-13,5,4.82035,1.40133,0.0179652,0.0179652
0.00488,4.6887e-13,5,4.82021,1.3892,0.0179791,0.0179791
0.00489,5.97625e-13,5,4.82007,1.37707,0.0179929,0.0179929
0.0049,5.68617e-13,5,4.81993,1.36493,0.0180065,0.0180065
0.00491,5.31227e-13,5,4.8198,1.35278,0.01802,0.01802
0.00492,4.06656e-13,5,4.81967,1.34063,0.0180334,0.0180334
0.00493,3.42732e-13,5,4.81953,1.32846,0.0180467,0.0180467
0.00494,2.59156e-13,5,4.8194,1.31629,0.0180599,0.0180599
0.00495,5.29659e-13,5,4.81927,1.30411,0.0180729,0.0180729
0.00496,3.90322e-13,5,4.81914,1.29192,0.0180858,0.0180858
0.00497,4.40806e-13,5,4.81901,1.27973,0.0180986,0.0180986
0.00498,1.42986e-13,5,4.81889,1.26753,0.0181113,0.0181113
0.00499,5.49935e-13,5,4.81876,1.25532,0.0181239,0.0181239
0.005,4.40047e-13,5,4.81864,1.24311,0.0181363,0.0181363
0.00501,1.82722e-13,5,4.81851,1.23088,0.0181486,0.0181486
0.00502,6.01439e-13,5,4.81839,1.21865,0.0181608,0.0181608
0.00503,4.72538e-13,5,4.81827,1.20642,0.0181729,0.0181729
0.00504,1.63421e-13,5,4.81815,1.19418,0.0181848,0.0181848
0.00505,4.95485e-13,5,4.81803,1.18193,0.0181966,0.0181966
0.00506,4.7053e-13,5,4.81792,1.16967,0.0182083,0.0182083
0.00507,4.53929e-13,5,4.8178,1.15741,0.0182199,0.0182199
0.00508,3.55643e-13,5,4.81769,1.14514,0.0182313,0.0182313
0.00509,3.12424e-13,5,4.81757,1.13287,0.0182427,0.0182427
0.0051,2.33012e-13,5,4.81746,1.12058,0.0182539,0.0182539
0.00511,4.80227e-13,5,4.81735,1.1083,0.018265,0.018265
0.00512,2.79468e-13,5,4.81724,1.096,0.0182759,0.0182759
0.00513,4.47164e-13,5,4.81713,1.0837,0.0182868,0.0182868
0.00514,4.34837e-13,5,4.81703,1.0714,0.0182975,0.0182975
0.00515,3.75603e-13,5,4.81692,1.05909,0.0183081,0.0183081
0.00516,4.0205e-13,5,4.81681,1.04677,0.0183185,0.0183185
0.00517,4.187e-13,5,4.81671,1.03445,0.0183289,0.0183289
0.00518,5.56975e-13,5,4.81661,1.02212,0.0183391,0.0183391
0.00519,4.92981e-13,5,4.81651,1.00978,0.0183492,0.0183492
0.0052,5.84433e-13,5,4.81641,0.997446,0.0183592,0.0183592
0.00521,2.78965e-13,5,4.81631,0.985101,0.018369,0.018369
0.00522,6.15332e-13,5,4.81621,0.972751,0.0183788,0.0183788
0.00523,3.58048e-13,5,4.81612,0.960396,0.0183884,0.0183884
0.00524,5.44812e-13,5,4.81602,0.948036,0.0183978,0.0183978
0.00525,3.93873e-13,5,4.81593,0.935671,0.0184072,0.0184072
0.00526,2.59852e-13,5,4.81584,0.923301,0.0184164,0.0184164
0.00527,2.69494e-13,5,4.81574,0.910927,0.0184255,0.0184255
0.00528,3.21712e-13,5,4.81565,0.898547,0.0184345,0.0184345
0.00529,8.7563e-14,5,4.81557,0.886163,0.0184434,0.0184434
0.0053,6.01912e-13,5,4.81548,0.873774,0.0184521,0.0184521
0.00531,1.70656e-13,5,4.81539,0.861381,0.0184607,0.0184607
0.00532,2.82494e-13,5,4.81531,0.848983,0.0184692,0.0184692
0.00533,1.51984e-13,5,4.81522,0.836581,0.0184776,0.0184776
0.00534,1.30109e-13,5,4.81514,0.824175,0.0184858,0.0184858
0.00535,3.40021e-13,5,4.81506,0.811764,0.0184939,0.0184939
0.00536,4.49777e-13,5,4.81498,0.79935,0.0185019,0.0185019
0.00537,3.54364e-13,5,4.8149,0.786931,0.0185098,0.0185098
0.00538,4.03141e-13,5,4.81482,0.774509,0.0185176,0.0185176
0.00539,4.90359e-13,5,4.81475,0.762082,0.0185252,0.0185252
0.0054,5.0984e-13,5,4.81467,0.749652,0.0185327,0.0185327
0.00541,3.55085e-13,5,4.8146,0.737218,0.01854,0.01854
0.00542,3.73956e-13,5,4.81453,0.724781,0.0185473,0.0185473
0.00543,6.86619e-13,5,4.81446,0.71234,0.0185544,0.0185544
0.00544,5.03387e-13,5,4.81439,0.699896,0.0185614,0.0185614
0.00545,3.98453e-13,5,4.81432,0.687448,0.0185683,0.0185683
0.00546,4.90987e-13,5,4.81425,0.674997,0.018575,0.018575
0.00547,2.17702e-13,5,4.81418,0.662543,0.0185817,0.0185817
0.00548,6.06582e-13,5,4.81412,0.650086,0.0185882,0.0185882
0.00549,4.11651e-13,5,4.81405,0.637626,0.0185945,0.0185945
0.0055,6.6031e-13,5,4.81399,0.625163,0.0186008,0.0186008
0.00551,3.33346e-13,5,4.81393,0.612697,0.0186069,0.0186069
0.00552,2.3023e-13,5,4.81387,0.600229,0.0186129,0.0186129
0.00553,2.40705e-13,5,4.81381,0.587757,0.0186188,0.0186188
0.00554,2.54246e-13,5,4.81375,0.575283,0.0186246,0.0186246
0.00555,6.14801e-13,5,4.8137,0.562807,0.0186302,0.0186302
0.00556,5.29255e-13,5,4.81364,0.550328,0.0186357,0.0186357
0.00557,5.68457e-13,5,4.81359,0.537847,0.0186411,0.0186411
0.00558,6.20911e-13,5,4.81354,0.525364,0.0186463,0.0186463
0.00559,3.47571e-13,5,4.81349,0.512878,0.0186514,0.0186514
0.0056,3.18632e-13,5,4.81344,0.50039,0.0186565,0.0186565
0.00561,4.2199e-13,5,4.81339,0.487901,0.0186613,0.0186613
0.00562,5.4536e-13,5,4.81334,0.475409,0.0186661,0.0186661
0.00563,3.48861e-13,5,4.81329,0.462916,0.0186707,0.0186707
0.00564,6.29356e-13,5,4.81325,0.45042,0.0186752,0.0186752
0.00565,5.91875e-13,5,4.8132,0.437924,0.0186796,0.0186796
0.00566,3.50822e-13,5,4.81316,0.425425,0.0186839,0.0186839
0.00567,4.75184e-13,5,4.81312,0.412925,0.018688,0.018688
0.00568,3.96917e-13,5,4.81308,0.400424,0.018692,0.018692
0.00569,4.57379e-13,5,4.81304,0.387921,0.0186959,0.0186959
0.0057,3.15662e-13,5,4.813,0.375417,0.0186996,0.0186996
0.00571,3.12842e-13,5,4.81297,0.362912,0.0187032,0.0187032
0.00572,3.35174e-13,5,4.81293,0.350406,0.0187068,0.0187068
0.00573,2.688e-13,5,4.8129,0.337899,0.0187101,0.0187101
0.00574,4.54496e-13,5,4.81287,0.325391,0.0187134,0.0187134
0.00575,3.23493e-13,5,4.81283,0.312882,0.0187165,0.0187165
0.00576,2.16436e-13,5,4.8128,0.300372,0.0187195,0.0187195
0.00577,2.46492e-13,5,4.81278,0.287861,0.0187224,0.0187224
0.00578,2.99453e-13,5,4.81275,0.27535,0.0187251,0.0187251
0.00579,7.15762e-13,5,4.81272,0.262839,0.0187278,0.0187278
0.0058,4.716e-13,5,4.8127,0.250327,0.0187303,0.0187303
0.00581,5.89474e-13,5,4.81267,0.237815,0.0187327,0.0187327
0.00582,2.72877e-13,5,4.81265,0.225302,0.0187349,0.0187349
0.00583,5.44281e-13,5,4.81263,0.21279,0.018737,0.018737
0.00584,3.79757e-13,5,4.81261,0.200277,0.018739,0.018739
0.00585,3.47036e-13,5,4.81259,0.187764,0.0187409,0.0187409
0.00586,5.59079e-13,5,4.81257,0.175252,0.0187427,0.0187427
0.00587,2.19375e-13,5,4.81256,0.162739,0.0187443,0.0187443
0.00588,1.23063e-13,5,4.81254,0.150227,0.0187458,0.0187458
0.00589,1.55811e-13,5,4.81253,0.137715,0.0187472,0.0187472
0.0059,4.30702e-13,5,4.81252,0.125204,0.0187484,0.0187484
0.00591,6.06128e-13,5,4.8125,0.112693,0.0187496,0.0187496
0.00592,5.67908e-13,5,4.81249,0.100182,0.0187506,0.0187506
0.00593,4.29311e-13,5,4.81249,0.0876726,0.0187514,0.0187514
0.00594,3.03665e-13,5,4.81248,0.0751636,0.0187522,0.0187522
0.00595,5.31764e-13,5,4.81247,0.0626555,0.0187528,0.0187528
0.00596,3.17622e-13,5,4.81247,0.0501482,0.0187533,0.0187533
0.00597,4.5698e-13,5,4.81246,0.037642,0.0187537,0.0187537
0.00598,3.81431e-13,5,4.81246,0.0251369,0.0187539,0.0187539
0.00599,2.0481e-13,5,4.81246,0.0126329,0.0187541,0.0187541
0.006,7.23199e-13,5,4.81246,0.000130154,0.0187541,0.0187541
0.00601,4.5908e-13,5,4.81246,-0.0123712,0.0187539,0.0187539
0.00602,2.08808e-13,5,4.81246,-0.0248712,0.0187537,0.0187537
0.00603,5.41517e-13,5,4.81247,-0.0373697,0.0187533,0.0187533
0.00604,4.3488e-13,5,4.81247,-0.0498666,0.0187528,0.0187528
0.00605,4.58357e-13,5,4.81248,-0.0623618,0.0187522,0.0187522
0.00606,4.99458e-13,5,4.81249,-0.0748553,0.0187515,0.0187515
0.00607,4.4588e-13,5,4.81249,-0.087347,0.0187506,0.0187506
0.00608,1.85508e-13,5,4.8125,-0.0998367,0.0187496,0.0187496
0.00609,2.88549e-13,5,4.81252,-0.112324,0.0187485,0.0187485
0.0061,4.15924e-13,5,4.81253,-0.12481,0.0187472,0.0187472
0.00611,2.28769e-13,5,4.81254,-0.137294,0.0187458,0.0187458
0.00612,5.25315e-13,5,4.81256,-0.149775,0.0187443,0.0187443
0.00613,2.85034e-13,5,4.81257,-0.162254,0.0187427,0.0187427
0.00614,3.06629e-13,5,4.81259,-0.17473,0.018741,0.018741
0.00615,4.79564e-13,5,4.81261,-0.187204,0.0187391,0.0187391
0.00616,4.66177e-13,5,4.81263,-0.199676,0.0187371,0.0187371
0.00617,6.112e-13,5,4.81265,-0.212144,0.018735,0.018735
0.00618,3.50142e-13,5,4.81267,-0.224611,0.0187327,0.0187327
0.00619,4.83039e-13,5,4.8127,-0.237074,0.0187304,0.0187304
0.0062,4.45975e-13,5,4.81272,-0.249534,0.0187279,0.0187279
0.00621,5.84822e-13,5,4.81275,-0.261991,0.0187252,0.0187252
0.00622,3.36278e-13,5,4.81277,-0.274446,0.0187225,0.0187225
0.00623,5.01586e-13,5,4.8128,-0.286897,0.0187196,0.0187196
0.00624,5.1808e-13,5,4.81283,-0.299344,0.0187166,0.0187166
0.00625,5.05538e-13,5,4.81286,-0.311789,0.0187135,0.0187135
0.00626,3.56716e-13,5,4.8129,-0.32423,0.0187103,0.0187103
0.00627,1.92084e-13,5,4.81293,-0.336668,0.0187069,0.0187069
0.00628,1.32476e-13,5,4.81297,-0.349102,0.0187034,0.0187034
0.00629,2.99078e-13,5,4.813,-0.361532,0.0186998,0.0186998
0.0063,5.86095e-13,5,4.81304,-0.373959,0.0186961,0.0186961
0.00631,4.3335e-13,5,4.81308,-0.386382,0.0186922,0.0186922
0.00632,4.17935e-13,5,4.81312,-0.3988,0.0186882,0.0186882
0.00633,6.6259e-13,5,4.81316,-0.411215,0.0186841,0.0186841
0.00634,3.80951e-13,5,4.8132,-0.423626,0.0186799,0.0186799
0.00635,3.78727e-13,5,4.81324,-0.436033,0.0186755,0.0186755
0.00636,3.25127e-13,5,4.81329,-0.448436,0.018671,0.018671
0.00637,5.71954e-13,5,4.81334,-0.460834,0.0186664,0.0186664
0.00638,3.34564e-13,5,4.81338,-0.473228,0.0186617,0.0186617
0.00639,4.20381e-13,5,4.81343,-0.485617,0.0186568,0.0186568
0.0064,5.00411e-13,5,4.81348,-0.498002,0.0186518,0.0186518
0.00641,2.46131e-13,5,4.81353,-0.510382,0.0186467,0.0186467
0.00642,4.66355e-13,5,4.81358,-0.522757,0.0186415,0.0186415
0.00643,6.06142e-13,5,4.81364,-0.535128,0.0186362,0.0186362
0.00644,3.38388e-13,5,4.81369,-0.547493,0.0186307,0.0186307
0.00645,4.73394e-13,5,4.81375,-0.559854,0.0186251,0.0186251
0.00646,4.57709e-13,5,4.81381,-0.57221,0.0186194,0.0186194
0.00647,6.47859e-13,5,4.81386,-0.58456,0.0186135,0.0186135
0.00648,2.64065e-13,5,4.81392,-0.596906,0.0186076,0.0186076
0.00649,1.18678e-13,5,4.81399,-0.609246,0.0186015,0.0186015
0.0065,1.15087e-13,5,4.81405,-0.621581,0.0185952,0.0185952
0.00651,3.84598e-13,5,4.81411,-0.63391,0.0185889,0.0185889
0.00652,3.76975e-13,5,4.81418,-0.646233,0.0185824,0.0185824
0.00653,6.79383e-13,5,4.81424,-0.658551,0.0185759,0.0185759
0.00654,2.87928e-13,5,4.81431,-0.670864,0.0185692,0.0185692
0.00655,4.7311e-13,5,4.81438,-0.68317,0.0185623,0.0185623
0.00656,2.32188e-13,5,4.81445,-0.695471,0.0185554,0.0185554
0.00657,3.82037e-13,5,4.81452,-0.707766,0.0185483,0.0185483
0.00658,6.03301e-13,5,4.81459,-0.720055,0.0185411,0.0185411
0.00659,3.49792e-13,5,4.81466,-0.732337,0.0185338,0.0185338
0.0066,4.40272e-13,5,4.81474,-0.744614,0.0185263,0.0185263
0.00661,5.57175e-13,5,4.81481,-0.756884,0.0185187,0.0185187
0.00662,1.56257e-13,5,4.81489,-0.769147,0.0185111,0.0185111
0.00663,2.85497e-13,5,4.81497,-0.781405,0.0185032,0.0185032
0.00664,1.74555e-13,5,4.81505,-0.793656,0.0184953,0.0184953
0.00665,4.17995e-13,5,4.81513,-0.8059,0.0184872,0.0184872
0.00666,4.74155e-13,5,4.81521,-0.818137,0.0184791,0.0184791
0.00667,4.84213e-13,5,4.81529,-0.830368,0.0184708,0.0184708
0.00668,5.89986e-13,5,4.81538,-0.842592,0.0184623,0.0184623
0.00669,4.7928e-13,5,4.81546,-0.854809,0.0184538,0.0184538
0.0067,5.22658e-13,5,4.81555,-0.867019,0.0184451,0.0184451
0.00671,1.81983e-13,5,4.81564,-0.879222,0.0184363,0.0184363
0.00672,5.11383e-13,5,4.81573,-0.891418,0.0184274,0.0184274
0.00673,5.19359e-13,5,4.81582,-0.903607,0.0184184,0.0184184
0.00674,5.79419e-13,5,4.81591,-0.915788,0.0184092,0.0184092
0.00675,3.83642e-13,5,4.816,-0.927962,0.0183999,0.0183999
0.00676,3.07005e-13,5,4.81609,-0.940128,0.0183905,0.0183905
0.00677,4.97891e-13,5,4.81619,-0.952287,0.018381,0.018381
0.00678,4.23266e-13,5,4.81629,-0.964438,0.0183714,0.0183714
0.00679,2.33026e-13,5,4.81638,-0.976581,0.0183616,0.0183616
0.0068,3.05243e-13,5,4.81648,-0.988717,0.0183517,0.0183517
0.00681,1.09244e-13,5,4.81658,-1.00084,0.0183417,0.0183417
0.00682,2.52043e-13,5,4.81668,-1.01296,0.0183316,0.0183316
0.00683,2.0455e-13,5,4.81679,-1.02508,0.0183213,0.0183213
0.00684,5.7543e-13,5,4.81689,-1.03718,0.018311,0.018311
0.00685,6.09858e-13,5,4.817,-1.04928,0.0183005,0.0183005
0.00686,2.35987e-13,5,4.8171,-1.06136,0.0182898,0.0182898
0.00687,5.19687e-13,5,4.81721,-1.07344,0.0182791,0.0182791
0.00688,4.81284e-13,5,4.81732,-1.08551,0.0182683,0.0182683
0.00689,5.06219e-13,5,4.81743,-1.09757,0.0182573,0.0182573
0.0069,2.98631e-13,5,4.81754,-1.10963,0.0182462,0.0182462
0.00691,4.731e-13,5,4.81765,-1.12167,0.018235,0.018235
0.00692,5.08138e-13,5,4.81776,-1.13371,0.0182236,0.0182236
0.00693,3.37923e-13,5,4.81788,-1.14573,0.0182122,0.0182122
0.00694,3.5227e-13,5,4.81799,-1.15775,0.0182006,0.0182006
0.00695,2.59771e-13,5,4.81811,-1.16976,0.0181889,0.0181889
0.00696,4.5203e-13,5,4.81823,-1.18176,0.0181771,0.0181771
0.00697,6.39488e-13,5,4.81835,-1.19375,0.0181651,0.0181651
0.00698,3.06099e-13,5,4.81847,-1.20573,0.0181531,0.0181531
0.00699,3.00975e-13,5,4.81859,-1.2177,0.0181409,0.0181409
0.007,3.37387e-13,5,4.81871,-1.22967,0.0181286,0.0181286
0.00701,1.29438e-13,5,4.81884,-1.24162,0.0181162,0.0181162
0.00702,7.43681e-14,5,4.81896,-1.25356,0.0181037,0.0181037
0.00703,3.42983e-13,5,4.81909,-1.2655,0.018091,0.018091
0.00704,1.97652e-13,5,4.81922,-1.27742,0.0180782,0.0180782
0.00705,2.65816e-13,5,4.81935,-1.28934,0.0180653,0.0180653
0.00706,4.93908e-13,5,4.81948,-1.30124,0.0180523,0.0180523
0.00707,3.74556e-13,5,4.81961,-1.31314,0.0180392,0.0180392
0.00708,5.38227e-13,5,4.81974,-1.32502,0.0180259,0.0180259
0.00709,2.52203e-13,5,4.81987,-1.3369,0.0180126,0.0180126
0.0071,3.76433e-13,5,4.82001,-1.34876,0.0179991,0.0179991
0.00711,6.3489e-13,5,4.82015,-1.36062,0.0179855,0.0179855
0.00712,5.25391e-13,5,4.82028,-1.37246,0.0179718,0.0179718
0.00713,4.5611e-13,5,4.82042,-1.38429,0.0179579,0.0179579
0.00714,3.81638e-13,5,4.82056,-1.39612,0.017944,0.017944
0.00715,2.57651e-13,5,4.8207,-1.40793,0.0179299,0.0179299
0.00716,4.95457e-13,5,4.82084,-1.41973,0.0179157,0.0179157
0.00717,3.70776e-13,5,4.82099,-1.43152,0.0179014,0.0179014
0.00718,5.24566e-13,5,4.82113,-1.4433,0.0178869,0.0178869
0.00719,2.34545e-13,5,4.82128,-1.45507,0.0178724,0.0178724
0.0072,3.71294e-13,5,4.82142,-1.46683,0.0178577,0.0178577
0.00721,4.4215e-13,5,4.82157,-1.47858,0.0178429,0.0178429
0.00722,4.10339e-13,5,4.82172,-1.49031,0.017828,0.017828
0.00723,4.67623e-13,5,4.82187,-1.50204,0.017813,0.017813
0.00724,5.79447e-13,5,4.82202,-1.51375,0.0177979,0.0177979
0.00725,4.8502e-13,5,4.82217,-1.52545,0.0177826,0.0177826
0.00726,3.79517e-13,5,4.82233,-1.53715,0.0177672,0.0177672
0.00727,2.31827e-13,5,4.82248,-1.54883,0.0177517,0.0177517
0.00728,4.66691e-13,5,4.82264,-1.56049,0.0177361,0.0177361
0.00729,3.7329e-13,5,4.8228,-1.57215,0.0177204,0.0177204
0.0073,6.06101e-13,5,4.82295,-1.58379,0.0177046,0.0177046
0.00731,4.56579e-13,5,4.82311,-1.59543,0.0176886,0.0176886
0.00732,5.81586e-13,5,4.82327,-1.60705,0.0176726,0.0176726
0.00733,2.74995e-13,5,4.82344,-1.61866,0.0176564,0.0176564
0.00734,4.23429e-13,5,4.8236,-1.63025,0.0176401,0.0176401
0.00735,5.50518e-13,5,4.82376,-1.64184,0.0176237,0.0176237
0.00736,6.35863e-13,5,4.82393,-1.65341,0.0176071,0.0176071
0.00737,2.0551e-13,5,4.8241,-1.66497,0.0175905,0.0175905
0.00738,1.51023e-13,5,4.82426,-1.67652,0.0175737,0.0175737
0.00739,4.55665e-13,5,4.82443,-1.68806,0.0175568,0.0175568
0.0074,1.94481e-13,5,4.8246,-1.69958,0.0175398,0.0175398
0.00741,4.90131e-13,5,4.82477,-1.71109,0.0175227,0.0175227
0.00742,1.92782e-13,5,4.82495,-1.72259,0.0175055,0.0175055
0.00743,4.27702e-13,5,4.82512,-1.73407,0.0174882,0.0174882
0.00744,2.74877e-13,5,4.82529,-1.74555,0.0174707,0.0174707
0.00745,1.8006e-13,5,4.82547,-1.75701,0.0174531,0.0174531
0.00746,5.90146e-13,5,4.82565,-1.76845,0.0174354,0.0174354
0.00747,1.34341e-13,5,4.82582,-1.77989,0.0174176,0.0174176
0.00748,3.9907e-13,5,4.826,-1.79131,0.0173997,0.0173997
0.00749,4.70982e-13,5,4.82618,-1.80271,0.0173817,0.0173817
0.0075,3.47438e-13,5,4.82636,-1.81411,0.0173636,0.0173636
0.00751,2.54621e-13,5,4.82655,-1.82549,0.0173453,0.0173453
0.00752,6.47359e-13,5,4.82673,-1.83686,0.0173269,0.0173269
0.00753,1.6291e-13,5,4.82692,-1.84821,0.0173085,0.0173085
0.00754,3.95637e-13,5,4.8271,-1.85955,0.0172899,0.0172899
0.00755,4.4021e-13,5,4.82729,-1.87088,0.0172712,0.0172712
0.00756,3.0215e-13,5,4.82748,-1.88219,0.0172523,0.0172523
0.00757,2.15772e-13,5,4.82767,-1.89349,0.0172334,0.0172334
0.00758,4.16691e-13,5,4.82786,-1.90478,0.0172143,0.0172143
0.00759,2.32474e-13,5,4.82805,-1.91605,0.0171952,0.0171952
0.0076,5.83718e-13,5,4.82824,-1.92731,0.0171759,0.0171759
0.00761,5.73362e-13,5,4.82843,-1.93855,0.0171565,0.0171565
0.00762,4.42713e-13,5,4.82863,-1.94978,0.017137,0.017137
0.00763,6.61785e-13,5,4.82883,-1.961,0.0171174,0.0171174
0.00764,5.6522e-13,5,4.82902,-1.9722,0.0170977,0.0170977
0.00765,3.98601e-13,5,4.82922,-1.98339,0.0170779,0.0170779
0.00766,6.36185e-13,5,4.82942,-1.99456,0.0170579,0.0170579
0.00767,1.62256e-13,5,4.82962,-2.00572,0.0170379,0.0170379
0.00768,1.36135e-13,5,4.82982,-2.01686,0.0170177,0.0170177
0.00769,3.54512e-13,5,4.83003,-2.02799,0.0169974,0.0169974
0.0077,3.8801e-13,5,4.83023,-2.0391,0.016977,0.016977
0.00771,2.63607e-13,5,4.83043,-2.0502,0.0169565,0.0169565
0.00772,4.64415e-13,5,4.83064,-2.06129,0.0169359,0.0169359
0.00773,1.10862e-13,5,4.83085,-2.07236,0.0169152,0.0169152
0.00774,3.71289e-13,5,4.83106,-2.08341,0.0168943,0.0168943
0.00775,3.6901e-13,5,4.83127,-2.09445,0.0168734,0.0168734
0.00776,5.93272e-13,5,4.83148,-2.10547,0.0168523,0.0168523
0.00777,3.9787e-13,5,4.83169,-2.11648,0.0168312,0.0168312
0.00778,2.75021e-13,5,4.8319,-2.12748,0.0168099,0.0168099
0.00779,2.63749e-13,5,4.83211,-2.13846,0.0167885,0.0167885
0.0078,1.77232e-13,5,4.83233,-2.14942,0.016767,0.016767
0.00781,5.12322e-13,5,4.83255,-2.16037,0.0167454,0.0167454
0.00782,4.03184e-13,5,4.83276,-2.1713,0.0167237,0.0167237
0.00783,1.22405e-13,5,4.83298,-2.18221,0.0167019,0.0167019
0.00784,1.71557e-13,5,4.8332,-2.19311,0.01668,0.01668
0.00785,5.9899e-13,5,4.83342,-2.204,0.0166579,0.0166579
0.00786,3.17795e-13,5,4.83364,-2.21487,0.0166358,0.0166358
0.00787,2.89038e-13,5,4.83386,-2.22572,0.0166135,0.0166135
0.00788,5.65785e-13,5,4.83409,-2.23656,0.0165911,0.0165911
0.00789,5.20791e-13,5,4.83431,-2.24738,0.0165687,0.0165687
0.0079,4.37743e-13,5,4.83454,-2.25818,0.0165461,0.0165461
0.00791,1.4725e-13,5,4.83477,-2.26897,0.0165234,0.0165234
0.00792,1.63706e-13,5,4.83499,-2.27975,0.0165006,0.0165006
0.00793,5.48312e-13,5,4.83522,-2.2905,0.0164777,0.0164777
0.00794,2.27177e-13,5,4.83545,-2.30124,0.0164547,0.0164547
0.00795,1.74272e-13,5,4.83568,-2.31197,0.0164316,0.0164316
0.00796,4.55822e-13,5,4.83592,-2.32267,0.0164083,0.0164083
0.00797,4.5754e-13,5,4.83615,-2.33336,0.016385,0.016385
0.00798,4.76355e-13,5,4.83638,-2.34403,0.0163616,0.0163616
0.00799,3.56115e-13,5,4.83662,-2.35469,0.016338,0.016338
0.008,3.97024e-13,5,4.83686,-2.36533,0.0163144,0.0163144
0.00801,4.4637e-13,5,4.83709,-2.37595,0.0162906,0.0162906
0.00802,3.52997e-13,5,4.83733,-2.38656,0.0162667,0.0162667
0.00803,1.94899e-13,5,4.83757,-2.39715,0.0162428,0.0162428
0.00804,5.1788e-14,5,4.83781,-2.40772,0.0162187,0.0162187
0.00805,4.59848e-13,5,4.83805,-2.41827,0.0161945,0.0161945
0.00806,5.92572e-13,5,4.8383,-2.42881,0.0161702,0.0161702
0.00807,5.35059e-13,5,4.83854,-2.43933,0.0161458,0.0161458
0.00808,1.46312e-13,5,4.83879,-2.44983,0.0161213,0.0161213
0.00809,4.24309e-13,5,4.83903,-2.46032,0.0160967,0.0160967
0.0081,3.22276e-13,5,4.83928,-2.47079,0.016072,0.016072
0.00811,1.59459e-13,5,4.83953,-2.48124,0.0160472,0.0160472
0.00812,4.84086e-13,5,4.83978,-2.49167,0.0160223,0.0160223
0.00813,4.82251e-13,5,4.84003,-2.50208,0.0159973,0.0159973
0.00814,2.51044e-13,5,4.84028,-2.51248,0.0159721,0.0159721
0.00815,5.71562e-13,5,4.84053,-2.52286,0.0159469,0.0159469
0.00816,1.80206e-13,5,4.84078,-2.53322,0.0159216,0.0159216
0.00817,8.92203e-14,5,4.84104,-2.54356,0.0158961,0.0158961
0.00818,4.02855e-13,5,4.84129,-2.55389,0.0158706,0.0158706
0.00819,9.04358e-14,5,4.84155,-2.5642,0.015845,0.015845
0.0082,1.69425e-13,5,4.84181,-2.57449,0.0158192,0.0158192
0.00821,6.75595e-14,5,4.84207,-2.58476,0.0157934,0.0157934
0.00822,3.51219e-13,5,4.84233,-2.59501,0.0157674,0.0157674
0.00823,2.24428e-13,5,4.84259,-2.60524,0.0157414,0.0157414
0.00824,2.57177e-13,5,4.84285,-2.61546,0.0157152,0.0157152
0.00825,1.11957e-13,5,4.84311,-2.62565,0.015689,0.015689
0.00826,3.62587e-13,5,4.84337,-2.63583,0.0156626,0.0156626
0.00827,2.2042e-13,5,4.84364,-2.64599,0.0156361,0.0156361
0.00828,2.63106e-13,5,4.8439,-2.65613,0.0156096,0.0156096
0.00829,1.60463e-13,5,4.84417,-2.66625,0.0155829,0.0155829
0.0083,4.93804e-13,5,4.84444,-2.67636,0.0155562,0.0155562
0.00831,2.54715e-13,5,4.84471,-2.68644,0.0155293,0.0155293
0.00832,2.55656e-13,5,4.84498,-2.69651,0.0155023,0.0155023
0.00833,4.01481e-13,5,4.84525,-2.70655,0.0154753,0.0154753
0.00834,3.71613e-13,5,4.84552,-2.71658,0.0154481,0.0154481
0.00835,3.0211e-13,5,4.84579,-2.72659,0.0154208,0.0154208
0.00836,3.30973e-13,5,4.84607,-2.73658,0.0153935,0.0153935
0.00837,3.70828e-13,5,4.84634,-2.74655,0.015366,0.015366
0.00838,3.36019e-13,5,4.84662,-2.7565,0.0153384,0.0153384
0.00839,3.70434e-13,5,4.84689,-2.76643,0.0153108,0.0153108
0.0084,1.65095e-13,5,4.84717,-2.77634,0.015283,0.015283
0.00841,3.22466e-13,5,4.84745,-2.78623,0.0152551,0.0152551
0.00842,5.37458e-13,5,4.84773,-2.7961,0.0152272,0.0152272
0.00843,5.22327e-14,5,4.84801,-2.80595,0.0151991,0.0151991
0.00844,1.57257e-13,5,4.84829,-2.81578,0.015171,0.015171
0.00845,5.53382e-13,5,4.84857,-2.8256,0.0151427,0.0151427
0.00846,2.61391e-13,5,4.84886,-2.83539,0.0151144,0.0151144
0.00847,5.77746e-13,5,4.84914,-2.84516,0.0150859,0.0150859
0.00848,2.99688e-13,5,4.84943,-2.85492,0.0150574,0.0150574
0.00849,2.72984e-13,5,4.84971,-2.86465,0.0150287,0.0150287
0.0085,4.35907e-13,5,4.85,-2.87436,0.015,0.015
0.00851,2.73923e-13,5,4.85029,-2.88405,0.0149711,0.0149711
0.00852,1.84047e-13,5,4.85058,-2.89373,0.0149422,0.0149422
0.00853,5.65406e-13,5,4.85087,-2.90338,0.0149132,0.0149132
0.00854,2.27452e-13,5,4.85116,-2.91301,0.014884,0.014884
0.00855,4.828e-13,5,4.85145,-2.92262,0.0148548,0.0148548
0.00856,1.45012e-13,5,4.85175,-2.93221,0.0148255,0.0148255
0.00857,3.03494e-13,5,4.85204,-2.94178,0.0147961,0.0147961
0.00858,2.30661e-13,5,4.85233,-2.95133,0.0147665,0.0147665
0.00859,3.37961e-13,5,4.85263,-2.96086,0.0147369,0.0147369
0.0086,3.5661e-13,5,4.85293,-2.97037,0.0147072,0.0147072
0.00861,2.47528e-13,5,4.85323,-2.97985,0.0146774,0.0146774
0.00862,4.2827e-13,5,4.85352,-2.98932,0.0146475,0.0146475
0.00863,4.09116e-13,5,4.85382,-2.99876,0.0146176,0.0146176
0.00864,1.57037e-13,5,4.85413,-3.00819,0.0145875,0.0145875
0.00865,3.23401e-13,5,4.85443,-3.01759,0.0145573,0.0145573
0.00866,1.97444e-13,5,4.85473,-3.02697,0.014527,0.014527
0.00867,2.07156e-13,5,4.85503,-3.03633,0.0144967,0.0144967
0.00868,3.28223e-13,5,4.85534,-3.04567,0.0144662,0.0144662
0.00869,8.34164e-14,5,4.85564,-3.05499,0.0144357,0.0144357
0.0087,1.34817e-13,5,4.85595,-3.06429,0.014405,0.014405
0.00871,2.36955e-13,5,4.85626,-3.07356,0.0143743,0.0143743
0.00872,3.73788e-13,5,4.85657,-3.08282,0.0143434,0.0143434
0.00873,3.04229e-13,5,4.85687,-3.09205,0.0143125,0.0143125
0.00874,4.71538e-13,5,4.85718,-3.10126,0.0142815,0.0142815
0.00875,4.11416e-13,5,4.8575,-3.11045,0.0142504,0.0142504
0.00876,3.44079e-13,5,4.85781,-3.11962,0.0142192,0.0142192
0.00877,2.64362e-13,5,4.85812,-3.12876,0.0141879,0.0141879
0.00878,3.96698e-13,5,4.85843,-3.13789,0.0141565,0.0141565
0.00879,2.85729e-13,5,4.85875,-3.14699,0.0141251,0.0141251
0.0088,3.87589e-13,5,4.85906,-3.15607,0.0140935,0.0140935
0.00881,2.51363e-13,5,4.85938,-3.16513,0.0140619,0.0140619
0.00882,3.37458e-13,5,4.8597,-3.17416,0.0140301,0.0140301
0.00883,1.99455e-13,5,4.86002,-3.18318,0.0139983,0.0139983
0.00884,3.02259e-13,5,4.86034,-3.19217,0.0139664,0.0139664
0.00885,4.31153e-13,5,4.86066,-3.20114,0.0139344,0.0139344
0.00886,3.73475e-13,5,4.86098,-3.21009,0.0139023,0.0139023
0.00887,3.73583e-13,5,4.8613,-3.21901,0.0138701,0.0138701
0.00888,4.50741e-13,5,4.86162,-3.22791,0.0138378,0.0138378
0.00889,1.71795e-13,5,4.86195,-3.23679,0.0138054,0.0138054
0.0089,2.42459e-13,5,4.86227,-3.24565,0.013773,0.013773
0.00891,2.34074e-13,5,4.8626,-3.25449,0.0137404,0.0137404
0.00892,4.0227e-13,5,4.86292,-3.2633,0.0137078,0.0137078
0.00893,9.55687e-14,5,4.86325,-3.27209,0.0136751,0.0136751
0.00894,4.83478e-13,5,4.86358,-3.28085,0.0136423,0.0136423
0.00895,2.36895e-13,5,4.86391,-3.2896,0.0136094,0.0136094
0.00896,5.30158e-13,5,4.86424,-3.29832,0.0135764,0.0135764
0.00897,2.65978e-13,5,4.86457,-3.30702,0.0135433,0.0135433
0.00898,1.68498e-13,5,4.8649,-3.31569,0.0135102,0.0135102
0.00899,5.4587e-14,5,4.86523,-3.32434,0.0134769,0.0134769
0.009,1.98247e-13,5,4.86556,-3.33297,0.0134436,0.0134436
0.00901,1.93527e-13,5,4.8659,-3.34158,0.0134102,0.0134102
0.00902,3.19146e-13,5,4.86623,-3.35016,0.0133767,0.0133767
0.00903,4.01134e-13,5,4.86657,-3.35872,0.0133431,0.0133431
0.00904,4.06418e-14,5,4.86691,-3.36726,0.0133094,0.0133094
0.00905,4.32881e-13,5,4.86724,-3.37577,0.0132756,0.0132756
0.00906,2.7395e-13,5,4.86758,-3.38426,0.0132418,0.0132418
0.00907,8.16575e-14,5,4.86792,-3.39273,0.0132079,0.0132079
0.00908,1.48546e-13,5,4.86826,-3.40117,0.0131739,0.0131739
0.00909,8.74259e-14,5,4.8686,-3.40959,0.0131398,0.0131398
0.0091,1.95726e-13,5,4.86894,-3.41798,0.0131056,0.0131056
0.00911,3.18348e-13,5,4.86929,-3.42635,0.0130713,0.0130713
0.00912,7.5262e-14,5,4.86963,-3.4347,0.013037,0.013037
0.00913,2.25639e-13,5,4.86997,-3.44303,0.0130025,0.0130025
0.00914,3.9428e-13,5,4.87032,-3.45133,0.012968,0.012968
0.00915,4.35578e-13,5,4.87067,-3.4596,0.0129334,0.0129334
0.00916,2.06481e-13,5,4.87101,-3.46786,0.0128988,0.0128988
0.00917,2.48334e-13,5,4.87136,-3.47608,0.012864,0.012864
0.00918,1.95485e-13,5,4.87171,-3.48429,0.0128292,0.0128292
0.00919,5.94164e-13,5,4.87206,-3.49247,0.0127942,0.0127942
0.0092,4.01261e-13,5,4.87241,-3.50062,0.0127592,0.0127592
0.00921,1.67945e-13,5,4.87276,-3.50876,0.0127241,0.0127241
0.00922,2.2029e-13,5,4.87311,-3.51686,0.012689,0.012689
0.00923,2.04745e-13,5,4.87346,-3.52495,0.0126537,0.0126537
0.00924,-2.59183e-15,5,4.87382,-3.53301,0.0126184,0.0126184
0.00925,1.59221e-13,5,4.87417,-3.54104,0.012583,0.012583
0.00926,3.43793e-13,5,4.87453,-3.54905,0.0125475,0.0125475
0.00927,-2.0029e-14,5,4.87488,-3.55704,0.0125119,0.0125119
0.00928,3.18032e-13,5,4.87524,-3.565,0.0124763,0.0124763
0.00929,3.36903e-13,5,4.87559,-3.57293,0.0124405,0.0124405
0.0093,1.54991e-13,5,4.87595,-3.58085,0.0124047,0.0124047
0.00931,3.47779e-13,5,4.87631,-3.58873,0.0123688,0.0123688
0.00932,3.56381e-13,5,4.87667,-3.59659,0.0123329,0.0123329
0.00933,3.06641e-13,5,4.87703,-3.60443,0.0122968,0.0122968
0.00934,9.93047e-14,5,4.87739,-3.61224,0.0122607,0.0122607
0.00935,3.19904e-13,5,4.87775,-3.62003,0.0122245,0.0122245
0.00936,4.19489e-13,5,4.87812,-3.62779,0.0121882,0.0121882
0.00937,5.3384e-13,5,4.87848,-3.63553,0.0121519,0.0121519
0.00938,3.46376e-13,5,4.87885,-3.64325,0.0121154,0.0121154
0.00939,2.25249e-13,5,4.87921,-3.65093,0.0120789,0.0120789
0.0094,3.13731e-13,5,4.87958,-3.6586,0.0120423,0.0120423
0.00941,5.30167e-13,5,4.87994,-3.66623,0.0120057,0.0120057
0.00942,3.40817e-13,5,4.88031,-3.67384,0.0119689,0.0119689
0.00943,3.5114e-13,5,4.88068,-3.68143,0.0119321,0.0119321
0.00944,2.59766e-13,5,4.88105,-3.68899,0.0118952,0.0118952
0.00945,-4.69105e-15,5,4.88142,-3.69653,0.0118583,0.0118583
0.00946,1.70944e-13,5,4.88179,-3.70404,0.0118212,0.0118212
0.00947,2.65589e-13,5,4.88216,-3.71152,0.0117841,0.0117841
0.00948,2.15238e-13,5,4.88253,-3.71898,0.0117469,0.0117469
0.00949,4.13633e-13,5,4.8829,-3.72642,0.0117097,0.0117097
0.0095,1.19755e-13,5,4.88328,-3.73382,0.0116723,0.0116723
0.00951,1.86977e-13,5,4.88365,-3.74121,0.0116349,0.0116349
0.00952,3.34468e-13,5,4.88403,-3.74856,0.0115974,0.0115974
0.00953,5.64103e-14,5,4.8844,-3.75589,0.0115599,0.0115599
0.00954,2.13949e-13,5,4.88478,-3.7632,0.0115222,0.0115222
0.00955,3.06539e-13,5,4.88515,-3.77048,0.0114845,0.0114845
0.00956,2.90883e-13,5,4.88553,-3.77773,0.0114468,0.0114468
0.00957,3.53831e-13,5,4.88591,-3.78496,0.0114089,0.0114089
0.00958,2.29873e-13,5,4.88629,-3.79216,0.011371,0.011371
0.00959,3.38395e-13,5,4.88667,-3.79934,0.011333,0.011333
0.0096,-3.55857e-14,5,4.88705,-3.80649,0.0112949,0.0112949
0.00961,-1.27171e-14,5,4.88743,-3.81361,0.0112568,0.0112568
0.00962,1.52038e-13,5,4.88781,-3.82071,0.0112186,0.0112186
0.00963,2.0627e-13,5,4.8882,-3.82778,0.0111803,0.0111803
0.00964,3.55149e-13,5,4.88858,-3.83482,0.011142,0.011142
0.00965,1.2411e-13,5,4.88896,-3.84184,0.0111035,0.0111035
0.00966,1.78287e-13,5,4.88935,-3.84883,0.0110651,0.0110651
0.00967,4.84445e-14,5,4.88974,-3.8558,0.0110265,0.0110265
0.00968,1.77617e-13,5,4.89012,-3.86274,0.0109879,0.0109879
0.00969,3.29216e-13,5,4.89051,-3.86965,0.0109492,0.0109492
0.0097,2.69429e-13,5,4.8909,-3.87653,0.0109104,0.0109104
0.00971,2.21854e-13,5,4.89128,-3.88339,0.0108716,0.0108716
0.00972,1.85325e-13,5,4.89167,-3.89023,0.0108327,0.0108327
0.00973,3.88605e-13,5,4.89206,-3.89703,0.0107937,0.0107937
0.00974,3.81276e-13,5,4.89245,-3.90381,0.0107547,0.0107547
0.00975,1.7011e-13,5,4.89284,-3.91056,0.0107156,0.0107156
0.00976,2.19402e-13,5,4.89324,-3.91729,0.0106764,0.0106764
0.00977,8.66173e-14,5,4.89363,-3.92399,0.0106371,0.0106371
0.00978,1.40069e-14,5,4.89402,-3.93066,0.0105978,0.0105978
0.00979,4.7397e-13,5,4.89442,-3.93731,0.0105585,0.0105585
0.0098,1.22583e-13,5,4.89481,-3.94393,0.010519,0.010519
0.00981,3.46902e-13,5,4.8952,-3.95052,0.0104795,0.0104795
0.00982,3.5871e-14,5,4.8956,-3.95708,0.0104399,0.0104399
0.00983,3.54725e-13,5,4.896,-3.96362,0.0104003,0.0104003
0.00984,1.97793e-13,5,4.89639,-3.97013,0.0103606,0.0103606
0.00985,5.35181e-14,5,4.89679,-3.97661,0.0103208,0.0103208
0.00986,4.1334e-13,5,4.89719,-3.98307,0.010281,0.010281
0.00987,4.06899e-13,5,4.89759,-3.9895,0.0102411,0.0102411
0.00988,3.0359e-13,5,4.89799,-3.9959,0.0102012,0.0102012
0.00989,1.48213e-13,5,4.89839,-4.00227,0.0101611,0.0101611
0.0099,2.15546e-13,5,4.89879,-4.00862,0.0101211,0.0101211
0.00991,2.14767e-13,5,4.89919,-4.01494,0.0100809,0.0100809
0.00992,1.98834e-13,5,4.89959,-4.02123,0.0100407,0.0100407
0.00993,2.23424e-13,5,4.9,-4.02749,0.0100004,0.0100004
0.00994,2.33303e-13,5,4.9004,-4.03373,0.00996008,0.00996008
0.00995,1.76014e-13,5,4.9008,-4.03994,0.00991968,0.00991968
0.00996,2.29136e-13,5,4.90121,-4.04612,0.00987922,0.00987922
0.00997,1.1839e-13,5,4.90161,-4.05227,0.00983869,0.00983869
0.00998,2.54279e-13,5,4.90202,-4.0584,0.00979811,0.00979811
0.00999,2.545e-13,5,4.90243,-4.0645,0.00975746,0.00975746
0.01,1.93824e-13,5,4.90283,-4.07057,0.00971676,0.00971676
0.01001,1.50246e-13,5,4.90324,-4.07661,0.00967599,0.00967599
0.01002,9.06812e-14,5,4.90365,-4.08263,0.00963517,0.00963517
0.01003,2.12138e-13,5,4.90406,-4.08861,0.00959428,0.00959428
0.01004,1.46023e-13,5,4.90447,-4.09457,0.00955333,0.00955333
0.01005,2.08693e-13,5,4.90488,-4.10051,0.00951233,0.00951233
0.01006,1.50904e-13,5,4.90529,-4.10641,0.00947127,0.00947127
0.01007,1.80879e-13,5,4.9057,-4.11228,0.00943014,0.00943014
0.01008,2.82296e-13,5,4.90611,-4.11813,0.00938896,0.00938896
0.01009,2.14238e-13,5,4.90652,-4.12395,0.00934772,0.00934772
0.0101,3.07106e-13,5,4.90694,-4.12974,0.00930642,0.00930642
0.01011,2.11958e-13,5,4.90735,-4.13551,0.00926507,0.00926507
0.01012,2.64748e-13,5,4.90776,-4.14124,0.00922366,0.00922366
0.01013,1.22194e-13,5,4.90818,-4.14695,0.00918219,0.00918219
0.01014,2.39709e-13,5,4.90859,-4.15263,0.00914066,0.00914066
0.01015,1.65767e-13,5,4.90901,-4.15828,0.00909908,0.00909908
0.01016,1.34124e-13,5,4.90943,-4.1639,0.00905744,0.00905744
0.01017,1.53829e-13,5,4.90984,-4.16949,0.00901574,0.00901574
0.01018,1.23019e-13,5,4.91026,-4.17506,0.00897399,0.00897399
0.01019,5.66258e-14,5,4.91068,-4.18059,0.00893219,0.00893219
0.0102,1.99454e-13,5,4.9111,-4.1861,0.00889033,0.00889033
0.01021,1.17352e-13,5,4.91152,-4.19158,0.00884841,0.00884841
0.01022,2.88269e-13,5,4.91194,-4.19703,0.00880644,0.00880644
0.01023,1.69918e-13,5,4.91236,-4.20246,0.00876442,0.00876442
0.01024,2.46189e-13,5,4.91278,-4.20785,0.00872234,0.00872234
0.01025,9.40868e-14,5,4.9132,-4.21322,0.00868021,0.00868021
0.01026,8.95334e-14,5,4.91362,-4.21855,0.00863802,0.00863802
0.01027,2.70054e-13,5,4.91404,-4.22386,0.00859578,0.00859578
0.01028,1.07794e-13,5,4.91447,-4.22914,0.00855349,0.00855349
0.01029,1.00742e-13,5,4.91489,-4.23439,0.00851115,0.00851115
0.0103,2.95252e-13,5,4.91531,-4.23961,0.00846875,0.00846875
0.01031,1.72016e-13,5,4.91574,-4.2448,0.0084263,0.0084263
0.01032,1.23997e-13,5,4.91616,-4.24997,0.0083838,0.0083838
0.01033,9.25209e-14,5,4.91659,-4.2551,0.00834125,0.00834125
0.01034,2.4895e-13,5,4.91701,-4.26021,0.00829865,0.00829865
0.01035,8.56347e-14,5,4.91744,-4.26529,0.008256,0.008256
0.01036,1.20883e-13,5,4.91787,-4.27034,0.00821329,0.00821329
0.01037,8.00808e-14,5,4.91829,-4.27536,0.00817054,0.00817054
0.01038,2.60047e-13,5,4.91872,-4.28035,0.00812774,0.00812774
0.01039,1.64621e-13,5,4.91915,-4.28531,0.00808488,0.00808488
0.0104,2.10028e-13,5,4.91958,-4.29024,0.00804198,0.00804198
0.01041,2.46997e-13,5,4.92001,-4.29514,0.00799903,0.00799903
0.01042,2.42944e-13,5,4.92044,-4.30002,0.00795603,0.00795603
0.01043,1.68058e-13,5,4.92087,-4.30486,0.00791298,0.00791298
0.01044,1.0927e-13,5,4.9213,-4.30968,0.00786988,0.00786988
0.01045,2.69974e-13,5,4.92173,-4.31446,0.00782674,0.00782674
0.01046,1.74549e-13,5,4.92216,-4.31922,0.00778355,0.00778355
0.01047,2.59701e-13,5,4.9226,-4.32395,0.00774031,0.00774031
0.01048,5.55301e-14,5,4.92303,-4.32865,0.00769702,0.00769702
0.01049,1.18256e-13,5,4.92346,-4.33332,0.00765369,0.00765369
0.0105,2.11403e-13,5,4.9239,-4.33796,0.00761031,0.00761031
0.01051,2.14899e-13,5,4.92433,-4.34257,0.00756688,0.00756688
0.01052,2.391e-13,5,4.92477,-4.34715,0.00752341,0.00752341
0.01053,2.83675e-13,5,4.9252,-4.3517,0.00747989,0.00747989
0.01054,2.37377e-13,5,4.92564,-4.35622,0.00743633,0.00743633
0.01055,1.05814e-13,5,4.92607,-4.36071,0.00739272,0.00739272
0.01056,1.24798e-13,5,4.92651,-4.36518,0.00734907,0.00734907
0.01057,7.82783e-14,5,4.92695,-4.36961,0.00730538,0.00730538
0.01058,2.08118e-13,5,4.92738,-4.37401,0.00726164,0.00726164
0.01059,3.04262e-13,5,4.92782,-4.37839,0.00721785,0.00721785
0.0106,1.59599e-13,5,4.92826,-4.38273,0.00717402,0.00717402
0.01061,2.52134e-13,5,4.9287,-4.38705,0.00713015,0.00713015
0.01062,1.53434e-13,5,4.92914,-4.39133,0.00708624,0.00708624
0.01063,1.20071e-13,5,4.92958,-4.39559,0.00704229,0.00704229
0.01064,1.8413e-13,5,4.93002,-4.39981,0.00699829,0.00699829
0.01065,1.53542e-13,5,4.93046,-4.40401,0.00695425,0.00695425
0.01066,1.8002e-13,5,4.9309,-4.40817,0.00691017,0.00691017
0.01067,7.74894e-14,5,4.93134,-4.41231,0.00686604,0.00686604
0.01068,1.1729e-13,5,4.93178,-4.41642,0.00682188,0.00682188
0.01069,1.19176e-13,5,4.93222,-4.42049,0.00677767,0.00677767
0.0107,1.96434e-14,5,4.93267,-4.42454,0.00673343,0.00673343
0.01071,9.91342e-14,5,4.93311,-4.42856,0.00668914,0.00668914
0.01072,7.25433e-14,5,4.93355,-4.43254,0.00664482,0.00664482
0.01073,1.12677e-13,5,4.934,-4.4365,0.00660045,0.00660045
0.01074,1.68131e-13,5,4.93444,-4.44043,0.00655605,0.00655605
0.01075,1.90057e-13,5,4.93488,-4.44432,0.0065116,0.0065116
0.01076,1.32935e-13,5,4.93533,-4.44819,0.00646712,0.00646712
0.01077,1.81562e-13,5,4.93577,-4.45203,0.0064226,0.0064226
0.01078,1.82671e-13,5,4.93622,-4.45583,0.00637804,0.00637804
0.01079,9.96253e-14,5,4.93667,-4.45961,0.00633345,0.00633345
0.0108,2.40012e-13,5,4.93711,-4.46335,0.00628881,0.00628881
0.01081,2.32128e-13,5,4.93756,-4.46707,0.00624414,0.00624414
0.01082,4.86074e-14,5,4.93801,-4.47076,0.00619944,0.00619944
0.01083,2.33181e-13,5,4.93845,-4.47441,0.00615469,0.00615469
0.01084,8.22452e-14,5,4.9389,-4.47804,0.00610991,0.00610991
0.01085,1.45915e-13,5,4.93935,-4.48163,0.00606509,0.00606509
0.01086,1.81331e-13,5,4.9398,-4.4852,0.00602024,0.00602024
0.01087,1.76056e-13,5,4.94025,-4.48873,0.00597536,0.00597536
0.01088,2.34342e-13,5,4.9407,-4.49224,0.00593043,0.00593043
0.01089,8.85457e-15,5,4.94115,-4.49571,0.00588548,0.00588548
0.0109,1.78385e-13,5,4.9416,-4.49916,0.00584048,0.00584048
0.01091,6.05336e-14,5,4.94205,-4.50257,0.00579546,0.00579546
0.01092,2.26455e-13,5,4.9425,-4.50595,0.0057504,0.0057504
0.01093,-1.41994e-16,5,4.94295,-4.5093,0.00570531,0.00570531
0.01094,1.85375e-13,5,4.9434,-4.51263,0.00566018,0.00566018
0.01095,1.12877e-13,5,4.94385,-4.51592,0.00561502,0.00561502
0.01096,2.43912e-14,5,4.9443,-4.51918,0.00556983,0.00556983
0.01097,1.65611e-13,5,4.94475,-4.52241,0.00552461,0.00552461
0.01098,1.02549e-13,5,4.94521,-4.52561,0.00547935,0.00547935
0.01099,8.68941e-14,5,4.94566,-4.52878,0.00543406,0.00543406
0.011,1.45513e-13,5,4.94611,-4.53192,0.00538874,0.00538874
0.01101,8.13413e-14,5,4.94657,-4.53503,0.00534339,0.00534339
0.01102,1.54948e-13,5,4.94702,-4.53811,0.00529801,0.00529801
0.01103,1.75375e-13,5,4.94747,-4.54115,0.0052526,0.0052526
0.01104,1.81925e-13,5,4.94793,-4.54417,0.00520716,0.00520716
0.01105,-1.04775e-14,5,4.94838,-4.54716,0.00516169,0.00516169
0.01106,9.85456e-14,5,4.94884,-4.55011,0.00511618,0.00511618
0.01107,1.59607e-13,5,4.94929,-4.55304,0.00507065,0.00507065
0.01108,1.10534e-13,5,4.94975,-4.55593,0.00502509,0.00502509
0.01109,1.19748e-13,5,4.9502,-4.5588,0.00497951,0.00497951
0.0111,1.31405e-13,5,4.95066,-4.56163,0.00493389,0.00493389
0.01111,3.5703e-14,5,4.95112,-4.56443,0.00488825,0.00488825
0.01112,6.70105e-14,5,4.95157,-4.5672,0.00484257,0.00484257
0.01113,1.21966e-13,5,4.95203,-4.56994,0.00479687,0.00479687
0.01114,4.30282e-14,5,4.95249,-4.57266,0.00475115,0.00475115
0.01115,7.38917e-14,5,4.95295,-4.57533,0.00470539,0.00470539
0.01116,1.20298e-13,5,4.9534,-4.57798,0.00465962,0.00465962
0.01117,9.08766e-14,5,4.95386,-4.5806,0.00461381,0.00461381
0.01118,1.2496e-13,5,4.95432,-4.58319,0.00456798,0.00456798
0.01119,2.37067e-14,5,4.95478,-4.58574,0.00452212,0.00452212
0.0112,1.03087e-13,5,4.95524,-4.58827,0.00447624,0.00447624
0.01121,1.13522e-13,5,4.9557,-4.59076,0.00443033,0.00443033
0.01122,9.29826e-14,5,4.95616,-4.59323,0.0043844,0.0043844
0.01123,8.23238e-14,5,4.95662,-4.59566,0.00433844,0.00433844
0.01124,1.25733e-13,5,4.95708,-4.59806,0.00429246,0.00429246
0.01125,9.95309e-14,5,4.95754,-4.60043,0.00424646,0.00424646
0.01126,1.11077e-13,5,4.958,-4.60277,0.00420043,0.00420043
0.01127,4.29082e-14,5,4.95846,-4.60508,0.00415438,0.00415438
0.01128,6.53341e-14,5,4.95892,-4.60736,0.0041083,0.0041083
0.01129,1.23953e-13,5,4.95938,-4.60961,0.00406221,0.00406221
0.0113,5.41196e-14,5,4.95984,-4.61182,0.00401609,0.00401609
0.01131,9.19776e-14,5,4.9603,-4.61401,0.00396995,0.00396995
0.01132,2.2144e-14,5,4.96076,-4.61616,0.00392379,0.00392379
0.01133,8.70915e-14,5,4.96122,-4.61829,0.0038776,0.0038776
0.01134,7.7543e-14,5,4.96169,-4.62038,0.0038314,0.0038314
0.01135,7.14362e-14,5,4.96215,-4.62244,0.00378518,0.00378518
0.01136,3.65746e-14,5,4.96261,-4.62447,0.00373893,0.00373893
0.01137,1.13957e-13,5,4.96307,-4.62647,0.00369267,0.00369267
0.01138,5.00072e-14,5,4.96354,-4.62844,0.00364638,0.00364638
0.01139,4.87855e-14,5,4.964,-4.63037,0.00360008,0.00360008
0.0114,9.01963e-14,5,4.96446,-4.63228,0.00355376,0.00355376
0.01141,4.37884e-14,5,4.96493,-4.63416,0.00350741,0.00350741
0.01142,6.62144e-14,5,4.96539,-4.636,0.00346105,0.00346105
0.01143,3.31293e-14,5,4.96585,-4.63781,0.00341468,0.00341468
0.01144,1.07181e-13,5,4.96632,-4.63959,0.00336828,0.00336828
0.01145,1.13286e-13,5,4.96678,-4.64134,0.00332187,0.00332187
0.01146,5.04473e-14,5,4.96725,-4.64306,0.00327544,0.00327544
0.01147,3.35715e-14,5,4.96771,-4.64475,0.00322899,0.00322899
0.01148,6.78769e-14,5,4.96817,-4.64641,0.00318252,0.00318252
0.01149,1.04292e-13,5,4.96864,-4.64803,0.00313604,0.00313604
0.0115,4.03425e-14,5,4.9691,-4.64963,0.00308955,0.00308955
0.01151,6.04371e-14,5,4.96957,-4.65119,0.00304304,0.00304304
0.01152,1.15869e-14,5,4.97003,-4.65272,0.00299651,0.00299651
0.01153,8.45281e-14,5,4.9705,-4.65423,0.00294997,0.00294997
0.01154,7.55349e-14,5,4.97097,-4.6557,0.00290341,0.00290341
0.01155,6.8096e-14,5,4.97143,-4.65713,0.00285684,0.00285684
0.01156,3.5233e-14,5,4.9719,-4.65854,0.00281025,0.00281025
0.01157,6.64299e-14,5,4.97236,-4.65992,0.00276365,0.00276365
0.01158,2.73497e-14,5,4.97283,-4.66126,0.00271704,0.00271704
0.01159,7.07591e-14,5,4.9733,-4.66258,0.00267042,0.00267042
0.0116,1.15838e-14,5,4.97376,-4.66386,0.00262378,0.00262378
0.01161,6.55403e-14,5,4.97423,-4.66511,0.00257713,0.00257713
0.01162,5.39937e-14,5,4.9747,-4.66633,0.00253046,0.00253046
0.01163,5.67689e-14,5,4.97516,-4.66752,0.00248379,0.00248379
0.01164,4.34459e-14,5,4.97563,-4.66868,0.0024371,0.0024371
0.01165,7.19783e-14,5,4.9761,-4.66981,0.0023904,0.0023904
0.01166,6.12089e-14,5,4.97656,-4.6709,0.00234369,0.00234369
0.01167,4.65536e-14,5,4.97703,-4.67197,0.00229697,0.00229697
0.01168,3.88928e-14,5,4.9775,-4.673,0.00225024,0.00225024
0.01169,5.1327e-14,5,4.97796,-4.674,0.0022035,0.0022035
0.0117,4.39993e-14,5,4.97843,-4.67497,0.00215675,0.00215675
0.01171,6.48712e-14,5,4.9789,-4.67591,0.00210999,0.00210999
0.01172,5.16593e-14,5,4.97937,-4.67682,0.00206323,0.00206323
0.01173,3.04538e-14,5,4.97984,-4.67769,0.00201645,0.00201645
0.01174,3.04536e-14,5,4.9803,-4.67854,0.00196966,0.00196966
0.01175,5.53224e-14,5,4.98077,-4.67935,0.00192287,0.00192287
0.01176,5.53222e-14,5,4.98124,-4.68014,0.00187607,0.00187607
0.01177,4.0556e-14,5,4.98171,-4.68089,0.00182926,0.00182926
0.01178,5.28793e-14,5,4.98218,-4.68161,0.00178244,0.00178244
0.01179,5.15468e-14,5,4.98264,-4.6823,0.00173562,0.00173562
0.0118,2.77879e-14,5,4.98311,-4.68295,0.00168879,0.00168879
0.01181,4.362e-15,5,4.98358,-4.68358,0.00164196,0.00164196
0.01182,3.5115e-14,5,4.98405,-4.68418,0.00159511,0.00159511
0.01183,7.13725e-15,5,4.98452,-4.68474,0.00154827,0.00154827
0.01184,3.76682e-14,5,4.98499,-4.68527,0.00150141,0.00150141
0.01185,1.96825e-14,5,4.98545,-4.68577,0.00145456,0.00145456
0.01186,4.82151e-14,5,4.98592,-4.68624,0.00140769,0.00140769
0.01187,2.27909e-14,5,4.98639,-4.68668,0.00136083,0.00136083
0.01188,1.61294e-14,5,4.98686,-4.68709,0.00131396,0.00131396
0.01189,1.9349e-14,5,4.98733,-4.68746,0.00126708,0.00126708
0.0119,2.62323e-14,5,4.9878,-4.68781,0.0012202,0.0012202
0.01191,1.95708e-14,5,4.98827,-4.68812,0.00117332,0.00117332
0.01192,2.80085e-14,5,4.98874,-4.6884,0.00112644,0.00112644
0.01193,2.66761e-14,5,4.9892,-4.68866,0.00107955,0.00107955
0.01194,2.17911e-14,5,4.98967,-4.68887,0.00103266,0.00103266
0.01195,2.31233e-14,5,4.99014,-4.68906,0.000985773,0.000985773
0.01196,1.47966e-14,5,4.99061,-4.68922,0.00093888,0.00093888
0.01197,2.71201e-14,5,4.99108,-4.68935,0.000891987,0.000891987
0.01198,2.2013e-14,5,4.99155,-4.68944,0.000845092,0.000845092
0.01199,2.16799e-14,5,4.99202,-4.6895,0.000798197,0.000798197
0.012,8.69032e-15,5,4.99249,-4.68954,0.000751302,0.000751302
0.01201,1.13549e-14,5,4.99296,-4.68954,0.000704407,0.000704407
0.01202,4.36047e-15,5,4.99342,-4.68951,0.000657512,0.000657512
0.01203,2.23461e-14,5,4.99389,-4.68944,0.000610617,0.000610617
0.01204,1.06888e-14,5,4.99436,-4.68935,0.000563724,0.000563724
0.01205,1.72391e-14,5,4.99483,-4.68923,0.000516832,0.000516832
0.01206,7.91332e-15,5,4.9953,-4.68907,0.000469941,0.000469941
0.01207,1.36306e-15,5,4.99577,-4.68888,0.000423052,0.000423052
0.01208,5.24891e-15,5,4.99624,-4.68867,0.000376165,0.000376165
0.01209,8.91272e-15,5,4.99671,-4.68842,0.000329281,0.000329281
0.0121,4.80498e-15,5,4.99718,-4.68814,0.0002824,0.0002824
0.01211,6.4704e-15,5,4.99764,-4.68782,0.000235522,0.000235522
0.01212,5.58232e-15,5,4.99811,-4.68748,0.000188647,0.000188647
0.01213,3.9171e-15,5,4.99858,-4.68711,0.000141776,0.000141776
0.01214,3.02904e-15,5,4.99905,-4.6867,9.49087e-05,9.49087e-05
0.01215,-1.30071e-15,5,4.99952,-4.68626,4.8046e-05,4.8046e-05
0.01216,-7.45458e-16,5,4.99999,-4.6858,1.18806e-06,1.18806e-06
0.01217,-1.30043e-15,5,5.00046,-4.6853,-4.56649e-05,-4.56649e-05
0.01218,-2.85459e-15,5,5.00093,-4.68477,-9.25126e-05,-9.25126e-05
0.01219,-4.7418e-15,5,5.00139,-4.68421,-0.000139355,-0.000139355
0.0122,-3.74243e-15,5,5.00186,-4.68361,-0.000186191,-0.000186191
0.01221,-3.74226e-15,5,5.00233,-4.68299,-0.000233021,-0.000233021
0.01222,-5.18536e-15,5,5.0028,-4.68234,-0.000279844,-0.000279844
0.01223,-5.18516e-15,5,5.00327,-4.68165,-0.000326661,-0.000326661
0.01224,-1.73974e-14,5,5.00373,-4.68093,-0.00037347,-0.00037347
0.01225,-5.9619e-15,5,5.0042,-4.68018,-0.000420272,-0.000420272
0.01226,-1.7286e-14,5,5.00467,-4.6794,-0.000467066,-0.000467066
0.01227,-5.85043e-15,5,5.00514,-4.67859,-0.000513852,-0.000513852
0.01228,-1.53981e-14,5,5.00561,-4.67775,-0.000560629,-0.000560629
0.01229,-1.56199e-14,5,5.00607,-4.67688,-0.000607398,-0.000607398
0.0123,-2.26141e-14,5,5.00654,-4.67598,-0.000654158,-0.000654158
0.01231,-2.10595e-14,5,5.00701,-4.67504,-0.000700908,-0.000700908
0.01232,-6.84835e-15,5,5.00748,-4.67408,-0.000747649,-0.000747649
0.01233,-8.06931e-15,5,5.00794,-4.67308,-0.00079438,-0.00079438
0.01234,-2.15027e-14,5,5.00841,-4.67205,-0.0008411,-0.0008411
0.01235,-1.21765e-14,5,5.00888,-4.67099,-0.00088781,-0.00088781
0.01236,-2.74973e-14,5,5.00935,-4.6699,-0.000934509,-0.000934509
0.01237,-1.22869e-14,5,5.00981,-4.66878,-0.000981197,-0.000981197
0.01238,-2.16125e-14,5,5.01028,-4.66763,-0.00102787,-0.00102787
0.01239,-2.27224e-14,5,5.01075,-4.66645,-0.00107454,-0.00107454
0.0124,-2.19449e-14,5,5.01121,-4.66523,-0.00112119,-0.00112119
0.01241,-2.28327e-14,5,5.01168,-4.66399,-0.00116783,-0.00116783
0.01242,-2.54969e-14,5,5.01214,-4.66271,-0.00121446,-0.00121446
0.01243,-2.72729e-14,5,5.01261,-4.6614,-0.00126107,-0.00126107
0.01244,-2.21655e-14,5,5.01308,-4.66007,-0.00130767,-0.00130767
0.01245,-1.40392e-15,5,5.01354,-4.6587,-0.00135426,-0.00135426
0.01246,-5.22517e-14,5,5.01401,-4.6573,-0.00140083,-0.00140083
0.01247,-3.17122e-14,5,5.01447,-4.65587,-0.00144739,-0.00144739
0.01248,-4.93643e-14,5,5.01494,-4.65441,-0.00149393,-0.00149393
0.01249,-4.12593e-14,5,5.0154,-4.65291,-0.00154046,-0.00154046
0.0125,-2.57158e-14,5,5.01587,-4.65139,-0.00158698,-0.00158698
0.01251,-4.62544e-14,5,5.01633,-4.64984,-0.00163348,-0.00163348
0.01252,-2.96006e-14,5,5.0168,-4.64825,-0.00167996,-0.00167996
0.01253,-4.14796e-14,5,5.01726,-4.64664,-0.00172642,-0.00172642
0.01254,-5.95758e-14,5,5.01773,-4.64499,-0.00177287,-0.00177287
0.01255,-2.97103e-14,5,5.01819,-4.64331,-0.00181931,-0.00181931
0.01256,-3.69263e-14,5,5.01866,-4.64161,-0.00186572,-0.00186572
0.01257,-4.93603e-14,5,5.01912,-4.63987,-0.00191212,-0.00191212
0.01258,-3.23734e-14,5,5.01959,-4.6381,-0.0019585,-0.0019585
0.01259,-3.315e-14,5,5.02005,-4.6363,-0.00200487,-0.00200487
0.0126,-6.76774e-14,5,5.02051,-4.63447,-0.00205121,-0.00205121
0.01261,-6.3236e-14,5,5.02098,-4.6326,-0.00209754,-0.00209754
0.01262,-5.82395e-14,5,5.02144,-4.63071,-0.00214384,-0.00214384
0.01263,-3.07054e-14,5,5.0219,-4.62879,-0.00219013,-0.00219013
0.01264,-4.1363e-14,5,5.02236,-4.62684,-0.0022364,-0.0022364
0.01265,-6.20126e-14,5,5.02283,-4.62485,-0.00228265,-0.00228265
0.01266,-6.179e-14,5,5.02329,-4.62284,-0.00232888,-0.00232888
0.01267,-3.51441e-14,5,5.02375,-4.62079,-0.00237509,-0.00237509
0.01268,-3.02585e-14,5,5.02421,-4.61871,-0.00242127,-0.00242127
0.01269,-6.37866e-14,5,5.02467,-4.61661,-0.00246744,-0.00246744
0.0127,-6.42301e-14,5,5.02514,-4.61447,-0.00251358,-0.00251358
0.01271,-4.1914e-14,5,5.0256,-4.6123,-0.00255971,-0.00255971
0.01272,-6.15644e-14,5,5.02606,-4.6101,-0.00260581,-0.00260581
0.01273,-1.39352e-14,5,5.02652,-4.60788,-0.00265189,-0.00265189
0.01274,-7.0889e-14,5,5.02698,-4.60562,-0.00269794,-0.00269794
0.01275,-8.87629e-14,5,5.02744,-4.60333,-0.00274398,-0.00274398
0.01276,-6.28941e-14,5,5.0279,-4.60101,-0.00278999,-0.00278999
0.01277,-9.93088e-14,5,5.02836,-4.59866,-0.00283597,-0.00283597
0.01278,-7.36619e-14,5,5.02882,-4.59628,-0.00288193,-0.00288193
0.01279,-8.57627e-14,5,5.02928,-4.59386,-0.00292787,-0.00292787
0.0128,-6.22253e-14,5,5.02974,-4.59142,-0.00297379,-0.00297379
0.01281,-3.96871e-14,5,5.0302,-4.58895,-0.00301968,-0.00301968
0.01282,-5.24539e-14,5,5.03066,-4.58645,-0.00306554,-0.00306554
0.01283,-1.31279e-13,5,5.03111,-4.58392,-0.00311138,-0.00311138
0.01284,-7.67664e-14,5,5.03157,-4.58135,-0.00315719,-0.00315719
0.01285,-8.43152e-14,5,5.03203,-4.57876,-0.00320298,-0.00320298
0.01286,-6.2221e-14,5,5.03249,-4.57614,-0.00324874,-0.00324874
0.01287,-8.60901e-14,5,5.03294,-4.57348,-0.00329448,-0.00329448
0.01288,-5.81117e-14,5,5.0334,-4.5708,-0.00334019,-0.00334019
0.01289,-1.04629e-13,5,5.03386,-4.56808,-0.00338587,-0.00338587
0.0129,-6.52156e-14,5,5.03432,-4.56534,-0.00343152,-0.00343152
0.01291,-1.16951e-13,5,5.03477,-4.56257,-0.00347715,-0.00347715
0.01292,-1.49813e-13,5,5.03523,-4.55976,-0.00352274,-0.00352274
0.01293,-1.07957e-13,5,5.03568,-4.55693,-0.00356831,-0.00356831
0.01294,-1.02738e-13,5,5.03614,-4.55406,-0.00361385,-0.00361385
0.01295,-1.28827e-13,5,5.03659,-4.55117,-0.00365937,-0.00365937
0.01296,-6.43226e-14,5,5.03705,-4.54824,-0.00370485,-0.00370485
0.01297,-1.25384e-13,5,5.0375,-4.54529,-0.0037503,-0.0037503
0.01298,-1.27271e-13,5,5.03796,-4.5423,-0.00379572,-0.00379572
0.01299,-5.26628e-14,5,5.03841,-4.53929,-0.00384112,-0.00384112
0.013,-1.08506e-13,5,5.03886,-4.53624,-0.00388648,-0.00388648
0.01301,-4.45565e-14,5,5.03932,-4.53317,-0.00393181,-0.00393181
0.01302,-1.18496e-13,5,5.03977,-4.53007,-0.00397711,-0.00397711
0.01303,-7.38646e-14,5,5.04022,-4.52693,-0.00402238,-0.00402238
0.01304,-4.89947e-14,5,5.04068,-4.52377,-0.00406762,-0.00406762
0.01305,-6.55362e-14,5,5.04113,-4.52057,-0.00411282,-0.00411282
0.01306,-8.52972e-14,5,5.04158,-4.51735,-0.004158,-0.004158
0.01307,-6.73107e-14,5,5.04203,-4.5141,-0.00420314,-0.00420314
0.01308,-1.37698e-13,5,5.04248,-4.51081,-0.00424825,-0.00424825
0.01309,-7.91883e-14,5,5.04293,-4.5075,-0.00429332,-0.00429332
0.0131,-6.88623e-14,5,5.04338,-4.50416,-0.00433836,-0.00433836
0.01311,-5.36513e-14,5,5.04383,-4.50078,-0.00438337,-0.00438337
0.01312,-3.45545e-14,5,5.04428,-4.49738,-0.00442834,-0.00442834
0.01313,-6.64169e-14,5,5.04473,-4.49395,-0.00447328,-0.00447328
0.01314,-8.71771e-14,5,5.04518,-4.49049,-0.00451819,-0.00451819
0.01315,-1.45574e-13,5,5.04563,-4.487,-0.00456306,-0.00456306
0.01316,-1.17262e-13,5,5.04608,-4.48348,-0.00460789,-0.00460789
0.01317,-1.01718e-13,5,5.04653,-4.47993,-0.00465269,-0.00465269
0.01318,-1.39021e-13,5,5.04697,-4.47635,-0.00469746,-0.00469746
0.01319,-9.57209e-14,5,5.04742,-4.47274,-0.00474218,-0.00474218
0.0132,-1.19479e-13,5,5.04787,-4.4691,-0.00478688,-0.00478688
0.01321,-1.27804e-13,5,5.04832,-4.46544,-0.00483153,-0.00483153
0.01322,-9.21651e-14,5,5.04876,-4.46174,-0.00487615,-0.00487615
0.01323,-3.76521e-14,5,5.04921,-4.45801,-0.00492073,-0.00492073
0.01324,-1.00268e-13,5,5.04965,-4.45426,-0.00496527,-0.00496527
0.01325,-7.24e-14,5,5.0501,-4.45047,-0.00500977,-0.00500977
0.01326,-1.40622e-13,5,5.05054,-4.44666,-0.00505424,-0.00505424
0.01327,-9.13827e-14,5,5.05099,-4.44281,-0.00509867,-0.00509867
0.01328,-1.05814e-13,5,5.05143,-4.43894,-0.00514306,-0.00514306
0.01329,-2.10479e-14,5,5.05187,-4.43504,-0.00518741,-0.00518741
0.0133,-1.83084e-13,5,5.05232,-4.43111,-0.00523172,-0.00523172
0.01331,-1.38896e-13,5,5.05276,-4.42715,-0.00527599,-0.00527599
0.01332,-1.71813e-13,5,5.0532,-4.42316,-0.00532022,-0.00532022
0.01333,-2.20995e-13,5,5.05364,-4.41914,-0.00536441,-0.00536441
0.01334,-1.09139e-13,5,5.05409,-4.41509,-0.00540857,-0.00540857
0.01335,-1.10692e-13,5,5.05453,-4.41102,-0.00545268,-0.00545268
0.01336,-4.26339e-14,5,5.05497,-4.40691,-0.00549674,-0.00549674
0.01337,-5.98412e-14,5,5.05541,-4.40278,-0.00554077,-0.00554077
0.01338,-2.00783e-13,5,5.05585,-4.39862,-0.00558476,-0.00558476
0.01339,-4.63496e-14,5,5.05629,-4.39442,-0.0056287,-0.0056287
0.0134,-8.38185e-14,5,5.05673,-4.3902,-0.00567261,-0.00567261
0.01341,-2.29479e-13,5,5.05716,-4.38595,-0.00571646,-0.00571646
0.01342,-1.6897e-13,5,5.0576,-4.38167,-0.00576028,-0.00576028
0.01343,-1.5387e-13,5,5.05804,-4.37737,-0.00580406,-0.00580406
0.01344,-9.15853e-14,5,5.05848,-4.37303,-0.00584779,-0.00584779
0.01345,-1.14066e-13,5,5.05891,-4.36867,-0.00589147,-0.00589147
0.01346,-1.23002e-13,5,5.05935,-4.36427,-0.00593511,-0.00593511
0.01347,-1.74187e-14,5,5.05979,-4.35985,-0.00597871,-0.00597871
0.01348,-1.48035e-13,5,5.06022,-4.3554,-0.00602227,-0.00602227
0.01349,-6.68766e-14,5,5.06066,-4.35092,-0.00606578,-0.00606578
0.0135,-1.19111e-13,5,5.06109,-4.34642,-0.00610924,-0.00610924
0.01351,-7.84204e-14,5,5.06153,-4.34188,-0.00615266,-0.00615266
0.01352,-1.70512e-13,5,5.06196,-4.33732,-0.00619603,-0.00619603
0.01353,-4.98296e-14,5,5.06239,-4.33272,-0.00623936,-0.00623936
0.01354,-2.77313e-13,5,5.06283,-4.3281,-0.00628264,-0.00628264
0.01355,-1.60683e-13,5,5.06326,-4.32345,-0.00632588,-0.00632588
0.01356,-2.55439e-13,5,5.06369,-4.31877,-0.00636906,-0.00636906
0.01357,-9.07917e-14,5,5.06412,-4.31407,-0.0064122,-0.0064122
0.01358,-2.16579e-13,5,5.06455,-4.30933,-0.0064553,-0.0064553
0.01359,-2.70201e-13,5,5.06498,-4.30457,-0.00649834,-0.00649834
0.0136,1.39565e-16,5,5.06541,-4.29978,-0.00654134,-0.00654134
0.01361,-6.05328e-14,5,5.06584,-4.29496,-0.00658429,-0.00658429
0.01362,-8.13481e-14,5,5.06627,-4.29011,-0.00662719,-0.00662719
0.01363,-2.56706e-13,5,5.0667,-4.28524,-0.00667004,-0.00667004
0.01364,-9.63889e-14,5,5.06713,-4.28033,-0.00671285,-0.00671285
0.01365,-1.66735e-14,5,5.06756,-4.2754,-0.0067556,-0.0067556
0.01366,-9.01689e-14,5,5.06798,-4.27044,-0.00679831,-0.00679831
0.01367,-1.59112e-13,5,5.06841,-4.26546,-0.00684096,-0.00684096
0.01368,-1.76875e-13,5,5.06884,-4.26044,-0.00688356,-0.00688356
0.01369,-9.37174e-14,5,5.06926,-4.2554,-0.00692612,-0.00692612
0.0137,-1.98577e-13,5,5.06969,-4.25033,-0.00696862,-0.00696862
0.01371,-9.51024e-14,5,5.07011,-4.24523,-0.00701107,-0.00701107
0.01372,-6.65127e-14,5,5.07053,-4.2401,-0.00705348,-0.00705348
0.01373,-1.65876e-13,5,5.07096,-4.23495,-0.00709582,-0.00709582
0.01374,-2.16057e-13,5,5.07138,-4.22977,-0.00713812,-0.00713812
0.01375,-2.64572e-13,5,5.0718,-4.22456,-0.00718037,-0.00718037
0.01376,-2.42477e-13,5,5.07223,-4.21932,-0.00722256,-0.00722256
0.01377,-1.91628e-13,5,5.07265,-4.21406,-0.0072647,-0.0072647
0.01378,-2.65012e-13,5,5.07307,-4.20876,-0.00730679,-0.00730679
0.01379,-2.71838e-13,5,5.07349,-4.20345,-0.00734882,-0.00734882
0.0138,-1.32004e-13,5,5.07391,-4.1981,-0.0073908,-0.0073908
0.01381,-2.17601e-13,5,5.07433,-4.19272,-0.00743273,-0.00743273
0.01382,-2.15823e-13,5,5.07475,-4.18732,-0.00747461,-0.00747461
0.01383,-1.5215e-13,5,5.07516,-4.18189,-0.00751642,-0.00751642
0.01384,-1.6314e-13,5,5.07558,-4.17644,-0.00755819,-0.00755819
0.01385,-1.55089e-13,5,5.076,-4.17095,-0.0075999,-0.0075999
0.01386,-2.5906e-13,5,5.07642,-4.16544,-0.00764155,-0.00764155
0.01387,-2.62278e-13,5,5.07683,-4.1599,-0.00768315,-0.00768315
0.01388,-1.76678e-13,5,5.07725,-4.15434,-0.00772469,-0.00772469
0.01389,-1.25107e-13,5,5.07766,-4.14875,-0.00776618,-0.00776618
0.0139,-1.14114e-13,5,5.07808,-4.14313,-0.00780761,-0.00780761
0.01391,-1.47419e-13,5,5.07849,-4.13748,-0.00784899,-0.00784899
0.01392,-2.26188e-13,5,5.0789,-4.13181,-0.00789031,-0.00789031
0.01393,-1.21381e-13,5,5.07932,-4.12611,-0.00793157,-0.00793157
0.01394,-2.83472e-13,5,5.07973,-4.12038,-0.00797277,-0.00797277
0.01395,-1.37088e-13,5,5.08014,-4.11463,-0.00801392,-0.00801392
0.01396,-2.40948e-13,5,5.08055,-4.10884,-0.00805501,-0.00805501
0.01397,-2.41668e-13,5,5.08096,-4.10304,-0.00809604,-0.00809604
0.01398,-1.2426e-13,5,5.08137,-4.0972,-0.00813701,-0.00813701
0.01399,-9.84457e-14,5,5.08178,-4.09134,-0.00817792,-0.00817792
0.014,-1.43741e-13,5,5.08219,-4.08545,-0.00821878,-0.00821878
0.01401,-1.23644e-13,5,5.0826,-4.07954,-0.00825957,-0.00825957
0.01402,-2.39772e-13,5,5.083,-4.0736,-0.00830031,-0.00830031
0.01403,-1.22753e-13,5,5.08341,-4.06763,-0.00834098,-0.00834098
0.01404,-8.27278e-14,5,5.08382,-4.06164,-0.0083816,-0.0083816
0.01405,-1.99744e-13,5,5.08422,-4.05562,-0.00842216,-0.00842216
0.01406,-9.64912e-14,5,5.08463,-4.04957,-0.00846265,-0.00846265
0.01407,-7.51732e-14,5,5.08503,-4.0435,-0.00850309,-0.00850309
0.01408,-2.07954e-13,5,5.08543,-4.0374,-0.00854346,-0.00854346
0.01409,-1.09642e-13,5,5.08584,-4.03127,-0.00858377,-0.00858377
0.0141,-7.45575e-14,5,5.08624,-4.02512,-0.00862403,-0.00862403
0.01411,-1.67037e-13,5,5.08664,-4.01894,-0.00866421,-0.00866421
0.01412,-3.35012e-13,5,5.08704,-4.01274,-0.00870434,-0.00870434
0.01413,-1.8291e-13,5,5.08744,-4.00651,-0.00874441,-0.00874441
0.01414,-2.21933e-13,5,5.08784,-4.00025,-0.00878441,-0.00878441
0.01415,-5.11786e-14,5,5.08824,-3.99397,-0.00882435,-0.00882435
0.01416,-1.76743e-13,5,5.08864,-3.98766,-0.00886423,-0.00886423
0.01417,-1.92507e-13,5,5.08904,-3.98133,-0.00890404,-0.00890404
0.01418,-1.44654e-13,5,5.08944,-3.97497,-0.00894379,-0.00894379
0.01419,-1.90449e-13,5,5.08983,-3.96858,-0.00898347,-0.00898347
0.0142,-1.43374e-13,5,5.09023,-3.96217,-0.0090231,-0.0090231
0.01421,-2.69271e-13,5,5.09063,-3.95573,-0.00906265,-0.00906265
0.01422,-1.49088e-13,5,5.09102,-3.94927,-0.00910215,-0.00910215
0.01423,-1.57246e-13,5,5.09142,-3.94278,-0.00914157,-0.00914157
0.01424,-2.10702e-13,5,5.09181,-3.93627,-0.00918094,-0.00918094
0.01425,-2.23856e-13,5,5.0922,-3.92973,-0.00922023,-0.00922023
0.01426,-2.22466e-13,5,5.09259,-3.92316,-0.00925947,-0.00925947
0.01427,-1.15661e-13,5,5.09299,-3.91657,-0.00929863,-0.00929863
0.01428,-2.65206e-13,5,5.09338,-3.90995,-0.00933773,-0.00933773
0.01429,-2.34174e-13,5,5.09377,-3.90331,-0.00937676,-0.00937676
0.0143,-1.51738e-13,5,5.09416,-3.89665,-0.00941573,-0.00941573
0.01431,-2.58206e-13,5,5.09455,-3.88995,-0.00945463,-0.00945463
0.01432,-2.22899e-13,5,5.09493,-3.88324,-0.00949346,-0.00949346
0.01433,-1.67331e-13,5,5.09532,-3.87649,-0.00953223,-0.00953223
0.01434,-2.10572e-13,5,5.09571,-3.86973,-0.00957092,-0.00957092
0.01435,-1.28136e-13,5,5.0961,-3.86293,-0.00960955,-0.00960955
0.01436,-1.47619e-13,5,5.09648,-3.85612,-0.00964812,-0.00964812
0.01437,-1.53334e-13,5,5.09687,-3.84927,-0.00968661,-0.00968661
0.01438,-1.40565e-13,5,5.09725,-3.84241,-0.00972503,-0.00972503
0.01439,-1.02205e-13,5,5.09763,-3.83551,-0.00976339,-0.00976339
0.0144,-2.55913e-13,5,5.09802,-3.8286,-0.00980167,-0.00980167
0.01441,-2.48695e-13,5,5.0984,-3.82165,-0.00983989,-0.00983989
0.01442,-1.79582e-13,5,5.09878,-3.81469,-0.00987804,-0.00987804
0.01443,-1.45218e-13,5,5.09916,-3.8077,-0.00991611,-0.00991611
0.01444,-3.53494e-13,5,5.09954,-3.80068,-0.00995412,-0.00995412
0.01445,-2.14048e-13,5,5.09992,-3.79364,-0.00999206,-0.00999206
0.01446,-2.70945e-13,5,5.1003,-3.78657,-0.0100299,-0.0100299
0.01447,-1.56091e-13,5,5.10068,-3.77948,-0.0100677,-0.0100677
0.01448,-1.81402e-13,5,5.10105,-3.77237,-0.0101054,-0.0101054
0.01449,-2.01384e-13,5,5.10143,-3.76523,-0.0101431,-0.0101431
0.0145,-1.81897e-13,5,5.10181,-3.75807,-0.0101807,-0.0101807
0.01451,-1.99992e-13,5,5.10218,-3.75088,-0.0102182,-0.0102182
0.01452,-2.16588e-13,5,5.10256,-3.74367,-0.0102556,-0.0102556
0.01453,-3.04016e-13,5,5.10293,-3.73643,-0.010293,-0.010293
0.01454,3.63806e-14,5,5.1033,-3.72917,-0.0103303,-0.0103303
0.01455,-5.8708e-14,5,5.10367,-3.72189,-0.0103675,-0.0103675
0.01456,-3.13114e-13,5,5.10405,-3.71458,-0.0104046,-0.0104046
0.01457,-2.2113e-13,5,5.10442,-3.70725,-0.0104417,-0.0104417
0.01458,-4.11309e-13,5,5.10479,-3.69989,-0.0104787,-0.0104787
0.01459,-1.45686e-13,5,5.10516,-3.69251,-0.0105156,-0.0105156
0.0146,-4.83172e-14,5,5.10552,-3.68511,-0.0105525,-0.0105525
0.01461,-2.85681e-13,5,5.10589,-3.67768,-0.0105893,-0.0105893
0.01462,-1.12928e-13,5,5.10626,-3.67023,-0.010626,-0.010626
0.01463,-1.46732e-13,5,5.10663,-3.66276,-0.0106626,-0.0106626
0.01464,-3.19314e-13,5,5.10699,-3.65526,-0.0106991,-0.0106991
0.01465,-3.33301e-13,5,5.10736,-3.64774,-0.0107356,-0.0107356
0.01466,-3.43624e-13,5,5.10772,-3.64019,-0.010772,-0.010772
0.01467,-2.75621e-13,5,5.10808,-3.63262,-0.0108084,-0.0108084
0.01468,-5.19642e-14,5,5.10845,-3.62503,-0.0108446,-0.0108446
0.01469,-4.81318e-14,5,5.10881,-3.61742,-0.0108808,-0.0108808
0.0147,-4.09674e-13,5,5.10917,-3.60978,-0.0109169,-0.0109169
0.01471,-3.7037e-13,5,5.10953,-3.60211,-0.0109529,-0.0109529
0.01472,-2.98536e-13,5,5.10989,-3.59443,-0.0109888,-0.0109888
0.01473,-1.05466e-13,5,5.11025,-3.58672,-0.0110247,-0.0110247
0.01474,-3.82243e-13,5,5.1106,-3.57899,-0.0110605,-0.0110605
0.01475,-3.5343e-13,5,5.11096,-3.57123,-0.0110962,-0.0110962
0.01476,-1.50646e-13,5,5.11132,-3.56346,-0.0111318,-0.0111318
0.01477,-3.58144e-13,5,5.11167,-3.55566,-0.0111674,-0.0111674
0.01478,-4.20981e-13,5,5.11203,-3.54783,-0.0112029,-0.0112029
0.01479,-4.64055e-13,5,5.11238,-3.53999,-0.0112383,-0.0112383
0.0148,-1.55078e-13,5,5.11274,-3.53212,-0.0112736,-0.0112736
0.01481,-6.92001e-14,5,5.11309,-3.52423,-0.0113088,-0.0113088
0.01482,-9.71755e-14,5,5.11344,-3.51631,-0.011344,-0.011344
0.01483,-1.27371e-13,5,5.11379,-3.50838,-0.0113791,-0.0113791
0.01484,-2.73308e-13,5,5.11414,-3.50042,-0.0114141,-0.0114141
0.01485,-1.91593e-13,5,5.11449,-3.49243,-0.011449,-0.011449
0.01486,-2.1857e-13,5,5.11484,-3.48443,-0.0114839,-0.0114839
0.01487,-4.61096e-13,5,5.11519,-3.4764,-0.0115186,-0.0115186
0.01488,-1.14315e-13,5,5.11553,-3.46835,-0.0115533,-0.0115533
0.01489,-4.17404e-13,5,5.11588,-3.46028,-0.0115879,-0.0115879
0.0149,-3.33635e-13,5,5.11622,-3.45219,-0.0116224,-0.0116224
0.01491,-1.88249e-13,5,5.11657,-3.44407,-0.0116569,-0.0116569
0.01492,-7.70582e-14,5,5.11691,-3.43594,-0.0116912,-0.0116912
0.01493,-5.48346e-13,5,5.11726,-3.42778,-0.0117255,-0.0117255
0.01494,-3.29074e-13,5,5.1176,-3.41959,-0.0117597,-0.0117597
0.01495,-4.17834e-13,5,5.11794,-3.41139,-0.0117938,-0.0117938
0.01496,-4.4692e-13,5,5.11828,-3.40316,-0.0118279,-0.0118279
0.01497,-4.62936e-14,5,5.11862,-3.39492,-0.0118618,-0.0118618
0.01498,-4.35424e-13,5,5.11896,-3.38665,-0.0118957,-0.0118957
0.01499,-3.30506e-13,5,5.11929,-3.37836,-0.0119295,-0.0119295
0.015,-2.64445e-13,5,5.11963,-3.37005,-0.0119632,-0.0119632
0.01501,-3.13293e-13,5,5.11997,-3.36171,-0.0119968,-0.0119968
0.01502,-3.23727e-13,5,5.1203,-3.35336,-0.0120303,-0.0120303
0.01503,-1.40149e-13,5,5.12064,-3.34498,-0.0120638,-0.0120638
0.01504,-2.86974e-13,5,5.12097,-3.33658,-0.0120971,-0.0120971
0.01505,-1.4947e-13,5,5.1213,-3.32816,-0.0121304,-0.0121304
0.01506,-2.47834e-13,5,5.12164,-3.31972,-0.0121636,-0.0121636
0.01507,-1.90655e-13,5,5.12197,-3.31126,-0.0121967,-0.0121967
0.01508,-2.66314e-13,5,5.1223,-3.30277,-0.0122297,-0.0122297
0.01509,-3.06613e-13,5,5.12263,-3.29427,-0.0122627,-0.0122627
0.0151,-1.41021e-13,5,5.12296,-3.28574,-0.0122955,-0.0122955
0.01511,-2.7913e-13,5,5.12328,-3.2772,-0.0123283,-0.0123283
0.01512,-9.15556e-14,5,5.12361,-3.26863,-0.012361,-0.012361
0.01513,-8.37261e-14,5,5.12394,-3.26004,-0.0123936,-0.0123936
0.01514,-7.67848e-14,5,5.12426,-3.25143,-0.0124261,-0.0124261
0.01515,-1.1725e-13,5,5.12459,-3.2428,-0.0124585,-0.0124585
0.01516,-2.2157e-14,5,5.12491,-3.23415,-0.0124909,-0.0124909
0.01517,-2.88664e-13,5,5.12523,-3.22548,-0.0125231,-0.0125231
0.01518,-2.74894e-13,5,5.12555,-3.21679,-0.0125553,-0.0125553
0.01519,-4.73789e-13,5,5.12587,-3.20808,-0.0125874,-0.0125874
0.0152,-2.39585e-13,5,5.12619,-3.19934,-0.0126194,-0.0126194
0.01521,-5.15806e-13,5,5.12651,-3.19059,-0.0126513,-0.0126513
0.01522,-4.25153e-13,5,5.12683,-3.18182,-0.0126831,-0.0126831
0.01523,-2.25033e-13,5,5.12715,-3.17302,-0.0127148,-0.0127148
0.01524,-1.71019e-13,5,5.12746,-3.16421,-0.0127465,-0.0127465
0.01525,-5.16462e-13,5,5.12778,-3.15537,-0.012778,-0.012778
0.01526,-3.75961e-13,5,5.12809,-3.14652,-0.0128095,-0.0128095
0.01527,-4.53674e-13,5,5.12841,-3.13765,-0.0128409,-0.0128409
0.01528,-3.14838e-13,5,5.12872,-3.12875,-0.0128722,-0.0128722
0.01529,-4.32408e-13,5,5.12903,-3.11984,-0.0129034,-0.0129034
0.0153,-3.6768e-13,5,5.12934,-3.1109,-0.0129345,-0.0129345
0.01531,-3.62071e-13,5,5.12965,-3.10195,-0.0129655,-0.0129655
0.01532,-4.27738e-13,5,5.12996,-3.09298,-0.0129964,-0.0129964
0.01533,-1.20092e-13,5,5.13027,-3.08398,-0.0130273,-0.0130273
0.01534,-1.29582e-13,5,5.13058,-3.07497,-0.013058,-0.013058
0.01535,-2.34829e-13,5,5.13089,-3.06594,-0.0130887,-0.0130887
0.01536,-4.40384e-13,5,5.13119,-3.05688,-0.0131192,-0.0131192
0.01537,-5.2115e-13,5,5.1315,-3.04781,-0.0131497,-0.0131497
0.01538,-2.27133e-14,5,5.1318,-3.03872,-0.0131801,-0.0131801
0.01539,-8.05534e-14,5,5.1321,-3.02961,-0.0132104,-0.0132104
0.0154,-2.36537e-13,5,5.13241,-3.02048,-0.0132406,-0.0132406
0.01541,-4.85169e-13,5,5.13271,-3.01134,-0.0132707,-0.0132707
0.01542,-3.64541e-13,5,5.13301,-3.00217,-0.0133007,-0.0133007
0.01543,-9.29778e-14,5,5.13331,-2.99298,-0.0133307,-0.0133307
0.01544,-1.13958e-13,5,5.13361,-2.98378,-0.0133605,-0.0133605
0.01545,-1.87342e-13,5,5.1339,-2.97455,-0.0133902,-0.0133902
0.01546,-2.98306e-13,5,5.1342,-2.96531,-0.0134199,-0.0134199
0.01547,-4.30031e-13,5,5.13449,-2.95605,-0.0134495,-0.0134495
0.01548,-3.36603e-13,5,5.13479,-2.94677,-0.0134789,-0.0134789
0.01549,-4.52342e-13,5,5.13508,-2.93747,-0.0135083,-0.0135083
0.0155,-3.00294e-13,5,5.13538,-2.92815,-0.0135376,-0.0135376
0.01551,-3.10949e-13,5,5.13567,-2.91881,-0.0135668,-0.0135668
0.01552,-2.30955e-13,5,5.13596,-2.90946,-0.0135959,-0.0135959
0.01553,-3.24448e-14,5,5.13625,-2.90008,-0.0136249,-0.0136249
0.01554,-3.67952e-13,5,5.13654,-2.89069,-0.0136538,-0.0136538
0.01555,-2.96395e-13,5,5.13683,-2.88128,-0.0136826,-0.0136826
0.01556,-2.39271e-13,5,5.13711,-2.87186,-0.0137113,-0.0137113
0.01557,-3.88816e-13,5,5.1374,-2.86241,-0.0137399,-0.0137399
0.01558,-2.59369e-14,5,5.13768,-2.85294,-0.0137685,-0.0137685
0.01559,-2.48812e-13,5,5.13797,-2.84346,-0.0137969,-0.0137969
0.0156,-3.34685e-13,5,5.13825,-2.83396,-0.0138252,-0.0138252
0.01561,-4.68741e-13,5,5.13853,-2.82444,-0.0138535,-0.0138535
0.01562,-1.52048e-13,5,5.13882,-2.81491,-0.0138816,-0.0138816
0.01563,-2.08721e-14,5,5.1391,-2.80535,-0.0139097,-0.0139097
0.01564,-4.82334e-13,5,5.13938,-2.79578,-0.0139376,-0.0139376
0.01565,-3.50048e-13,5,5.13966,-2.78619,-0.0139655,-0.0139655
0.01566,-2.55121e-13,5,5.13993,-2.77659,-0.0139933,-0.0139933
0.01567,-1.44651e-13,5,5.14021,-2.76696,-0.0140209,-0.0140209
0.01568,-1.91167e-13,5,5.14049,-2.75732,-0.0140485,-0.0140485
0.01569,-5.65809e-13,5,5.14076,-2.74766,-0.014076,-0.014076
0.0157,-7.3589e-14,5,5.14103,-2.73799,-0.0141034,-0.0141034
0.01571,-2.46226e-13,5,5.14131,-2.72829,-0.0141306,-0.0141306
0.01572,-1.12774e-13,5,5.14158,-2.71858,-0.0141578,-0.0141578
0.01573,-5.19335e-13,5,5.14185,-2.70886,-0.0141849,-0.0141849
0.01574,-2.64148e-13,5,5.14212,-2.69911,-0.0142119,-0.0142119
0.01575,-1.90038e-13,5,5.14239,-2.68935,-0.0142388,-0.0142388
0.01576,-2.28671e-13,5,5.14266,-2.67957,-0.0142656,-0.0142656
0.01577,-5.37366e-13,5,5.14292,-2.66978,-0.0142923,-0.0142923
0.01578,-3.62225e-13,5,5.14319,-2.65997,-0.0143189,-0.0143189
0.01579,-5.39525e-13,5,5.14345,-2.65014,-0.0143454,-0.0143454
0.0158,-3.12093e-13,5,5.14372,-2.64029,-0.0143718,-0.0143718
0.01581,-5.78495e-14,5,5.14398,-2.63043,-0.0143981,-0.0143981
0.01582,-3.807e-13,5,5.14424,-2.62055,-0.0144243,-0.0144243
0.01583,-5.1842e-13,5,5.1445,-2.61066,-0.0144504,-0.0144504
0.01584,-6.16894e-13,5,5.14476,-2.60075,-0.0144764,-0.0144764
0.01585,-3.65481e-13,5,5.14502,-2.59082,-0.0145023,-0.0145023
0.01586,-3.61426e-13,5,5.14528,-2.58087,-0.0145281,-0.0145281
0.01587,-6.34951e-14,5,5.14554,-2.57092,-0.0145539,-0.0145539
0.01588,-2.93086e-13,5,5.14579,-2.56094,-0.0145795,-0.0145795
0.01589,-2.78373e-13,5,5.14605,-2.55095,-0.014605,-0.014605
0.0159,-3.82787e-13,5,5.1463,-2.54094,-0.0146304,-0.0146304
0.01591,-2.8625e-13,5,5.14656,-2.53092,-0.0146557,-0.0146557
0.01592,-5.76349e-13,5,5.14681,-2.52088,-0.0146809,-0.0146809
0.01593,-2.47553e-13,5,5.14706,-2.51082,-0.014706,-0.014706
0.01594,-3.39088e-13,5,5.14731,-2.50075,-0.014731,-0.014731
0.01595,-2.97119e-13,5,5.14756,-2.49066,-0.0147559,-0.0147559
0.01596,-2.48378e-13,5,5.14781,-2.48056,-0.0147807,-0.0147807
0.01597,-3.17875e-13,5,5.14805,-2.47045,-0.0148054,-0.0148054
0.01598,-4.0186e-13,5,5.1483,-2.46031,-0.01483,-0.01483
0.01599,-3.95085e-13,5,5.14855,-2.45016,-0.0148545,-0.0148545
0.016,-4.18064e-13,5,5.14879,-2.44,-0.0148789,-0.0148789
0.01601,-1.3501e-13,5,5.14903,-2.42982,-0.0149032,-0.0149032
0.01602,-3.45561e-13,5,5.14927,-2.41963,-0.0149274,-0.0149274
0.01603,-2.5624e-13,5,5.14952,-2.40942,-0.0149515,-0.0149515
0.01604,-2.08942e-13,5,5.14976,-2.3992,-0.0149755,-0.0149755
0.01605,-5.44005e-13,5,5.14999,-2.38896,-0.0149994,-0.0149994
0.01606,-2.36137e-13,5,5.15023,-2.37871,-0.0150232,-0.0150232
0.01607,-3.04801e-13,5,5.15047,-2.36844,-0.0150469,-0.0150469
0.01608,-1.76568e-13,5,5.1507,-2.35815,-0.0150705,-0.0150705
0.01609,-4.13209e-13,5,5.15094,-2.34786,-0.0150939,-0.0150939
0.0161,-2.10979e-13,5,5.15117,-2.33755,-0.0151173,-0.0151173
0.01611,-1.28764e-13,5,5.15141,-2.32722,-0.0151406,-0.0151406
0.01612,-4.968e-13,5,5.15164,-2.31688,-0.0151638,-0.0151638
0.01613,-2.79416e-13,5,5.15187,-2.30652,-0.0151868,-0.0151868
0.01614,-2.58818e-13,5,5.1521,-2.29615,-0.0152098,-0.0152098
0.01615,-3.06e-13,5,5.15233,-2.28577,-0.0152326,-0.0152326
0.01616,-6.3413e-14,5,5.15255,-2.27537,-0.0152554,-0.0152554
0.01617,-3.08714e-13,5,5.15278,-2.26496,-0.015278,-0.015278
0.01618,-4.54206e-13,5,5.15301,-2.25453,-0.0153006,-0.0153006
0.01619,-1.379e-13,5,5.15323,-2.24409,-0.015323,-0.015323
0.0162,-3.6083e-13,5,5.15345,-2.23364,-0.0153454,-0.0153454
0.01621,-5.3108e-13,5,5.15368,-2.22317,-0.0153676,-0.0153676
0.01622,-5.09872e-13,5,5.1539,-2.21269,-0.0153897,-0.0153897
0.01623,-3.84691e-13,5,5.15412,-2.2022,-0.0154117,-0.0154117
0.01624,-4.68954e-13,5,5.15434,-2.19169,-0.0154337,-0.0154337
0.01625,-3.92568e-13,5,5.15455,-2.18117,-0.0154555,-0.0154555
0.01626,-2.38966e-13,5,5.15477,-2.17063,-0.0154772,-0.0154772
0.01627,-3.17344e-13,5,5.15499,-2.16008,-0.0154988,-0.0154988
0.01628,-4.81155e-13,5,5.1552,-2.14952,-0.0155203,-0.0155203
0.01629,-3.55003e-13,5,5.15542,-2.13895,-0.0155417,-0.0155417
0.0163,-4.71629e-13,5,5.15563,-2.12836,-0.015563,-0.015563
0.01631,-4.5303e-13,5,5.15584,-2.11776,-0.0155841,-0.0155841
0.01632,-3.74673e-13,5,5.15605,-2.10714,-0.0156052,-0.0156052
0.01633,-5.38122e-13,5,5.15626,-2.09652,-0.0156262,-0.0156262
0.01634,-5.61434e-13,5,5.15647,-2.08588,-0.015647,-0.015647
0.01635,-2.88844e-13,5,5.15668,-2.07522,-0.0156678,-0.0156678
0.01636,-4.72777e-13,5,5.15688,-2.06456,-0.0156884,-0.0156884
0.01637,-5.00196e-13,5,5.15709,-2.05388,-0.015709,-0.015709
0.01638,-4.38937e-13,5,5.15729,-2.04319,-0.0157294,-0.0157294
0.01639,-3.55473e-13,5,5.1575,-2.03249,-0.0157497,-0.0157497
0.0164,-5.4257e-13,5,5.1577,-2.02177,-0.0157699,-0.0157699
0.01641,-1.54739e-13,5,5.1579,-2.01104,-0.01579,-0.01579
0.01642,-3.91768e-13,5,5.1581,-2.0003,-0.01581,-0.01581
0.01643,-4.05782e-13,5,5.1583,-1.98955,-0.0158299,-0.0158299
0.01644,-4.84549e-13,5,5.1585,-1.97879,-0.0158497,-0.0158497
0.01645,-2.32581e-13,5,5.15869,-1.96801,-0.0158694,-0.0158694
0.01646,-3.90008e-13,5,5.15889,-1.95722,-0.015889,-0.015889
0.01647,-3.31524e-13,5,5.15908,-1.94642,-0.0159084,-0.0159084
0.01648,-3.40153e-13,5,5.15928,-1.93561,-0.0159278,-0.0159278
0.01649,-4.70434e-13,5,5.15947,-1.92479,-0.0159471,-0.0159471
0.0165,-9.34829e-14,5,5.15966,-1.91395,-0.0159662,-0.0159662
0.01651,-1.70973e-13,5,5.15985,-1.9031,-0.0159852,-0.0159852
0.01652,-2.99146e-13,5,5.16004,-1.89224,-0.0160041,-0.0160041
0.01653,-3.00475e-13,5,5.16023,-1.88137,-0.016023,-0.016023
0.01654,-2.23672e-13,5,5.16042,-1.87049,-0.0160417,-0.0160417
0.01655,-3.43712e-13,5,5.1606,-1.8596,-0.0160603,-0.0160603
0.01656,-4.79628e-13,5,5.16079,-1.8487,-0.0160787,-0.0160787
0.01657,-2.22109e-13,5,5.16097,-1.83778,-0.0160971,-0.0160971
0.01658,-2.97407e-13,5,5.16115,-1.82685,-0.0161154,-0.0161154
0.01659,-6.65883e-14,5,5.16134,-1.81592,-0.0161336,-0.0161336
0.0166,-2.53769e-13,5,5.16152,-1.80497,-0.0161516,-0.0161516
0.01661,-2.1785e-13,5,5.1617,-1.79401,-0.0161695,-0.0161695
0.01662,-4.53381e-13,5,5.16187,-1.78304,-0.0161874,-0.0161874
0.01663,-5.44444e-13,5,5.16205,-1.77206,-0.0162051,-0.0162051
0.01664,-3.01441e-13,5,5.16223,-1.76107,-0.0162227,-0.0162227
0.01665,-4.43102e-13,5,5.1624,-1.75007,-0.0162402,-0.0162402
0.01666,-3.22973e-13,5,5.16258,-1.73905,-0.0162576,-0.0162576
0.01667,-2.02982e-13,5,5.16275,-1.72803,-0.0162749,-0.0162749
0.01668,-1.16771e-13,5,5.16292,-1.717,-0.016292,-0.016292
0.01669,-3.24129e-13,5,5.16309,-1.70595,-0.0163091,-0.0163091
0.0167,-4.01898e-13,5,5.16326,-1.6949,-0.0163261,-0.0163261
0.01671,-3.8055e-13,5,5.16343,-1.68384,-0.0163429,-0.0163429
0.01672,-5.16938e-13,5,5.1636,-1.67276,-0.0163596,-0.0163596
0.01673,-3.84819e-13,5,5.16376,-1.66168,-0.0163762,-0.0163762
0.01674,-2.39099e-13,5,5.16393,-1.65059,-0.0163927,-0.0163927
0.01675,-5.61005e-13,5,5.16409,-1.63948,-0.0164091,-0.0164091
0.01676,-4.66605e-13,5,5.16425,-1.62837,-0.0164254,-0.0164254
0.01677,-4.35238e-13,5,5.16442,-1.61725,-0.0164416,-0.0164416
0.01678,-2.6315e-13,5,5.16458,-1.60612,-0.0164577,-0.0164577
0.01679,-2.00364e-13,5,5.16474,-1.59497,-0.0164736,-0.0164736
0.0168,-2.68668e-13,5,5.16489,-1.58382,-0.0164894,-0.0164894
0.01681,-2.61393e-13,5,5.16505,-1.57266,-0.0165052,-0.0165052
0.01682,-1.98468e-13,5,5.16521,-1.56149,-0.0165208,-0.0165208
0.01683,-3.26168e-13,5,5.16536,-1.55031,-0.0165363,-0.0165363
0.01684,-4.35133e-13,5,5.16552,-1.53912,-0.0165517,-0.0165517
0.01685,-8.77968e-14,5,5.16567,-1.52793,-0.016567,-0.016567
0.01686,-4.37153e-13,5,5.16582,-1.51672,-0.0165821,-0.0165821
0.01687,-3.61766e-13,5,5.16597,-1.5055,-0.0165972,-0.0165972
0.01688,-3.3076e-13,5,5.16612,-1.49428,-0.0166121,-0.0166121
0.01689,-1.30306e-13,5,5.16627,-1.48305,-0.016627,-0.016627
0.0169,-2.27919e-13,5,5.16642,-1.47181,-0.0166417,-0.0166417
0.01691,-6.35396e-13,5,5.16656,-1.46056,-0.0166563,-0.0166563
0.01692,-2.2683e-13,5,5.16671,-1.4493,-0.0166708,-0.0166708
0.01693,-6.04026e-13,5,5.16685,-1.43803,-0.0166852,-0.0166852
0.01694,-1.84608e-13,5,5.16699,-1.42675,-0.0166994,-0.0166994
0.01695,-5.68742e-13,5,5.16714,-1.41547,-0.0167136,-0.0167136
0.01696,-1.72361e-13,5,5.16728,-1.40418,-0.0167276,-0.0167276
0.01697,-5.93993e-13,5,5.16742,-1.39288,-0.0167415,-0.0167415
0.01698,-2.47961e-13,5,5.16755,-1.38157,-0.0167554,-0.0167554
0.01699,-5.03809e-13,5,5.16769,-1.37025,-0.0167691,-0.0167691
0.017,-2.29054e-13,5,5.16783,-1.35893,-0.0167827,-0.0167827
0.01701,-1.09479e-13,5,5.16796,-1.3476,-0.0167961,-0.0167961
0.01702,-3.75291e-13,5,5.16809,-1.33626,-0.0168095,-0.0168095
0.01703,-3.46478e-13,5,5.16823,-1.32491,-0.0168227,-0.0168227
0.01704,-4.79119e-13,5,5.16836,-1.31355,-0.0168359,-0.0168359
0.01705,-3.19105e-13,5,5.16849,-1.30219,-0.0168489,-0.0168489
0.01706,-5.48307e-13,5,5.16862,-1.29082,-0.0168618,-0.0168618
0.01707,-4.83717e-13,5,5.16875,-1.27944,-0.0168746,-0.0168746
0.01708,-1.23724e-13,5,5.16887,-1.26806,-0.0168873,-0.0168873
0.01709,-6.02809e-13,5,5.169,-1.25667,-0.0168998,-0.0168998
0.0171,-3.26277e-13,5,5.16912,-1.24527,-0.0169123,-0.0169123
0.01711,-1.99848e-13,5,5.16925,-1.23386,-0.0169246,-0.0169246
0.01712,-2.19079e-13,5,5.16937,-1.22245,-0.0169369,-0.0169369
0.01713,-1.51297e-13,5,5.16949,-1.21103,-0.016949,-0.016949
0.01714,-4.45503e-13,5,5.16961,-1.1996,-0.016961,-0.016961
0.01715,-1.85569e-13,5,5.16973,-1.18816,-0.0169728,-0.0169728
0.01716,-5.0123e-13,5,5.16985,-1.17672,-0.0169846,-0.0169846
0.01717,-2.47679e-13,5,5.16996,-1.16528,-0.0169963,-0.0169963
0.01718,-3.25891e-13,5,5.17008,-1.15382,-0.0170078,-0.0170078
0.01719,-2.71987e-13,5,5.17019,-1.14236,-0.0170192,-0.0170192
0.0172,-3.03458e-13,5,5.17031,-1.13089,-0.0170305,-0.0170305
0.01721,-1.82496e-13,5,5.17042,-1.11942,-0.0170417,-0.0170417
0.01722,-3.52801e-13,5,5.17053,-1.10794,-0.0170528,-0.0170528
0.01723,-1.2054e-13,5,5.17064,-1.09646,-0.0170638,-0.0170638
0.01724,-1.55536e-13,5,5.17075,-1.08497,-0.0170746,-0.0170746
0.01725,-4.4494e-13,5,5.17085,-1.07347,-0.0170854,-0.0170854
0.01726,-5.20432e-13,5,5.17096,-1.06196,-0.017096,-0.017096
0.01727,-3.68023e-13,5,5.17106,-1.05045,-0.0171065,-0.0171065
0.01728,-2.00349e-13,5,5.17117,-1.03894,-0.0171169,-0.0171169
0.01729,-4.56974e-13,5,5.17127,-1.02742,-0.0171272,-0.0171272
0.0173,-4.39998e-13,5,5.17137,-1.01589,-0.0171373,-0.0171373
0.01731,-1.33087e-13,5,5.17147,-1.00436,-0.0171474,-0.0171474
0.01732,-4.28806e-13,5,5.17157,-0.992823,-0.0171573,-0.0171573
0.01733,-1.7291e-13,5,5.17167,-0.98128,-0.0171671,-0.0171671
0.01734,-2.56909e-13,5,5.17177,-0.969732,-0.0171768,-0.0171768
0.01735,-2.07612e-13,5,5.17186,-0.958178,-0.0171864,-0.0171864
0.01736,-2.33338e-13,5,5.17196,-0.94662,-0.0171958,-0.0171958
0.01737,-3.14631e-13,5,5.17205,-0.935056,-0.0172052,-0.0172052
0.01738,-4.31479e-13,5,5.17214,-0.923488,-0.0172144,-0.0172144
0.01739,-5.6337e-13,5,5.17224,-0.911914,-0.0172235,-0.0172235
0.0174,-2.34588e-13,5,5.17233,-0.900336,-0.0172325,-0.0172325
0.01741,-3.33201e-13,5,5.17241,-0.888753,-0.0172414,-0.0172414
0.01742,-6.09851e-13,5,5.1725,-0.877165,-0.0172502,-0.0172502
0.01743,-5.87463e-13,5,5.17259,-0.865572,-0.0172589,-0.0172589
0.01744,-2.43152e-13,5,5.17267,-0.853975,-0.0172674,-0.0172674
0.01745,-4.63167e-13,5,5.17276,-0.842374,-0.0172758,-0.0172758
0.01746,-3.14255e-13,5,5.17284,-0.830768,-0.0172841,-0.0172841
0.01747,-4.54404e-13,5,5.17292,-0.819158,-0.0172923,-0.0172923
0.01748,-6.31675e-13,5,5.173,-0.807543,-0.0173004,-0.0173004
0.01749,-3.66301e-13,5,5.17308,-0.795925,-0.0173084,-0.0173084
0.0175,-3.15033e-13,5,5.17316,-0.784302,-0.0173162,-0.0173162
0.01751,-2.24686e-13,5,5.17324,-0.772676,-0.0173239,-0.0173239
0.01752,-5.23846e-13,5,5.17332,-0.761045,-0.0173315,-0.0173315
0.01753,-2.7643e-13,5,5.17339,-0.749411,-0.017339,-0.017339
0.01754,-1.37621e-13,5,5.17346,-0.737773,-0.0173464,-0.0173464
0.01755,-3.07454e-13,5,5.17354,-0.726131,-0.0173537,-0.0173537
0.01756,-3.03551e-13,5,5.17361,-0.714486,-0.0173608,-0.0173608
0.01757,-9.7865e-14,5,5.17368,-0.702837,-0.0173678,-0.0173678
0.01758,-3.44151e-13,5,5.17375,-0.691185,-0.0173748,-0.0173748
0.01759,-5.58948e-13,5,5.17382,-0.679529,-0.0173816,-0.0173816
0.0176,-2.58491e-13,5,5.17388,-0.66787,-0.0173882,-0.0173882
0.01761,-5.50296e-13,5,5.17395,-0.656208,-0.0173948,-0.0173948
0.01762,-2.67824e-13,5,5.17401,-0.644543,-0.0174012,-0.0174012
0.01763,-2.90566e-13,5,5.17408,-0.632874,-0.0174076,-0.0174076
0.01764,-1.3355e-13,5,5.17414,-0.621203,-0.0174138,-0.0174138
0.01765,-4.48309e-13,5,5.1742,-0.609529,-0.0174199,-0.0174199
0.01766,-5.21899e-13,5,5.17426,-0.597852,-0.0174259,-0.0174259
0.01767,-3.23194e-13,5,5.17432,-0.586172,-0.0174317,-0.0174317
0.01768,-2.75548e-13,5,5.17437,-0.57449,-0.0174375,-0.0174375
0.01769,-3.47349e-13,5,5.17443,-0.562805,-0.0174431,-0.0174431
0.0177,-2.79303e-13,5,5.17449,-0.551117,-0.0174486,-0.0174486
0.01771,-2.66657e-13,5,5.17454,-0.539427,-0.017454,-0.017454
0.01772,-2.77062e-13,5,5.17459,-0.527735,-0.0174593,-0.0174593
0.01773,-2.77919e-13,5,5.17464,-0.51604,-0.0174644,-0.0174644
0.01774,-4.63781e-13,5,5.17469,-0.504344,-0.0174695,-0.0174695
0.01775,-3.46844e-13,5,5.17474,-0.492645,-0.0174744,-0.0174744
0.01776,-5.76046e-13,5,5.17479,-0.480944,-0.0174792,-0.0174792
0.01777,-4.35835e-13,5,5.17484,-0.469241,-0.0174839,-0.0174839
0.01778,-5.74679e-13,5,5.17488,-0.457536,-0.0174885,-0.0174885
0.01779,-2.76699e-13,5,5.17493,-0.44583,-0.0174929,-0.0174929
0.0178,-4.17424e-13,5,5.17497,-0.434121,-0.0174973,-0.0174973
0.01781,-5.07959e-13,5,5.17502,-0.422412,-0.0175015,-0.0175015
0.01782,-5.1402e-13,5,5.17506,-0.4107,-0.0175056,-0.0175056
0.01783,-1.73803e-13,5,5.1751,-0.398987,-0.0175096,-0.0175096
0.01784,-5.89613e-13,5,5.17513,-0.387273,-0.0175135,-0.0175135
0.01785,-1.35092e-13,5,5.17517,-0.375557,-0.0175172,-0.0175172
0.01786,-3.67049e-13,5,5.17521,-0.36384,-0.0175209,-0.0175209
0.01787,-3.41018e-13,5,5.17524,-0.352122,-0.0175244,-0.0175244
0.01788,-2.49324e-13,5,5.17528,-0.340403,-0.0175278,-0.0175278
0.01789,-5.11534e-13,5,5.17531,-0.328682,-0.0175311,-0.0175311
0.0179,-1.82905e-13,5,5.17534,-0.316961,-0.0175342,-0.0175342
0.01791,-5.92331e-13,5,5.17537,-0.305239,-0.0175373,-0.0175373
0.01792,-3.40148e-13,5,5.1754,-0.293516,-0.0175402,-0.0175402
0.01793,-3.0035e-13,5,5.17543,-0.281793,-0.0175431,-0.0175431
0.01794,-4.3739e-13,5,5.17546,-0.270069,-0.0175458,-0.0175458
0.01795,-4.88276e-13,5,5.17548,-0.258344,-0.0175483,-0.0175483
0.01796,-4.17351e-13,5,5.17551,-0.246619,-0.0175508,-0.0175508
0.01797,-6.4366e-13,5,5.17553,-0.234893,-0.0175532,-0.0175532
0.01798,-4.49353e-13,5,5.17555,-0.223167,-0.0175554,-0.0175554
0.01799,-4.80797e-13,5,5.17557,-0.211441,-0.0175575,-0.0175575
0.018,-2.47481e-13,5,5.17559,-0.199715,-0.0175595,-0.0175595
0.01801,-1.68374e-13,5,5.17561,-0.187988,-0.0175614,-0.0175614
0.01802,-4.35057e-13,5,5.17563,-0.176262,-0.0175631,-0.0175631
0.01803,-3.29659e-13,5,5.17565,-0.164536,-0.0175648,-0.0175648
0.01804,-2.71153e-13,5,5.17566,-0.15281,-0.0175663,-0.0175663
0.01805,-6.78574e-13,5,5.17568,-0.141084,-0.0175677,-0.0175677
0.01806,-3.79338e-13,5,5.17569,-0.129358,-0.017569,-0.017569
0.01807,-2.47281e-13,5,5.1757,-0.117633,-0.0175702,-0.0175702
0.01808,-2.46795e-13,5,5.17571,-0.105908,-0.0175713,-0.0175713
0.01809,-3.42309e-13,5,5.17572,-0.0941838,-0.0175722,-0.0175722
0.0181,-2.70957e-13,5,5.17573,-0.0824602,-0.017573,-0.017573
0.01811,-4.52055e-13,5,5.17574,-0.0707373,-0.0175737,-0.0175737
0.01812,-3.95507e-13,5,5.17574,-0.0590152,-0.0175743,-0.0175743
0.01813,-5.20793e-13,5,5.17575,-0.0472939,-0.0175748,-0.0175748
0.01814,-3.37998e-13,5,5.17575,-0.0355736,-0.0175751,-0.0175751
0.01815,-2.66796e-13,5,5.17575,-0.0238543,-0.0175754,-0.0175754
0.01816,-2.72226e-13,5,5.17576,-0.0121361,-0.0175755,-0.0175755
0.01817,-9.20721e-14,5,5.17576,-0.000419054,-0.0175755,-0.0175755
0.01818,-1.46359e-13,5,5.17575,0.0112967,-0.0175754,-0.0175754
0.01819,-4.00504e-13,5,5.17575,0.0230112,-0.0175752,-0.0175752
0.0182,-3.6531e-13,5,5.17575,0.0347243,-0.0175748,-0.0175748
0.01821,-2.33851e-13,5,5.17574,0.0464359,-0.0175744,-0.0175744
0.01822,-4.26734e-13,5,5.17574,0.0581459,-0.0175738,-0.0175738
0.01823,-2.27858e-13,5,5.17573,0.0698543,-0.0175731,-0.0175731
0.01824,-5.1291e-13,5,5.17572,0.081561,-0.0175723,-0.0175723
0.01825,-5.66141e-13,5,5.17571,0.0932659,-0.0175713,-0.0175713
0.01826,-3.54108e-13,5,5.1757,0.104969,-0.0175703,-0.0175703
0.01827,-2.98313e-13,5,5.17569,0.11667,-0.0175691,-0.0175691
0.01828,-3.65712e-13,5,5.17568,0.128369,-0.0175678,-0.0175678
0.01829,-2.96096e-13,5,5.17566,0.140066,-0.0175664,-0.0175664
0.0183,-2.84225e-13,5,5.17565,0.151761,-0.0175649,-0.0175649
0.01831,-2.97708e-13,5,5.17563,0.163453,-0.0175633,-0.0175633
0.01832,-3.0439e-13,5,5.17562,0.175143,-0.0175615,-0.0175615
0.01833,-4.99729e-13,5,5.1756,0.186831,-0.0175597,-0.0175597
0.01834,-3.97313e-13,5,5.17558,0.198516,-0.0175577,-0.0175577
0.01835,-6.47854e-13,5,5.17556,0.210199,-0.0175556,-0.0175556
0.01836,-5.38088e-13,5,5.17553,0.221879,-0.0175533,-0.0175533
0.01837,-4.9189e-13,5,5.17551,0.233556,-0.017551,-0.017551
0.01838,-4.78669e-13,5,5.17549,0.245231,-0.0175486,-0.0175486
0.01839,-4.68122e-13,5,5.17546,0.256903,-0.017546,-0.017546
0.0184,-2.02872e-13,5,5.17543,0.268571,-0.0175433,-0.0175433
0.01841,-1.07952e-13,5,5.17541,0.280237,-0.0175405,-0.0175405
0.01842,-3.81355e-13,5,5.17538,0.291899,-0.0175376,-0.0175376
0.01843,-3.1188e-13,5,5.17535,0.303559,-0.0175345,-0.0175345
0.01844,-3.25532e-13,5,5.17531,0.315215,-0.0175314,-0.0175314
0.01845,-1.66521e-13,5,5.17528,0.326868,-0.0175281,-0.0175281
0.01846,-2.61518e-13,5,5.17525,0.338517,-0.0175247,-0.0175247
0.01847,-5.82817e-13,5,5.17521,0.350163,-0.0175212,-0.0175212
0.01848,-4.20925e-13,5,5.17518,0.361805,-0.0175176,-0.0175176
0.01849,-2.03586e-13,5,5.17514,0.373444,-0.0175139,-0.0175139
0.0185,-1.31564e-13,5,5.1751,0.385078,-0.01751,-0.01751
0.01851,-4.0598e-13,5,5.17506,0.396709,-0.0175061,-0.0175061
0.01852,-3.18866e-13,5,5.17502,0.408337,-0.017502,-0.017502
0.01853,-2.99496e-13,5,5.17498,0.41996,-0.0174978,-0.0174978
0.01854,-9.54546e-14,5,5.17493,0.431579,-0.0174935,-0.0174935
0.01855,-1.36835e-13,5,5.17489,0.443194,-0.017489,-0.017489
0.01856,-3.99427e-13,5,5.17484,0.454805,-0.0174845,-0.0174845
0.01857,-4.04677e-13,5,5.1748,0.466411,-0.0174798,-0.0174798
0.01858,-1.29213e-13,5,5.17475,0.478014,-0.017475,-0.017475
0.01859,-2.3226e-13,5,5.1747,0.489611,-0.0174702,-0.0174702
0.0186,-2.36586e-13,5,5.17465,0.501205,-0.0174651,-0.0174651
0.01861,-1.20176e-13,5,5.1746,0.512794,-0.01746,-0.01746
0.01862,-3.16238e-13,5,5.17455,0.524378,-0.0174548,-0.0174548
0.01863,-1.21571e-13,5,5.17449,0.535957,-0.0174494,-0.0174494
0.01864,-1.97716e-13,5,5.17444,0.547531,-0.0174439,-0.0174439
0.01865,-5.24555e-13,5,5.17438,0.559101,-0.0174383,-0.0174383
0.01866,-6.27733e-13,5,5.17433,0.570666,-0.0174326,-0.0174326
0.01867,-2.60787e-13,5,5.17427,0.582225,-0.0174268,-0.0174268
0.01868,-3.14602e-13,5,5.17421,0.59378,-0.0174209,-0.0174209
0.01869,-5.43735e-13,5,5.17415,0.605329,-0.0174148,-0.0174148
0.0187,-4.7589e-13,5,5.17409,0.616873,-0.0174087,-0.0174087
0.01871,-3.21434e-13,5,5.17402,0.628412,-0.0174024,-0.0174024
0.01872,-5.18642e-13,5,5.17396,0.639945,-0.017396,-0.017396
0.01873,-1.42092e-13,5,5.17389,0.651473,-0.0173895,-0.0173895
0.01874,-5.40659e-13,5,5.17383,0.662996,-0.0173828,-0.0173828
0.01875,-1.07933e-13,5,5.17376,0.674512,-0.0173761,-0.0173761
0.01876,-4.21304e-13,5,5.17369,0.686023,-0.0173692,-0.0173692
0.01877,-5.5765e-13,5,5.17362,0.697528,-0.0173622,-0.0173622
0.01878,-2.76497e-13,5,5.17355,0.709027,-0.0173552,-0.0173552
0.01879,-4.74904e-13,5,5.17348,0.720521,-0.0173479,-0.0173479
0.0188,-2.31512e-13,5,5.17341,0.732008,-0.0173406,-0.0173406
0.01881,-2.17187e-13,5,5.17333,0.743489,-0.0173332,-0.0173332
0.01882,-4.21299e-13,5,5.17326,0.754964,-0.0173256,-0.0173256
0.01883,-3.79079e-13,5,5.17318,0.766432,-0.017318,-0.017318
0.01884,-8.11754e-14,5,5.1731,0.777895,-0.0173102,-0.0173102
0.01885,-2.00965e-13,5,5.17302,0.789351,-0.0173023,-0.0173023
0.01886,-2.75625e-13,5,5.17294,0.8008,-0.0172943,-0.0172943
0.01887,-2.97729e-13,5,5.17286,0.812243,-0.0172862,-0.0172862
0.01888,-4.87851e-13,5,5.17278,0.823679,-0.0172779,-0.0172779
0.01889,-3.85194e-13,5,5.1727,0.835109,-0.0172696,-0.0172696
0.0189,-6.66452e-13,5,5.17261,0.846532,-0.0172611,-0.0172611
0.01891,-4.17384e-13,5,5.17253,0.857948,-0.0172525,-0.0172525
0.01892,-3.16087e-13,5,5.17244,0.869357,-0.0172438,-0.0172438
0.01893,-5.8659e-13,5,5.17235,0.880758,-0.017235,-0.017235
0.01894,-3.16802e-13,5,5.17226,0.892153,-0.0172261,-0.0172261
0.01895,-1.86903e-13,5,5.17217,0.903541,-0.0172171,-0.0172171
0.01896,-4.23086e-13,5,5.17208,0.914922,-0.0172079,-0.0172079
0.01897,-3.428e-13,5,5.17199,0.926295,-0.0171987,-0.0171987
0.01898,-4.01042e-13,5,5.17189,0.93766,-0.0171893,-0.0171893
0.01899,-3.71493e-13,5,5.1718,0.949019,-0.0171798,-0.0171798
0.019,-4.83303e-13,5,5.1717,0.96037,-0.0171702,-0.0171702
0.01901,-2.84279e-13,5,5.1716,0.971713,-0.0171605,-0.0171605
0.01902,-4.59843e-13,5,5.17151,0.983048,-0.0171507,-0.0171507
0.01903,-3.3197e-13,5,5.17141,0.994376,-0.0171407,-0.0171407
0.01904,-5.87665e-13,5,5.17131,1.0057,-0.0171307,-0.0171307
0.01905,-5.50442e-13,5,5.1712,1.01701,-0.0171205,-0.0171205
0.01906,-2.26795e-13,5,5.1711,1.02831,-0.0171102,-0.0171102
0.01907,-3.06103e-13,5,5.171,1.03961,-0.0170998,-0.0170998
0.01908,-3.41725e-13,5,5.17089,1.0509,-0.0170893,-0.0170893
0.01909,-3.42512e-13,5,5.17079,1.06217,-0.0170787,-0.0170787
0.0191,-5.45638e-13,5,5.17068,1.07345,-0.0170679,-0.0170679
0.01911,-5.06875e-13,5,5.17057,1.08471,-0.0170571,-0.0170571
0.01912,-2.37642e-13,5,5.17046,1.09596,-0.0170461,-0.0170461
0.01913,-2.04971e-13,5,5.17035,1.10721,-0.0170351,-0.0170351
0.01914,-4.21961e-13,5,5.17024,1.11845,-0.0170239,-0.0170239
0.01915,-4.47854e-13,5,5.17013,1.12968,-0.0170126,-0.0170126
0.01916,-2.97513e-13,5,5.17001,1.1409,-0.0170012,-0.0170012
0.01917,-2.14049e-13,5,5.1699,1.15211,-0.0169896,-0.0169896
0.01918,-2.14087e-13,5,5.16978,1.16331,-0.016978,-0.016978
0.01919,-3.15156e-13,5,5.16966,1.1745,-0.0169663,-0.0169663
0.0192,-5.35671e-13,5,5.16954,1.18569,-0.0169544,-0.0169544
0.01921,-2.12843e-13,5,5.16942,1.19686,-0.0169424,-0.0169424
0.01922,-4.904e-14,5,5.1693,1.20803,-0.0169304,-0.0169304
0.01923,-2.92814e-13,5,5.16918,1.21919,-0.0169182,-0.0169182
0.01924,-2.84179e-13,5,5.16906,1.23033,-0.0169059,-0.0169059
0.01925,-5.00891e-13,5,5.16893,1.24147,-0.0168935,-0.0168935
0.01926,-5.12213e-13,5,5.16881,1.2526,-0.0168809,-0.0168809
0.01927,-3.43067e-13,5,5.16868,1.26372,-0.0168683,-0.0168683
0.01928,-2.46752e-13,5,5.16856,1.27483,-0.0168555,-0.0168555
0.01929,-2.50108e-13,5,5.16843,1.28593,-0.0168427,-0.0168427
0.0193,-1.53709e-13,5,5.1683,1.29702,-0.0168297,-0.0168297
0.01931,-2.13631e-13,5,5.16817,1.3081,-0.0168166,-0.0168166
0.01932,-2.32446e-13,5,5.16803,1.31917,-0.0168034,-0.0168034
0.01933,-2.4088e-13,5,5.1679,1.33023,-0.0167901,-0.0167901
0.01934,-4.98199e-13,5,5.16777,1.34128,-0.0167767,-0.0167767
0.01935,-5.82434e-13,5,5.16763,1.35232,-0.0167632,-0.0167632
0.01936,-3.00102e-13,5,5.1675,1.36335,-0.0167496,-0.0167496
0.01937,-3.68211e-13,5,5.16736,1.37437,-0.0167358,-0.0167358
0.01938,-3.67902e-13,5,5.16722,1.38538,-0.016722,-0.016722
0.01939,-5.63576e-13,5,5.16708,1.39638,-0.016708,-0.016708
0.0194,-5.38371e-13,5,5.16694,1.40737,-0.0166939,-0.0166939
0.01941,-3.3145e-13,5,5.1668,1.41834,-0.0166798,-0.0166798
0.01942,-2.10322e-13,5,5.16665,1.42931,-0.0166655,-0.0166655
0.01943,-2.16092e-13,5,5.16651,1.44027,-0.0166511,-0.0166511
0.01944,-1.63714e-13,5,5.16637,1.45121,-0.0166365,-0.0166365
0.01945,-3.23888e-13,5,5.16622,1.46215,-0.0166219,-0.0166219
0.01946,-5.13706e-13,5,5.16607,1.47307,-0.0166072,-0.0166072
0.01947,-5.51367e-13,5,5.16592,1.48399,-0.0165924,-0.0165924
0.01948,-2.56073e-13,5,5.16577,1.49489,-0.0165774,-0.0165774
0.01949,-3.57766e-13,5,5.16562,1.50578,-0.0165623,-0.0165623
0.0195,-4.5055e-13,5,5.16547,1.51666,-0.0165472,-0.0165472
0.01951,-1.2972e-13,5,5.16532,1.52753,-0.0165319,-0.0165319
0.01952,-1.28524e-13,5,5.16517,1.53839,-0.0165165,-0.0165165
0.01953,-4.99252e-13,5,5.16501,1.54923,-0.016501,-0.016501
0.01954,-1.58466e-13,5,5.16485,1.56007,-0.0164854,-0.0164854
0.01955,-7.02279e-14,5,5.1647,1.57089,-0.0164697,-0.0164697
0.01956,-5.177e-13,5,5.16454,1.5817,-0.0164539,-0.0164539
0.01957,-4.20914e-13,5,5.16438,1.5925,-0.016438,-0.016438
0.01958,-5.20053e-13,5,5.16422,1.60329,-0.0164219,-0.0164219
0.01959,-1.92368e-13,5,5.16406,1.61406,-0.0164058,-0.0164058
0.0196,-1.80375e-13,5,5.1639,1.62483,-0.0163896,-0.0163896
0.01961,-5.45774e-13,5,5.16373,1.63558,-0.0163732,-0.0163732
0.01962,-2.14564e-13,5,5.16357,1.64632,-0.0163567,-0.0163567
0.01963,-1.60382e-13,5,5.1634,1.65705,-0.0163402,-0.0163402
0.01964,-4.48426e-13,5,5.16323,1.66776,-0.0163235,-0.0163235
0.01965,-2.35788e-13,5,5.16307,1.67846,-0.0163067,-0.0163067
0.01966,-4.99796e-13,5,5.1629,1.68916,-0.0162898,-0.0162898
0.01967,-3.99845e-13,5,5.16273,1.69983,-0.0162728,-0.0162728
0.01968,-4.60988e-13,5,5.16256,1.7105,-0.0162557,-0.0162557
0.01969,-3.0003e-13,5,5.16238,1.72115,-0.0162385,-0.0162385
0.0197,-2.1701e-13,5,5.16221,1.73179,-0.0162212,-0.0162212
0.01971,-2.86063e-13,5,5.16204,1.74242,-0.0162038,-0.0162038
0.01972,-1.27687e-13,5,5.16186,1.75304,-0.0161862,-0.0161862
0.01973,-2.73234e-13,5,5.16169,1.76364,-0.0161686,-0.0161686
0.01974,-3.4584e-13,5,5.16151,1.77423,-0.0161508,-0.0161508
0.01975,-4.24718e-13,5,5.16133,1.78481,-0.016133,-0.016133
0.01976,-1.35558e-13,5,5.16115,1.79537,-0.016115,-0.016115
0.01977,-2.42275e-13,5,5.16097,1.80592,-0.016097,-0.016097
0.01978,-1.45877e-13,5,5.16079,1.81646,-0.0160788,-0.0160788
0.01979,-3.85488e-13,5,5.16061,1.82698,-0.0160605,-0.0160605
0.0198,-5.92153e-13,5,5.16042,1.8375,-0.0160422,-0.0160422
0.01981,-6.25623e-13,5,5.16024,1.84799,-0.0160237,-0.0160237
0.01982,-3.46927e-13,5,5.16005,1.85848,-0.0160051,-0.0160051
0.01983,-5.27973e-13,5,5.15986,1.86895,-0.0159864,-0.0159864
0.01984,-5.77764e-13,5,5.15968,1.87941,-0.0159676,-0.0159676
0.01985,-3.61545e-13,5,5.15949,1.88985,-0.0159487,-0.0159487
0.01986,-6.55196e-13,5,5.1593,1.90028,-0.0159297,-0.0159297
0.01987,-1.8976e-13,5,5.15911,1.91069,-0.0159106,-0.0159106
0.01988,-6.53553e-13,5,5.15891,1.9211,-0.0158914,-0.0158914
0.01989,-3.2559e-13,5,5.15872,1.93148,-0.0158721,-0.0158721
0.0199,-4.42161e-13,5,5.15853,1.94186,-0.0158527,-0.0158527
0.01991,-4.22007e-13,5,5.15833,1.95222,-0.0158332,-0.0158332
0.01992,-3.67381e-13,5,5.15814,1.96257,-0.0158135,-0.0158135
0.01993,-6.09324e-13,5,5.15794,1.9729,-0.0157938,-0.0157938
0.01994,-1.16049e-13,5,5.15774,1.98322,-0.015774,-0.015774
0.01995,-5.85698e-13,5,5.15754,1.99352,-0.015754,-0.015754
0.01996,-3.07307e-13,5,5.15734,2.00381,-0.015734,-0.015734
0.01997,-5.271e-13,5,5.15714,2.01408,-0.0157139,-0.0157139
0.01998,-4.46412e-13,5,5.15694,2.02434,-0.0156936,-0.0156936
0.01999,-4.05026e-13,5,5.15673,2.03459,-0.0156733,-0.0156733
0.02,-2.8931e-13,5,5.15653,2.04482,-0.0156528,-0.0156528
0.02001,-4.41907e-13,5,5.15632,2.05503,-0.0156323,-0.0156323
0.02002,-5.24783e-13,5,5.15612,2.06524,-0.0156116,-0.0156116
0.02003,-4.28856e-13,5,5.15591,2.07542,-0.0155909,-0.0155909
0.02004,-2.73783e-13,5,5.1557,2.08559,-0.01557,-0.01557
0.02005,-4.08201e-13,5,5.15549,2.09575,-0.015549,-0.015549
0.02006,-5.00013e-13,5,5.15528,2.10589,-0.015528,-0.015528
0.02007,-4.46165e-13,5,5.15507,2.11602,-0.0155068,-0.0155068
0.02008,-3.72332e-13,5,5.15486,2.12613,-0.0154856,-0.0154856
0.02009,-4.0583e-13,5,5.15464,2.13622,-0.0154642,-0.0154642
0.0201,-2.20781e-13,5,5.15443,2.1463,-0.0154427,-0.0154427
0.02011,-1.74787e-13,5,5.15421,2.15637,-0.0154212,-0.0154212
0.02012,-6.27173e-13,5,5.154,2.16642,-0.0153995,-0.0153995
0.02013,-3.47144e-13,5,5.15378,2.17645,-0.0153777,-0.0153777
0.02014,-6.06572e-13,5,5.15356,2.18647,-0.0153559,-0.0153559
0.02015,-1.77774e-13,5,5.15334,2.19648,-0.0153339,-0.0153339
0.02016,-1.08354e-13,5,5.15312,2.20646,-0.0153119,-0.0153119
0.02017,-5.38063e-13,5,5.1529,2.21643,-0.0152897,-0.0152897
0.02018,-2.43962e-13,5,5.15267,2.22639,-0.0152674,-0.0152674
0.02019,-5.05778e-13,5,5.15245,2.23633,-0.0152451,-0.0152451
0.0202,-1.03764e-13,5,5.15223,2.24625,-0.0152226,-0.0152226
0.02021,-9.34913e-14,5,5.152,2.25616,-0.0152,-0.0152
0.02022,-1.67957e-13,5,5.15177,2.26605,-0.0151774,-0.0151774
0.02023,-4.76429e-13,5,5.15155,2.27593,-0.0151546,-0.0151546
0.02024,-2.6035e-13,5,5.15132,2.28579,-0.0151318,-0.0151318
0.02025,-3.5441e-13,5,5.15109,2.29563,-0.0151088,-0.0151088
0.02026,-4.58075e-13,5,5.15086,2.30546,-0.0150857,-0.0150857
0.02027,-4.99816e-13,5,5.15063,2.31527,-0.0150626,-0.0150626
0.02028,-4.09691e-13,5,5.15039,2.32506,-0.0150393,-0.0150393
0.02029,-3.46961e-13,5,5.15016,2.33484,-0.015016,-0.015016
0.0203,-1.76107e-14,5,5.14993,2.3446,-0.0149925,-0.0149925
0.02031,-2.66187e-13,5,5.14969,2.35434,-0.014969,-0.014969
0.02032,-3.47453e-13,5,5.14945,2.36407,-0.0149454,-0.0149454
0.02033,-4.27108e-13,5,5.14922,2.37378,-0.0149216,-0.0149216
0.02034,-4.45369e-13,5,5.14898,2.38347,-0.0148978,-0.0148978
0.02035,-3.44058e-13,5,5.14874,2.39315,-0.0148739,-0.0148739
0.02036,-2.9404e-13,5,5.1485,2.40281,-0.0148498,-0.0148498
0.02037,-1.32621e-14,5,5.14826,2.41245,-0.0148257,-0.0148257
0.02038,-3.58039e-13,5,5.14801,2.42208,-0.0148015,-0.0148015
0.02039,-5.94958e-13,5,5.14777,2.43169,-0.0147772,-0.0147772
0.0204,-2.19756e-13,5,5.14753,2.44128,-0.0147528,-0.0147528
0.02041,-3.21283e-13,5,5.14728,2.45085,-0.0147282,-0.0147282
0.02042,-1.71289e-13,5,5.14704,2.46041,-0.0147036,-0.0147036
0.02043,-1.80168e-13,5,5.14679,2.46995,-0.0146789,-0.0146789
0.02044,-3.05232e-13,5,5.14654,2.47947,-0.0146542,-0.0146542
0.02045,-2.78196e-13,5,5.14629,2.48897,-0.0146293,-0.0146293
0.02046,-2.87297e-13,5,5.14604,2.49846,-0.0146043,-0.0146043
0.02047,-2.95066e-13,5,5.14579,2.50793,-0.0145792,-0.0145792
0.02048,-4.9346e-13,5,5.14554,2.51738,-0.014554,-0.014554
0.02049,-1.66386e-13,5,5.14529,2.52681,-0.0145288,-0.0145288
0.0205,-4.18737e-13,5,5.14503,2.53623,-0.0145034,-0.0145034
0.02051,-5.38083e-13,5,5.14478,2.54562,-0.0144779,-0.0144779
0.02052,-4.12002e-14,5,5.14452,2.555,-0.0144524,-0.0144524
0.02053,-2.65796e-13,5,5.14427,2.56436,-0.0144267,-0.0144267
0.02054,-2.77506e-13,5,5.14401,2.57371,-0.014401,-0.014401
0.02055,-2.80612e-13,5,5.14375,2.58303,-0.0143752,-0.0143752
0.02056,-2.53964e-13,5,5.14349,2.59234,-0.0143493,-0.0143493
0.02057,-1.78133e-13,5,5.14323,2.60163,-0.0143232,-0.0143232
0.02058,-3.5578e-14,5,5.14297,2.6109,-0.0142971,-0.0142971
0.02059,-4.92821e-13,5,5.14271,2.62015,-0.0142709,-0.0142709
0.0206,-3.98949e-13,5,5.14245,2.62938,-0.0142446,-0.0142446
0.02061,-4.24259e-13,5,5.14218,2.6386,-0.0142182,-0.0142182
0.02062,-3.31109e-13,5,5.14192,2.6478,-0.0141918,-0.0141918
0.02063,-1.11282e-13,5,5.14165,2.65697,-0.0141652,-0.0141652
0.02064,-4.40461e-13,5,5.14139,2.66613,-0.0141385,-0.0141385
0.02065,-4.04543e-13,5,5.14112,2.67527,-0.0141118,-0.0141118
0.02066,-2.28292e-13,5,5.14085,2.68439,-0.0140849,-0.0140849
0.02067,-5.93109e-13,5,5.14058,2.6935,-0.014058,-0.014058
0.02068,-3.63124e-13,5,5.14031,2.70258,-0.014031,-0.014031
0.02069,-2.23566e-13,5,5.14004,2.71165,-0.0140039,-0.0140039
0.0207,-1.79266e-13,5,5.13977,2.72069,-0.0139767,-0.0139767
0.02071,-4.64535e-13,5,5.13949,2.72972,-0.0139494,-0.0139494
0.02072,-4.05913e-13,5,5.13922,2.73872,-0.013922,-0.013922
0.02073,-2.41431e-13,5,5.13894,2.74771,-0.0138945,-0.0138945
0.02074,1.61988e-14,5,5.13867,2.75668,-0.0138669,-0.0138669
0.02075,-3.29578e-13,5,5.13839,2.76563,-0.0138393,-0.0138393
0.02076,-3.85697e-13,5,5.13812,2.77456,-0.0138115,-0.0138115
0.02077,-3.98018e-13,5,5.13784,2.78347,-0.0137837,-0.0137837
0.02078,-1.59429e-13,5,5.13756,2.79236,-0.0137558,-0.0137558
0.02079,-1.47214e-13,5,5.13728,2.80124,-0.0137278,-0.0137278
0.0208,-1.5798e-13,5,5.137,2.81009,-0.0136997,-0.0136997
0.02081,-2.18263e-13,5,5.13671,2.81892,-0.0136715,-0.0136715
0.02082,-3.56039e-13,5,5.13643,2.82773,-0.0136432,-0.0136432
0.02083,-3.74245e-13,5,5.13615,2.83653,-0.0136148,-0.0136148
0.02084,-5.32504e-13,5,5.13586,2.8453,-0.0135864,-0.0135864
0.02085,-1.82782e-13,5,5.13558,2.85405,-0.0135578,-0.0135578
0.02086,-2.70764e-13,5,5.13529,2.86279,-0.0135292,-0.0135292
0.02087,-1.52468e-13,5,5.135,2.8715,-0.0135005,-0.0135005
0.02088,-3.22885e-13,5,5.13472,2.88019,-0.0134717,-0.0134717
0.02089,-1.42027e-13,5,5.13443,2.88886,-0.0134428,-0.0134428
0.0209,-1.0894e-13,5,5.13414,2.89752,-0.0134138,-0.0134138
0.02091,-4.97127e-13,5,5.13385,2.90615,-0.0133848,-0.0133848
0.02092,-4.45333e-13,5,5.13356,2.91476,-0.0133556,-0.0133556
0.02093,-4.58708e-13,5,5.13326,2.92335,-0.0133264,-0.0133264
0.02094,-1.34798e-13,5,5.13297,2.93193,-0.0132971,-0.0132971
0.02095,-2.10125e-13,5,5.13268,2.94048,-0.0132677,-0.0132677
0.02096,-2.86395e-13,5,5.13238,2.94901,-0.0132382,-0.0132382
0.02097,-1.94688e-13,5,5.13209,2.95752,-0.0132086,-0.0132086
0.02098,-4.50203e-13,5,5.13179,2.96601,-0.0131789,-0.0131789
0.02099,-2.06285e-13,5,5.13149,2.97447,-0.0131492,-0.0131492
0.021,-2.09613e-13,5,5.13119,2.98292,-0.0131194,-0.0131194
0.02101,-2.9965e-13,5,5.13089,2.99135,-0.0130894,-0.0130894
0.02102,-3.17744e-13,5,5.13059,2.99976,-0.0130594,-0.0130594
0.02103,-1.07632e-13,5,5.13029,3.00814,-0.0130294,-0.0130294
0.02104,-4.24432e-13,5,5.12999,3.01651,-0.0129992,-0.0129992
0.02105,-2.06382e-13,5,5.12969,3.02485,-0.0129689,-0.0129689
0.02106,1.45546e-14,5,5.12939,3.03317,-0.0129386,-0.0129386
0.02107,-6.84323e-14,5,5.12908,3.04147,-0.0129082,-0.0129082
0.02108,-8.20302e-14,5,5.12878,3.04975,-0.0128777,-0.0128777
0.02109,-3.37213e-13,5,5.12847,3.05801,-0.0128471,-0.0128471
0.0211,-1.01942e-14,5,5.12816,3.06625,-0.0128165,-0.0128165
0.02111,-5.53091e-13,5,5.12786,3.07447,-0.0127857,-0.0127857
0.02112,-4.64271e-13,5,5.12755,3.08266,-0.0127549,-0.0127549
0.02113,-5.18003e-13,5,5.12724,3.09084,-0.012724,-0.012724
0.02114,-1.26426e-13,5,5.12693,3.09899,-0.012693,-0.012693
0.02115,-2.95399e-13,5,5.12662,3.10712,-0.0126619,-0.0126619
0.02116,-2.14184e-13,5,5.12631,3.11523,-0.0126308,-0.0126308
0.02117,-2.1074e-13,5,5.126,3.12331,-0.0125995,-0.0125995
0.02118,-3.88096e-13,5,5.12568,3.13138,-0.0125682,-0.0125682
0.02119,5.82158e-14,5,5.12537,3.13942,-0.0125368,-0.0125368
0.0212,-3.4335e-13,5,5.12505,3.14745,-0.0125054,-0.0125054
0.02121,-3.38018e-13,5,5.12474,3.15545,-0.0124738,-0.0124738
0.02122,-2.64852e-13,5,5.12442,3.16342,-0.0124422,-0.0124422
0.02123,-2.3765e-13,5,5.1241,3.17138,-0.0124105,-0.0124105
0.02124,-3.72373e-13,5,5.12379,3.17932,-0.0123787,-0.0123787
0.02125,-3.32625e-13,5,5.12347,3.18723,-0.0123468,-0.0123468
0.02126,-2.38809e-13,5,5.12315,3.19512,-0.0123148,-0.0123148
0.02127,-4.40978e-13,5,5.12283,3.20299,-0.0122828,-0.0122828
0.02128,-3.81857e-13,5,5.12251,3.21083,-0.0122507,-0.0122507
0.02129,-1.8862e-13,5,5.12219,3.21866,-0.0122185,-0.0122185
0.0213,-4.45302e-13,5,5.12186,3.22646,-0.0121862,-0.0121862
0.02131,-1.4665e-13,5,5.12154,3.23424,-0.0121539,-0.0121539
0.02132,-1.08622e-13,5,5.12121,3.24199,-0.0121215,-0.0121215
0.02133,-1.24194e-14,5,5.12089,3.24973,-0.012089,-0.012089
0.02134,-2.23804e-13,5,5.12056,3.25744,-0.0120564,-0.0120564
0.02135,-2.01153e-13,5,5.12024,3.26513,-0.0120238,-0.0120238
0.02136,-8.7353e-14,5,5.11991,3.2728,-0.011991,-0.011991
0.02137,-2.54773e-13,5,5.11958,3.28044,-0.0119582,-0.0119582
0.02138,-1.68728e-13,5,5.11925,3.28806,-0.0119253,-0.0119253
0.02139,2.12886e-14,5,5.11892,3.29566,-0.0118924,-0.0118924
0.0214,-2.9157e-13,5,5.11859,3.30324,-0.0118594,-0.0118594
0.02141,-3.51853e-13,5,5.11826,3.31079,-0.0118262,-0.0118262
0.02142,-5.43365e-13,5,5.11793,3.31832,-0.0117931,-0.0117931
0.02143,-1.15427e-13,5,5.1176,3.32583,-0.0117598,-0.0117598
0.02144,-3.66002e-13,5,5.11726,3.33331,-0.0117265,-0.0117265
0.02145,-3.21536e-13,5,5.11693,3.34077,-0.0116931,-0.0116931
0.02146,-1.47728e-13,5,5.1166,3.34821,-0.0116596,-0.0116596
0.02147,-4.67248e-13,5,5.11626,3.35563,-0.011626,-0.011626
0.02148,-8.62178e-14,5,5.11592,3.36302,-0.0115924,-0.0115924
0.02149,-3.14034e-13,5,5.11559,3.37039,-0.0115587,-0.0115587
0.0215,-1.88854e-13,5,5.11525,3.37773,-0.0115249,-0.0115249
0.02151,-3.42673e-13,5,5.11491,3.38505,-0.0114911,-0.0114911
0.02152,-4.552e-14,5,5.11457,3.39235,-0.0114571,-0.0114571
0.02153,-1.61647e-13,5,5.11423,3.39963,-0.0114231,-0.0114231
0.02154,-1.93009e-13,5,5.11389,3.40688,-0.0113891,-0.0113891
0.02155,-3.26345e-13,5,5.11355,3.41411,-0.0113549,-0.0113549
0.02156,-2.95867e-13,5,5.11321,3.42131,-0.0113207,-0.0113207
0.02157,-6.5605e-14,5,5.11286,3.4285,-0.0112864,-0.0112864
0.02158,-2.83928e-13,5,5.11252,3.43565,-0.0112521,-0.0112521
0.02159,-4.64837e-13,5,5.11218,3.44279,-0.0112177,-0.0112177
0.0216,-3.52037e-13,5,5.11183,3.4499,-0.0111832,-0.0111832
0.02161,-1.4631e-13,5,5.11149,3.45699,-0.0111486,-0.0111486
0.02162,-5.05688e-13,5,5.11114,3.46405,-0.0111139,-0.0111139
0.02163,-4.40549e-14,5,5.11079,3.47109,-0.0110792,-0.0110792
0.02164,-3.33655e-13,5,5.11044,3.4781,-0.0110445,-0.0110445
0.02165,6.74169e-15,5,5.1101,3.48509,-0.0110096,-0.0110096
0.02166,-3.72453e-13,5,5.10975,3.49206,-0.0109747,-0.0109747
0.02167,-3.22214e-13,5,5.1094,3.499,-0.0109397,-0.0109397
0.02168,-6.0088e-14,5,5.10905,3.50592,-0.0109046,-0.0109046
0.02169,-2.60814e-13,5,5.1087,3.51282,-0.0108695,-0.0108695
0.0217,-4.64705e-13,5,5.10834,3.51969,-0.0108343,-0.0108343
0.02171,-4.41777e-13,5,5.10799,3.52654,-0.010799,-0.010799
0.02172,-1.91919e-13,5,5.10764,3.53336,-0.0107637,-0.0107637
0.02173,-1.72155e-13,5,5.10728,3.54016,-0.0107283,-0.0107283
0.02174,-3.87315e-13,5,5.10693,3.54693,-0.0106928,-0.0106928
0.02175,-3.89644e-13,5,5.10657,3.55368,-0.0106573,-0.0106573
0.02176,-1.88914e-13,5,5.10622,3.5604,-0.0106217,-0.0106217
0.02177,-2.51862e-13,5,5.10586,3.56711,-0.010586,-0.010586
0.02178,-1.38229e-13,5,5.1055,3.57378,-0.0105503,-0.0105503
0.02179,-9.23193e-14,5,5.10514,3.58043,-0.0105145,-0.0105145
0.0218,-3.60991e-13,5,5.10479,3.58706,-0.0104786,-0.0104786
0.02181,-5.6622e-14,5,5.10443,3.59366,-0.0104427,-0.0104427
0.02182,-3.40338e-13,5,5.10407,3.60024,-0.0104067,-0.0104067
0.02183,-1.02137e-13,5,5.10371,3.60679,-0.0103706,-0.0103706
0.02184,-5.34524e-14,5,5.10334,3.61332,-0.0103345,-0.0103345
0.02185,-2.26035e-13,5,5.10298,3.61983,-0.0102983,-0.0102983
0.02186,-1.99332e-13,5,5.10262,3.6263,-0.010262,-0.010262
0.02187,-1.01483e-14,5,5.10226,3.63276,-0.0102257,-0.0102257
0.02188,-2.65997e-13,5,5.10189,3.63919,-0.0101893,-0.0101893
0.02189,-2.13038e-13,5,5.10153,3.64559,-0.0101528,-0.0101528
0.0219,-2.36295e-13,5,5.10116,3.65197,-0.0101163,-0.0101163
0.02191,-2.68934e-13,5,5.1008,3.65832,-0.0100797,-0.0100797
0.02192,-3.60193e-13,5,5.10043,3.66465,-0.0100431,-0.0100431
0.02193,-1.07005e-13,5,5.10006,3.67096,-0.0100064,-0.0100064
0.02194,-2.45725e-13,5,5.0997,3.67724,-0.0099696,-0.0099696
0.02195,-1.51022e-13,5,5.09933,3.68349,-0.00993277,-0.00993277
0.02196,-2.23295e-13,5,5.09896,3.68972,-0.00989587,-0.00989587
0.02197,-2.96901e-13,5,5.09859,3.69592,-0.00985891,-0.00985891
0.02198,-9.52277e-14,5,5.09822,3.7021,-0.00982189,-0.00982189
0.02199,-3.6712e-13,5,5.09785,3.70825,-0.00978481,-0.00978481
0.022,-1.58951e-13,5,5.09748,3.71438,-0.00974767,-0.00974767
0.02201,-2.2473e-13,5,5.0971,3.72048,-0.00971046,-0.00971046
0.02202,-1.84261e-13,5,5.09673,3.72655,-0.0096732,-0.0096732
0.02203,-1.14593e-13,5,5.09636,3.73261,-0.00963587,-0.00963587
0.02204,-2.09015e-13,5,5.09598,3.73863,-0.00959848,-0.00959848
0.02205,-2.0857e-13,5,5.09561,3.74463,-0.00956104,-0.00956104
0.02206,-1.98021e-13,5,5.09524,3.7506,-0.00952353,-0.00952353
0.02207,-2.64688e-13,5,5.09486,3.75655,-0.00948597,-0.00948597
0.02208,-2.71015e-13,5,5.09448,3.76248,-0.00944834,-0.00944834
0.02209,-8.20532e-14,5,5.09411,3.76837,-0.00941066,-0.00941066
0.0221,-2.47475e-13,5,5.09373,3.77424,-0.00937291,-0.00937291
0.02211,-2.96545e-13,5,5.09335,3.78009,-0.00933511,-0.00933511
0.02212,-1.01977e-13,5,5.09297,3.78591,-0.00929725,-0.00929725
0.02213,-1.07637e-13,5,5.09259,3.7917,-0.00925934,-0.00925934
0.02214,-1.91402e-13,5,5.09221,3.79747,-0.00922136,-0.00922136
0.02215,-2.33922e-13,5,5.09183,3.80321,-0.00918333,-0.00918333
0.02216,-2.31978e-13,5,5.09145,3.80893,-0.00914524,-0.00914524
0.02217,-1.84958e-13,5,5.09107,3.81462,-0.0091071,-0.0091071
0.02218,-3.22347e-13,5,5.09069,3.82028,-0.00906889,-0.00906889
0.02219,-3.07801e-13,5,5.09031,3.82592,-0.00903063,-0.00903063
0.0222,-1.48427e-13,5,5.08992,3.83153,-0.00899232,-0.00899232
0.02221,-3.08908e-13,5,5.08954,3.83712,-0.00895395,-0.00895395
0.02222,-1.19614e-13,5,5.08916,3.84268,-0.00891552,-0.00891552
0.02223,-1.64077e-13,5,5.08877,3.84821,-0.00887704,-0.00887704
0.02224,-2.32742e-13,5,5.08839,3.85372,-0.0088385,-0.0088385
0.02225,-1.18499e-13,5,5.088,3.8592,-0.00879991,-0.00879991
0.02226,-2.99075e-13,5,5.08761,3.86465,-0.00876126,-0.00876126
0.02227,-1.18052e-13,5,5.08723,3.87008,-0.00872256,-0.00872256
0.02228,-1.72118e-13,5,5.08684,3.87548,-0.00868381,-0.00868381
0.02229,-1.51022e-13,5,5.08645,3.88086,-0.008645,-0.008645
0.0223,-2.02147e-13,5,5.08606,3.88621,-0.00860614,-0.00860614
0.02231,-2.47886e-13,5,5.08567,3.89153,-0.00856722,-0.00856722
0.02232,-9.97812e-14,5,5.08528,3.89682,-0.00852825,-0.00852825
0.02233,-1.40358e-13,5,5.08489,3.90209,-0.00848923,-0.00848923
0.02234,-7.27444e-14,5,5.0845,3.90734,-0.00845016,-0.00845016
0.02235,-1.71164e-13,5,5.08411,3.91255,-0.00841103,-0.00841103
0.02236,-2.57649e-13,5,5.08372,3.91774,-0.00837186,-0.00837186
0.02237,-2.70748e-13,5,5.08333,3.9229,-0.00833263,-0.00833263
0.02238,-1.51509e-13,5,5.08293,3.92804,-0.00829335,-0.00829335
0.02239,-2.98557e-13,5,5.08254,3.93315,-0.00825401,-0.00825401
0.0224,-8.98888e-14,5,5.08215,3.93823,-0.00821463,-0.00821463
0.02241,-4.3147e-14,5,5.08175,3.94329,-0.0081752,-0.0081752
0.02242,-2.23834e-13,5,5.08136,3.94832,-0.00813572,-0.00813572
0.02243,-1.3174e-13,5,5.08096,3.95332,-0.00809618,-0.00809618
0.02244,-1.78868e-13,5,5.08057,3.95829,-0.0080566,-0.0080566
0.02245,-2.11451e-13,5,5.08017,3.96324,-0.00801697,-0.00801697
0.02246,-1.91966e-13,5,5.07977,3.96816,-0.00797729,-0.00797729
0.02247,-1.99569e-13,5,5.07938,3.97306,-0.00793756,-0.00793756
0.02248,-8.849e-14,5,5.07898,3.97793,-0.00789778,-0.00789778
0.02249,-1.70534e-13,5,5.07858,3.98277,-0.00785795,-0.00785795
0.0225,-1.91683e-13,5,5.07818,3.98758,-0.00781807,-0.00781807
0.02251,-1.28121e-13,5,5.07778,3.99237,-0.00777815,-0.00777815
0.02252,-1.86073e-13,5,5.07738,3.99712,-0.00773818,-0.00773818
0.02253,-1.19681e-13,5,5.07698,4.00186,-0.00769816,-0.00769816
0.02254,-1.40607e-13,5,5.07658,4.00656,-0.00765809,-0.00765809
0.02255,-1.22065e-13,5,5.07618,4.01124,-0.00761798,-0.00761798
0.02256,-5.38961e-14,5,5.07578,4.01589,-0.00757782,-0.00757782
0.02257,-2.69611e-13,5,5.07538,4.02051,-0.00753762,-0.00753762
0.02258,-1.95836e-13,5,5.07497,4.02511,-0.00749737,-0.00749737
0.02259,-1.71576e-13,5,5.07457,4.02968,-0.00745707,-0.00745707
0.0226,-8.38115e-14,5,5.07417,4.03422,-0.00741673,-0.00741673
0.02261,-2.76989e-13,5,5.07376,4.03873,-0.00737634,-0.00737634
0.02262,-1.88725e-13,5,5.07336,4.04322,-0.00733591,-0.00733591
0.02263,-1.69073e-13,5,5.07295,4.04768,-0.00729543,-0.00729543
0.02264,-1.15725e-13,5,5.07255,4.05211,-0.00725491,-0.00725491
0.02265,-4.32822e-14,5,5.07214,4.05651,-0.00721434,-0.00721434
0.02266,-8.23609e-14,5,5.07174,4.06089,-0.00717374,-0.00717374
0.02267,-2.55162e-14,5,5.07133,4.06524,-0.00713308,-0.00713308
0.02268,-1.22715e-13,5,5.07092,4.06956,-0.00709239,-0.00709239
0.02269,-1.72008e-13,5,5.07052,4.07385,-0.00705165,-0.00705165
0.0227,-2.01483e-13,5,5.07011,4.07812,-0.00701087,-0.00701087
0.02271,-1.46313e-14,5,5.0697,4.08236,-0.00697004,-0.00697004
0.02272,-2.13582e-13,5,5.06929,4.08657,-0.00692918,-0.00692918
0.02273,-1.52741e-13,5,5.06888,4.09075,-0.00688827,-0.00688827
0.02274,-9.85607e-14,5,5.06847,4.09491,-0.00684732,-0.00684732
0.02275,-9.3064e-14,5,5.06806,4.09903,-0.00680633,-0.00680633
0.02276,-1.80992e-13,5,5.06765,4.10313,-0.0067653,-0.0067653
0.02277,-2.96233e-13,5,5.06724,4.1072,-0.00672423,-0.00672423
0.02278,-1.48017e-13,5,5.06683,4.11125,-0.00668312,-0.00668312
0.02279,-1.30529e-13,5,5.06642,4.11527,-0.00664196,-0.00664196
0.0228,-1.85929e-13,5,5.06601,4.11925,-0.00660077,-0.00660077
0.02281,-2.59202e-13,5,5.0656,4.12321,-0.00655954,-0.00655954
0.02282,-1.84483e-13,5,5.06518,4.12715,-0.00651827,-0.00651827
0.02283,-1.3974e-13,5,5.06477,4.13105,-0.00647696,-0.00647696
0.02284,-7.82326e-14,5,5.06436,4.13493,-0.00643561,-0.00643561
0.02285,-1.83592e-13,5,5.06394,4.13878,-0.00639422,-0.00639422
0.02286,-1.8731e-13,5,5.06353,4.1426,-0.00635279,-0.00635279
0.02287,-1.64993e-13,5,5.06311,4.14639,-0.00631133,-0.00631133
0.02288,-8.11149e-14,5,5.0627,4.15016,-0.00626983,-0.00626983
0.02289,-2.44039e-13,5,5.06228,4.15389,-0.00622829,-0.00622829
0.0229,-2.83118e-13,5,5.06187,4.1576,-0.00618671,-0.00618671
0.02291,-1.71095e-13,5,5.06145,4.16128,-0.0061451,-0.0061451
0.02292,-1.11309e-13,5,5.06103,4.16494,-0.00610345,-0.00610345
0.02293,-1.96073e-13,5,5.06062,4.16856,-0.00606177,-0.00606177
0.02294,-6.57323e-14,5,5.0602,4.17216,-0.00602004,-0.00602004
0.02295,-4.55252e-14,5,5.05978,4.17572,-0.00597829,-0.00597829
0.02296,-2.36372e-13,5,5.05936,4.17926,-0.00593649,-0.00593649
0.02297,-1.73421e-13,5,5.05895,4.18278,-0.00589467,-0.00589467
0.02298,-7.66641e-14,5,5.05853,4.18626,-0.0058528,-0.0058528
0.02299,-2.82776e-13,5,5.05811,4.18971,-0.00581091,-0.00581091
0.023,-1.08081e-13,5,5.05769,4.19314,-0.00576898,-0.00576898
0.02301,-8.43802e-15,5,5.05727,4.19654,-0.00572701,-0.00572701
0.02302,-1.01751e-13,5,5.05685,4.19991,-0.00568501,-0.00568501
0.02303,-5.37333e-14,5,5.05643,4.20325,-0.00564298,-0.00564298
0.02304,-2.15214e-13,5,5.05601,4.20656,-0.00560091,-0.00560091
0.02305,-1.43993e-13,5,5.05559,4.20985,-0.00555881,-0.00555881
0.02306,-8.28184e-14,5,5.05517,4.2131,-0.00551668,-0.00551668
0.02307,-5.00659e-14,5,5.05475,4.21633,-0.00547452,-0.00547452
0.02308,-1.80405e-13,5,5.05432,4.21953,-0.00543232,-0.00543232
0.02309,-4.31253e-14,5,5.0539,4.2227,-0.0053901,-0.0053901
0.0231,-1.19674e-13,5,5.05348,4.22585,-0.00534784,-0.00534784
0.02311,-9.87457e-14,5,5.05306,4.22896,-0.00530555,-0.00530555
0.02312,-1.26389e-13,5,5.05263,4.23205,-0.00526323,-0.00526323
0.02313,-1.07033e-14,5,5.05221,4.2351,-0.00522088,-0.00522088
0.02314,-1.30884e-13,5,5.05178,4.23813,-0.0051785,-0.0051785
0.02315,-1.8695e-13,5,5.05136,4.24113,-0.00513609,-0.00513609
0.02316,-1.09178e-13,5,5.05094,4.2441,-0.00509364,-0.00509364
0.02317,-5.79955e-14,5,5.05051,4.24705,-0.00505117,-0.00505117
0.02318,-8.30303e-14,5,5.05009,4.24996,-0.00500867,-0.00500867
0.02319,-6.63206e-14,5,5.04966,4.25285,-0.00496615,-0.00496615
0.0232,-1.20055e-13,5,5.04924,4.2557,-0.00492359,-0.00492359
0.02321,-7.51453e-14,5,5.04881,4.25853,-0.004881,-0.004881
0.02322,-4.94984e-14,5,5.04838,4.26133,-0.00483839,-0.00483839
0.02323,-1.63906e-13,5,5.04796,4.2641,-0.00479575,-0.00479575
0.02324,-8.7411e-14,5,5.04753,4.26684,-0.00475308,-0.00475308
0.02325,-6.02098e-14,5,5.0471,4.26956,-0.00471039,-0.00471039
0.02326,-9.81231e-14,5,5.04668,4.27224,-0.00466766,-0.00466766
0.02327,-1.06005e-13,5,5.04625,4.2749,-0.00462491,-0.00462491
0.02328,-1.05449e-13,5,5.04582,4.27752,-0.00458214,-0.00458214
0.02329,-1.20825e-13,5,5.04539,4.28012,-0.00453934,-0.00453934
0.0233,-1.22545e-13,5,5.04497,4.28269,-0.00449651,-0.00449651
0.02331,-1.40808e-13,5,5.04454,4.28523,-0.00445366,-0.00445366
0.02332,-9.49547e-14,5,5.04411,4.28774,-0.00441078,-0.00441078
0.02333,-2.08467e-14,5,5.04368,4.29023,-0.00436788,-0.00436788
0.02334,-7.11391e-14,5,5.04325,4.29268,-0.00432495,-0.00432495
0.02335,-5.99807e-14,5,5.04282,4.29511,-0.004282,-0.004282
0.02336,-8.89013e-14,5,5.04239,4.2975,-0.00423903,-0.00423903
0.02337,-9.17317e-14,5,5.04196,4.29987,-0.00419603,-0.00419603
0.02338,-6.18661e-14,5,5.04153,4.30221,-0.004153,-0.004153
0.02339,-1.0955e-13,5,5.0411,4.30452,-0.00410996,-0.00410996
0.0234,-1.20318e-13,5,5.04067,4.3068,-0.00406689,-0.00406689
0.02341,-3.96042e-14,5,5.04024,4.30905,-0.0040238,-0.0040238
0.02342,-4.29343e-14,5,5.03981,4.31127,-0.00398069,-0.00398069
0.02343,-1.38413e-13,5,5.03938,4.31347,-0.00393755,-0.00393755
0.02344,-1.09546e-13,5,5.03894,4.31563,-0.0038944,-0.0038944
0.02345,-8.38442e-14,5,5.03851,4.31777,-0.00385122,-0.00385122
0.02346,-7.79595e-14,5,5.03808,4.31987,-0.00380802,-0.00380802
0.02347,-1.11543e-13,5,5.03765,4.32195,-0.0037648,-0.0037648
0.02348,-3.64915e-14,5,5.03722,4.324,-0.00372156,-0.00372156
0.02349,-1.05713e-13,5,5.03678,4.32602,-0.0036783,-0.0036783
0.0235,-1.2009e-13,5,5.03635,4.32801,-0.00363502,-0.00363502
0.02351,-1.10819e-13,5,5.03592,4.32997,-0.00359172,-0.00359172
0.02352,1.59132e-15,5,5.03548,4.3319,-0.0035484,-0.0035484
0.02353,-1.04046e-13,5,5.03505,4.33381,-0.00350506,-0.00350506
0.02354,-6.9795e-14,5,5.03462,4.33568,-0.00346171,-0.00346171
0.02355,-1.09152e-13,5,5.03418,4.33753,-0.00341833,-0.00341833
0.02356,-9.7161e-14,5,5.03375,4.33934,-0.00337494,-0.00337494
0.02357,-8.26166e-14,5,5.03332,4.34113,-0.00333153,-0.00333153
0.02358,-6.03561e-14,5,5.03288,4.34289,-0.0032881,-0.0032881
0.02359,-2.78816e-14,5,5.03245,4.34461,-0.00324465,-0.00324465
0.0236,-9.9546e-14,5,5.03201,4.34631,-0.00320119,-0.00320119
0.02361,-5.14174e-14,5,5.03158,4.34798,-0.00315771,-0.00315771
0.02362,-3.67737e-15,5,5.03114,4.34963,-0.00311421,-0.00311421
0.02363,-2.24397e-14,5,5.03071,4.35124,-0.0030707,-0.0030707
0.02364,-6.31289e-14,5,5.03027,4.35282,-0.00302717,-0.00302717
0.02365,-8.40562e-14,5,5.02984,4.35437,-0.00298363,-0.00298363
0.02366,-1.03263e-13,5,5.0294,4.3559,-0.00294007,-0.00294007
0.02367,-2.81001e-14,5,5.02896,4.35739,-0.0028965,-0.0028965
0.02368,-5.30798e-14,5,5.02853,4.35886,-0.00285291,-0.00285291
0.02369,-3.44276e-14,5,5.02809,4.3603,-0.0028093,-0.0028093
0.0237,-2.00872e-15,5,5.02766,4.3617,-0.00276569,-0.00276569
0.02371,-4.5307e-14,5,5.02722,4.36308,-0.00272206,-0.00272206
0.02372,-8.61629e-14,5,5.02678,4.36443,-0.00267841,-0.00267841
0.02373,-4.95252e-14,5,5.02635,4.36575,-0.00263476,-0.00263476
0.02374,-3.37596e-14,5,5.02591,4.36704,-0.00259108,-0.00259108
0.02375,-2.62653e-14,5,5.02547,4.3683,-0.0025474,-0.0025474
0.02376,-4.59714e-14,5,5.02504,4.36954,-0.00250371,-0.00250371
0.02377,-2.94843e-14,5,5.0246,4.37074,-0.00246,-0.00246
0.02378,-2.9928e-14,5,5.02416,4.37191,-0.00241628,-0.00241628
0.02379,-1.81038e-14,5,5.02373,4.37306,-0.00237255,-0.00237255
0.0238,-8.14973e-14,5,5.02329,4.37417,-0.00232881,-0.00232881
0.02381,-5.46851e-14,5,5.02285,4.37526,-0.00228505,-0.00228505
0.02382,-5.93477e-14,5,5.02241,4.37631,-0.00224129,-0.00224129
0.02383,-7.79992e-14,5,5.02198,4.37734,-0.00219752,-0.00219752
0.02384,-3.94187e-14,5,5.02154,4.37834,-0.00215373,-0.00215373
0.02385,-7.38909e-14,5,5.0211,4.37931,-0.00210994,-0.00210994
0.02386,-5.91801e-14,5,5.02066,4.38025,-0.00206614,-0.00206614
0.02387,-7.47785e-14,5,5.02022,4.38116,-0.00202233,-0.00202233
0.02388,-3.25343e-14,5,5.01979,4.38204,-0.00197851,-0.00197851
0.02389,-4.64674e-14,5,5.01935,4.38289,-0.00193468,-0.00193468
0.0239,-5.72196e-15,5,5.01891,4.38371,-0.00189084,-0.00189084
0.02391,-3.00356e-14,5,5.01847,4.38451,-0.001847,-0.001847
0.02392,-7.13912e-14,5,5.01803,4.38527,-0.00180314,-0.00180314
0.02393,-2.80923e-14,5,5.01759,4.386,-0.00175928,-0.00175928
0.02394,-2.84807e-14,5,5.01715,4.38671,-0.00171542,-0.00171542
0.02395,-5.11034e-15,5,5.01672,4.38738,-0.00167154,-0.00167154
0.02396,-6.37855e-14,5,5.01628,4.38803,-0.00162766,-0.00162766
0.02397,-2.91463e-14,5,5.01584,4.38865,-0.00158378,-0.00158378
0.02398,-4.13586e-14,5,5.0154,4.38924,-0.00153988,-0.00153988
0.02399,-1.61564e-14,5,5.01496,4.38979,-0.00149599,-0.00149599
0.024,-4.28016e-14,5,5.01452,4.39032,-0.00145208,-0.00145208
0.02401,-4.28015e-14,5,5.01408,4.39082,-0.00140817,-0.00140817
0.02402,-2.6148e-14,5,5.01364,4.39129,-0.00136426,-0.00136426
0.02403,-3.38084e-14,5,5.0132,4.39173,-0.00132034,-0.00132034
0.02404,-2.4649e-14,5,5.01276,4.39215,-0.00127642,-0.00127642
0.02405,-3.15878e-14,5,5.01232,4.39253,-0.0012325,-0.0012325
0.02406,-1.92642e-14,5,5.01189,4.39288,-0.00118857,-0.00118857
0.02407,-4.04694e-14,5,5.01145,4.3932,-0.00114464,-0.00114464
0.02408,-3.75272e-14,5,5.01101,4.3935,-0.0011007,-0.0011007
0.02409,-2.63694e-14,5,5.01057,4.39376,-0.00105676,-0.00105676
0.0241,-1.19365e-14,5,5.01013,4.394,-0.00101282,-0.00101282
0.02411,-1.61552e-14,5,5.00969,4.39421,-0.000968882,-0.000968882
0.02412,-2.13732e-14,5,5.00925,4.39438,-0.000924938,-0.000924938
0.02413,-1.2769e-14,5,5.00881,4.39453,-0.000880992,-0.000880992
0.02414,-2.10956e-14,5,5.00837,4.39465,-0.000837046,-0.000837046
0.02415,-9.04969e-15,5,5.00793,4.39474,-0.000793099,-0.000793099
0.02416,-2.74239e-14,5,5.00749,4.3948,-0.000749151,-0.000749151
0.02417,-3.06435e-14,5,5.00705,4.39483,-0.000705202,-0.000705202
0.02418,-1.84311e-14,5,5.00661,4.39483,-0.000661254,-0.000661254
0.02419,-7.82845e-15,5,5.00617,4.3948,-0.000617306,-0.000617306
0.0242,-4.60882e-15,5,5.00573,4.39475,-0.000573358,-0.000573358
0.02421,-1.73764e-14,5,5.00529,4.39466,-0.000529412,-0.000529412
0.02422,-7.99507e-15,5,5.00485,4.39454,-0.000485466,-0.000485466
0.02423,-5.21955e-15,5,5.00442,4.3944,-0.000441522,-0.000441522
0.02424,-1.2214e-14,5,5.00398,4.39422,-0.00039758,-0.00039758
0.02425,4.42469e-16,5,5.00354,4.39402,-0.00035364,-0.00035364
0.02426,2.16325e-15,5,5.0031,4.39379,-0.000309702,-0.000309702
0.02427,-8.16191e-15,5,5.00266,4.39353,-0.000265767,-0.000265767
0.02428,-3.05497e-15,5,5.00222,4.39323,-0.000221835,-0.000221835
0.02429,-2.79503e-16,5,5.00178,4.39291,-0.000177905,-0.000177905
0.0243,-2.77761e-15,5,5.00134,4.39256,-0.00013398,-0.00013398
0.02431,-6.12782e-16,5,5.0009,4.39218,-9.00579e-05,-9.00579e-05
0.02432,-8.90456e-16,5,5.00046,4.39178,-4.61402e-05,-4.61402e-05
0.02433,7.19241e-16,5,5.00002,4.39134,-2.2268e-06,-2.2268e-06
0.02434,1.21871e-15,5,4.99958,4.39087,4.16819e-05,4.16819e-05
0.02435,2.49532e-15,5,4.99914,4.39038,8.55857e-05,8.55857e-05
0.02436,3.6609e-15,5,4.99871,4.38985,0.000129484,0.000129484
0.02437,4.82648e-15,5,4.99827,4.3893,0.000173377,0.000173377
0.02438,6.2696e-15,5,4.99783,4.38871,0.000217264,0.000217264
0.02439,5.27023e-15,5,4.99739,4.3881,0.000261145,0.000261145
0.0244,1.05436e-14,5,4.99695,4.38746,0.00030502,0.00030502
0.02441,8.21194e-15,5,4.99651,4.38679,0.000348888,0.000348888
0.02442,1.34298e-14,5,4.99607,4.38609,0.000392749,0.000392749
0.02443,6.60171e-15,5,4.99563,4.38536,0.000436602,0.000436602
0.02444,7.76723e-15,5,4.9952,4.3846,0.000480448,0.000480448
0.02445,9.15479e-15,5,4.99476,4.38381,0.000524286,0.000524286
0.02446,7.26718e-15,5,4.99432,4.38299,0.000568116,0.000568116
0.02447,1.69259e-14,5,4.99388,4.38215,0.000611937,0.000611937
0.02448,1.45942e-14,5,4.99344,4.38127,0.00065575,0.00065575
0.02449,2.33647e-14,5,4.993,4.38037,0.000699554,0.000699554
0.0245,1.40385e-14,5,4.99257,4.37943,0.000743348,0.000743348
0.02451,1.82016e-14,5,4.99213,4.37847,0.000787133,0.000787133
0.02452,2.18651e-14,5,4.99169,4.37748,0.000830908,0.000830908
0.02453,2.24199e-14,5,4.99125,4.37646,0.000874672,0.000874672
0.02454,2.87478e-14,5,4.99082,4.37541,0.000918426,0.000918426
0.02455,1.80339e-14,5,4.99038,4.37433,0.00096217,0.00096217
0.02456,7.48646e-15,5,4.98994,4.37322,0.0010059,0.0010059
0.02457,3.96271e-14,5,4.9895,4.37208,0.00104962,0.00104962
0.02458,2.63596e-14,5,4.98907,4.37092,0.00109333,0.00109333
0.02459,3.29651e-14,5,4.98863,4.36972,0.00113703,0.00113703
0.0246,2.21956e-14,5,4.98819,4.3685,0.00118071,0.00118071
0.02461,2.51928e-14,5,4.98776,4.36725,0.00122439,0.00122439
0.02462,2.73019e-14,5,4.98732,4.36596,0.00126805,0.00126805
0.02463,2.54142e-14,5,4.98688,4.36465,0.00131169,0.00131169
0.02464,2.76897e-14,5,4.98645,4.36331,0.00135533,0.00135533
0.02465,2.50803e-14,5,4.98601,4.36194,0.00139895,0.00139895
0.02466,5.70654e-15,5,4.98557,4.36055,0.00144255,0.00144255
0.02467,2.59122e-14,5,4.98514,4.35912,0.00148614,0.00148614
0.02468,5.37229e-14,5,4.9847,4.35766,0.00152972,0.00152972
0.02469,5.44441e-14,5,4.98427,4.35618,0.00157328,0.00157328
0.0247,1.89165e-14,5,4.98383,4.35467,0.00161683,0.00161683
0.02471,2.01374e-14,5,4.9834,4.35312,0.00166036,0.00166036
0.02472,1.47523e-14,5,4.98296,4.35155,0.00170387,0.00170387
0.02473,4.17303e-14,5,4.98253,4.34995,0.00174737,0.00174737
0.02474,5.18884e-14,5,4.98209,4.34832,0.00179086,0.00179086
0.02475,4.9945e-14,5,4.98166,4.34667,0.00183432,0.00183432
0.02476,3.78986e-14,5,4.98122,4.34498,0.00187777,0.00187777
0.02477,1.46945e-14,5,4.98079,4.34327,0.00192121,0.00192121
0.02478,6.17675e-14,5,4.98035,4.34152,0.00196462,0.00196462
0.02479,3.02921e-14,5,4.97992,4.33975,0.00200802,0.00200802
0.0248,2.42409e-14,5,4.97949,4.33795,0.0020514,0.0020514
0.02481,3.12348e-14,5,4.97905,4.33612,0.00209476,0.00209476
0.02482,6.42634e-14,5,4.97862,4.33426,0.0021381,0.0021381
0.02483,4.83312e-14,5,4.97819,4.33237,0.00218143,0.00218143
0.02484,1.91318e-14,5,4.97775,4.33045,0.00222473,0.00222473
0.02485,3.80606e-14,5,4.97732,4.32851,0.00226801,0.00226801
0.02486,2.12956e-14,5,4.97689,4.32654,0.00231128,0.00231128
0.02487,5.30475e-14,5,4.97645,4.32453,0.00235453,0.00235453
0.02488,4.37765e-14,5,4.97602,4.3225,0.00239775,0.00239775
0.02489,4.33319e-14,5,4.97559,4.32044,0.00244096,0.00244096
0.0249,7.03097e-14,5,4.97516,4.31836,0.00248414,0.00248414
0.02491,8.37428e-14,5,4.97473,4.31624,0.0025273,0.0025273
0.02492,3.94443e-14,5,4.9743,4.31409,0.00257044,0.00257044
0.02493,6.12596e-14,5,4.97386,4.31192,0.00261356,0.00261356
0.02494,1.413e-14,5,4.97343,4.30972,0.00265666,0.00265666
0.02495,1.61833e-14,5,4.973,4.30749,0.00269973,0.00269973
0.02496,1.19083e-14,5,4.97257,4.30523,0.00274279,0.00274279
0.02497,1.13771e-13,5,4.97214,4.30294,0.00278582,0.00278582
0.02498,9.00112e-14,5,4.97171,4.30063,0.00282882,0.00282882
0.02499,1.04221e-13,5,4.97128,4.29828,0.0028718,0.0028718
0.025,8.95658e-14,5,4.97085,4.29591,0.00291476,0.00291476
0.02501,3.33323e-14,5,4.97042,4.29351,0.0029577,0.0029577
0.02502,9.05081e-14,5,4.96999,4.29108,0.00300061,0.00300061
0.02503,1.52898e-14,5,4.96957,4.28862,0.0030435,0.0030435
0.02504,7.05227e-14,5,4.96914,4.28613,0.00308636,0.00308636
0.02505,1.18706e-13,5,4.96871,4.28362,0.00312919,0.00312919
0.02506,7.58504e-14,5,4.96828,4.28108,0.003172,0.003172
0.02507,2.60007e-14,5,4.96785,4.27851,0.00321479,0.00321479
0.02508,1.07102e-13,5,4.96742,4.27591,0.00325755,0.00325755
0.02509,1.13318e-13,5,4.967,4.27328,0.00330028,0.00330028
0.0251,6.31909e-14,5,4.96657,4.27062,0.00334299,0.00334299
0.02511,2.94949e-14,5,4.96614,4.26794,0.00338567,0.00338567
0.02512,2.51088e-14,5,4.96572,4.26523,0.00342832,0.00342832
0.02513,1.17201e-13,5,4.96529,4.26249,0.00347094,0.00347094
0.02514,2.8882e-14,5,4.96486,4.25972,0.00351354,0.00351354
0.02515,4.89207e-14,5,4.96444,4.25692,0.00355611,0.00355611
0.02516,6.53512e-14,5,4.96401,4.2541,0.00359865,0.00359865
0.02517,7.72853e-14,5,4.96359,4.25125,0.00364116,0.00364116
0.02518,1.3757e-13,5,4.96316,4.24836,0.00368365,0.00368365
0.02519,1.25967e-13,5,4.96274,4.24546,0.0037261,0.0037261
0.0252,3.2985e-14,5,4.96231,4.24252,0.00376853,0.00376853
0.02521,1.30573e-13,5,4.96189,4.23955,0.00381092,0.00381092
0.02522,5.8939e-15,5,4.96147,4.23656,0.00385329,0.00385329
0.02523,9.57101e-14,5,4.96104,4.23354,0.00389562,0.00389562
0.02524,9.53207e-14,5,4.96062,4.23049,0.00393793,0.00393793
0.02525,9.49867e-14,5,4.9602,4.22742,0.0039802,0.0039802
0.02526,1.16081e-14,5,4.95978,4.22431,0.00402245,0.00402245
0.02527,1.00425e-13,5,4.95935,4.22118,0.00406466,0.00406466
0.02528,1.02423e-13,5,4.95893,4.21802,0.00410684,0.00410684
0.02529,1.53436e-13,5,4.95851,4.21483,0.00414899,0.00414899
0.0253,4.57439e-14,5,4.95809,4.21162,0.0041911,0.0041911
0.02531,1.37225e-13,5,4.95767,4.20838,0.00423319,0.00423319
0.02532,1.00643e-13,5,4.95725,4.20511,0.00427524,0.00427524
0.02533,1.1785e-13,5,4.95683,4.20181,0.00431725,0.00431725
0.02534,8.35989e-14,5,4.95641,4.19848,0.00435924,0.00435924
0.02535,6.04498e-14,5,4.95599,4.19513,0.00440119,0.00440119
0.02536,1.08133e-13,5,4.95557,4.19175,0.00444311,0.00444311
0.02537,1.13128e-13,5,4.95515,4.18834,0.00448499,0.00448499
0.02538,1.29725e-13,5,4.95473,4.1849,0.00452684,0.00452684
0.02539,1.5265e-13,5,4.95431,4.18144,0.00456866,0.00456866
0.0254,1.169e-13,5,4.9539,4.17795,0.00461043,0.00461043
0.02541,1.25392e-13,5,4.95348,4.17443,0.00465218,0.00465218
0.02542,1.07628e-13,5,4.95306,4.17088,0.00469389,0.00469389
0.02543,1.04185e-13,5,4.95264,4.16731,0.00473556,0.00473556
0.02544,1.52812e-13,5,4.95223,4.16371,0.0047772,0.0047772
0.02545,6.12172e-14,5,4.95181,4.16008,0.0048188,0.0048188
0.02546,8.90273e-14,5,4.9514,4.15642,0.00486036,0.00486036
0.02547,9.541e-14,5,4.95098,4.15274,0.00490189,0.00490189
0.02548,1.07066e-13,5,4.95057,4.14903,0.00494338,0.00494338
0.02549,1.48255e-13,5,4.95015,4.14529,0.00498483,0.00498483
0.0255,6.98162e-14,5,4.94974,4.14152,0.00502625,0.00502625
0.02551,6.08779e-14,5,4.94932,4.13773,0.00506763,0.00506763
0.02552,1.37538e-13,5,4.94891,4.13391,0.00510897,0.00510897
0.02553,1.42366e-13,5,4.9485,4.13007,0.00515027,0.00515027
0.02554,-2.76101e-14,5,4.94808,4.12619,0.00519153,0.00519153
0.02555,2.03704e-13,5,4.94767,4.12229,0.00523275,0.00523275
0.02556,1.59349e-13,5,4.94726,4.11836,0.00527393,0.00527393
0.02557,1.23546e-14,5,4.94685,4.11441,0.00531508,0.00531508
0.02558,1.60346e-13,5,4.94644,4.11043,0.00535618,0.00535618
0.02559,8.86247e-14,5,4.94603,4.10642,0.00539725,0.00539725
0.0256,7.58005e-14,5,4.94562,4.10238,0.00543827,0.00543827
0.02561,1.7039e-13,5,4.94521,4.09832,0.00547925,0.00547925
0.02562,7.7075e-14,5,4.9448,4.09423,0.0055202,0.0055202
0.02563,1.80047e-13,5,4.94439,4.09011,0.0055611,0.0055611
0.02564,1.78658e-13,5,4.94398,4.08597,0.00560196,0.00560196
0.02565,1.106e-13,5,4.94357,4.0818,0.00564277,0.00564277
0.02566,2.38386e-13,5,4.94316,4.0776,0.00568355,0.00568355
0.02567,2.59434e-14,5,4.94276,4.07338,0.00572428,0.00572428
0.02568,1.85093e-13,5,4.94235,4.06913,0.00576498,0.00576498
0.02569,6.08021e-14,5,4.94194,4.06485,0.00580562,0.00580562
0.0257,1.85569e-14,5,4.94154,4.06055,0.00584623,0.00584623
0.02571,1.93693e-13,5,4.94113,4.05622,0.00588679,0.00588679
0.02572,1.50504e-13,5,4.94073,4.05186,0.00592731,0.00592731
0.02573,2.46593e-13,5,4.94032,4.04748,0.00596779,0.00596779
0.02574,2.68297e-13,5,4.93992,4.04307,0.00600822,0.00600822
0.02575,-6.56082e-16,5,4.93951,4.03863,0.0060486,0.0060486
0.02576,1.30349e-13,5,4.93911,4.03417,0.00608894,0.00608894
0.02577,9.85954e-14,5,4.93871,4.02968,0.00612924,0.00612924
0.02578,2.4853e-13,5,4.93831,4.02517,0.00616949,0.00616949
0.02579,1.22175e-14,5,4.9379,4.02062,0.0062097,0.0062097
0.0258,6.96147e-14,5,4.9375,4.01606,0.00624986,0.00624986
0.02581,1.88685e-13,5,4.9371,4.01146,0.00628997,0.00628997
0.02582,2.48469e-13,5,4.9367,4.00684,0.00633004,0.00633004
0.02583,1.15462e-14,5,4.9363,4.00219,0.00637006,0.00637006
0.02584,1.47603e-13,5,4.9359,3.99752,0.00641004,0.00641004
0.02585,7.28834e-14,5,4.9355,3.99282,0.00644997,0.00644997
0.02586,1.10796e-13,5,4.9351,3.9881,0.00648985,0.00648985
0.02587,1.27115e-13,5,4.9347,3.98335,0.00652968,0.00652968
0.02588,9.89142e-14,5,4.93431,3.97857,0.00656947,0.00656947
0.02589,1.14289e-13,5,4.93391,3.97376,0.00660921,0.00660921
0.0259,2.58617e-13,5,4.93351,3.96893,0.0066489,0.0066489
0.02591,1.60194e-13,5,4.93311,3.96408,0.00668854,0.00668854
0.02592,2.4024e-13,5,4.93272,3.9592,0.00672813,0.00672813
0.02593,8.09119e-15,5,4.93232,3.95429,0.00676767,0.00676767
0.02594,1.07288e-13,5,4.93193,3.94936,0.00680716,0.00680716
0.02595,4.19502e-14,5,4.93153,3.9444,0.00684661,0.00684661
0.02596,2.23137e-13,5,4.93114,3.93941,0.006886,0.006886
0.02597,1.4975e-13,5,4.93075,3.9344,0.00692535,0.00692535
0.02598,2.27742e-13,5,4.93035,3.92937,0.00696464,0.00696464
0.02599,2.92022e-13,5,4.92996,3.92431,0.00700388,0.00700388
0.026,2.88468e-13,5,4.92957,3.91922,0.00704308,0.00704308
0.02601,1.60625e-13,5,4.92918,3.91411,0.00708222,0.00708222
0.02602,7.68014e-14,5,4.92879,3.90897,0.00712131,0.00712131
0.02603,8.89569e-14,5,4.9284,3.9038,0.00716034,0.00716034
0.02604,1.92889e-14,5,4.92801,3.89861,0.00719933,0.00719933
0.02605,2.55709e-13,5,4.92762,3.8934,0.00723826,0.00723826
0.02606,4.68751e-14,5,4.92723,3.88816,0.00727715,0.00727715
0.02607,1.16762e-13,5,4.92684,3.88289,0.00731598,0.00731598
0.02608,2.77354e-13,5,4.92645,3.8776,0.00735475,0.00735475
0.02609,1.10708e-13,5,4.92607,3.87229,0.00739347,0.00739347
0.0261,1.05878e-13,5,4.92568,3.86695,0.00743214,0.00743214
0.02611,2.94503e-13,5,4.92529,3.86158,0.00747076,0.00747076
0.02612,1.37571e-13,5,4.92491,3.85619,0.00750932,0.00750932
0.02613,1.16365e-13,5,4.92452,3.85077,0.00754783,0.00754783
0.02614,2.55363e-13,5,4.92414,3.84533,0.00758628,0.00758628
0.02615,1.21358e-13,5,4.92375,3.83986,0.00762468,0.00762468
0.02616,1.88358e-13,5,4.92337,3.83437,0.00766302,0.00766302
0.02617,1.31957e-13,5,4.92299,3.82885,0.00770131,0.00770131
0.02618,8.02192e-14,5,4.9226,3.82331,0.00773955,0.00773955
0.02619,1.58433e-13,5,4.92222,3.81774,0.00777772,0.00777772
0.0262,1.4855e-13,5,4.92184,3.81215,0.00781584,0.00781584
0.02621,5.7344e-14,5,4.92146,3.80653,0.00785391,0.00785391
0.02622,1.16406e-13,5,4.92108,3.80089,0.00789192,0.00789192
0.02623,1.00251e-13,5,4.9207,3.79523,0.00792987,0.00792987
0.02624,1.21899e-13,5,4.92032,3.78954,0.00796777,0.00796777
0.02625,2.91928e-13,5,4.91994,3.78382,0.00800561,0.00800561
0.02626,2.63671e-13,5,4.91957,3.77808,0.00804339,0.00804339
0.02627,1.42933e-13,5,4.91919,3.77232,0.00808111,0.00808111
0.02628,2.6006e-13,5,4.91881,3.76653,0.00811877,0.00811877
0.02629,1.47426e-13,5,4.91844,3.76071,0.00815638,0.00815638
0.0263,1.30826e-13,5,4.91806,3.75487,0.00819393,0.00819393
0.02631,1.92331e-13,5,4.91769,3.74901,0.00823142,0.00823142
0.02632,1.97992e-13,5,4.91731,3.74313,0.00826885,0.00826885
0.02633,2.38957e-13,5,4.91694,3.73721,0.00830622,0.00830622
0.02634,1.76228e-13,5,4.91656,3.73128,0.00834354,0.00834354
0.02635,9.60126e-14,5,4.91619,3.72532,0.00838079,0.00838079
0.02636,1.95765e-13,5,4.91582,3.71933,0.00841798,0.00841798
0.02637,2.15747e-13,5,4.91545,3.71333,0.00845512,0.00845512
0.02638,2.34785e-13,5,4.91508,3.70729,0.00849219,0.00849219
0.02639,1.02057e-13,5,4.91471,3.70124,0.0085292,0.0085292
0.0264,2.32617e-13,5,4.91434,3.69516,0.00856615,0.00856615
0.02641,1.29864e-13,5,4.91397,3.68905,0.00860304,0.00860304
0.02642,2.04026e-13,5,4.9136,3.68293,0.00863987,0.00863987
0.02643,1.80987e-13,5,4.91323,3.67677,0.00867664,0.00867664
0.02644,1.25363e-13,5,4.91287,3.6706,0.00871335,0.00871335
0.02645,2.12847e-13,5,4.9125,3.6644,0.00874999,0.00874999
0.02646,1.62219e-13,5,4.91213,3.65817,0.00878657,0.00878657
0.02647,1.44509e-13,5,4.91177,3.65193,0.00882309,0.00882309
0.02648,1.01097e-13,5,4.9114,3.64566,0.00885955,0.00885955
0.02649,1.9824e-13,5,4.91104,3.63936,0.00889594,0.00889594
0.0265,1.45336e-13,5,4.91068,3.63304,0.00893227,0.00893227
0.02651,1.03923e-13,5,4.91031,3.6267,0.00896854,0.00896854
0.02652,1.19576e-13,5,4.90995,3.62034,0.00900474,0.00900474
0.02653,1.2185e-13,5,4.90959,3.61395,0.00904088,0.00904088
0.02654,2.65455e-13,5,4.90923,3.60754,0.00907696,0.00907696
0.02655,1.3417e-13,5,4.90887,3.6011,0.00911297,0.00911297
0.02656,1.05191e-13,5,4.90851,3.59464,0.00914891,0.00914891
0.02657,9.88611e-14,5,4.90815,3.58816,0.0091848,0.0091848
0.02658,1.46765e-13,5,4.90779,3.58165,0.00922061,0.00922061
0.02659,1.64416e-13,5,4.90744,3.57513,0.00925636,0.00925636
0.0266,2.9259e-13,5,4.90708,3.56857,0.00929205,0.00929205
0.02661,1.01074e-13,5,4.90672,3.562,0.00932767,0.00932767
0.02662,2.94362e-13,5,4.90637,3.5554,0.00936322,0.00936322
0.02663,2.10372e-13,5,4.90601,3.54878,0.00939871,0.00939871
0.02664,2.07983e-13,5,4.90566,3.54214,0.00943413,0.00943413
0.02665,7.51986e-14,5,4.90531,3.53547,0.00946949,0.00946949
0.02666,1.66291e-13,5,4.90495,3.52878,0.00950478,0.00950478
0.02667,1.51134e-13,5,4.9046,3.52207,0.00954,0.00954
0.02668,1.5202e-13,5,4.90425,3.51533,0.00957515,0.00957515
0.02669,1.75278e-13,5,4.9039,3.50858,0.00961024,0.00961024
0.0267,1.11272e-13,5,4.90355,3.5018,0.00964525,0.00964525
0.02671,1.89263e-13,5,4.9032,3.49499,0.0096802,0.0096802
0.02672,1.81378e-13,5,4.90285,3.48817,0.00971509,0.00971509
0.02673,1.9864e-13,5,4.9025,3.48132,0.0097499,0.0097499
0.02674,2.36109e-13,5,4.90215,3.47445,0.00978464,0.00978464
0.02675,2.86677e-13,5,4.90181,3.46756,0.00981932,0.00981932
0.02676,2.27056e-13,5,4.90146,3.46064,0.00985392,0.00985392
0.02677,2.73129e-13,5,4.90112,3.4537,0.00988846,0.00988846
0.02678,2.97274e-13,5,4.90077,3.44674,0.00992293,0.00992293
0.02679,2.83394e-13,5,4.90043,3.43976,0.00995733,0.00995733
0.0268,2.13171e-13,5,4.90008,3.43276,0.00999165,0.00999165
0.02681,1.79751e-13,5,4.89974,3.42573,0.0100259,0.0100259
0.02682,2.74118e-13,5,4.8994,3.41868,0.0100601,0.0100601
0.02683,1.30176e-13,5,4.89906,3.41161,0.0100942,0.0100942
0.02684,2.89269e-13,5,4.89872,3.40452,0.0101283,0.0101283
0.02685,1.53598e-13,5,4.89838,3.3974,0.0101622,0.0101622
0.02686,1.46435e-13,5,4.89804,3.39027,0.0101961,0.0101961
0.02687,2.33974e-13,5,4.8977,3.38311,0.01023,0.01023
0.02688,1.53036e-13,5,4.89736,3.37593,0.0102637,0.0102637
0.02689,3.2029e-13,5,4.89703,3.36873,0.0102974,0.0102974
0.0269,2.4074e-13,5,4.89669,3.3615,0.010331,0.010331
0.02691,4.40412e-13,5,4.89635,3.35426,0.0103646,0.0103646
0.02692,1.92608e-13,5,4.89602,3.34699,0.010398,0.010398
0.02693,1.32765e-13,5,4.89569,3.3397,0.0104314,0.0104314
0.02694,4.39462e-13,5,4.89535,3.33239,0.0104648,0.0104648
0.02695,1.52134e-13,5,4.89502,3.32506,0.010498,0.010498
0.02696,3.5447e-13,5,4.89469,3.31771,0.0105312,0.0105312
0.02697,8.16864e-14,5,4.89436,3.31034,0.0105643,0.0105643
0.02698,1.8599e-13,5,4.89403,3.30294,0.0105973,0.0105973
0.02699,3.80443e-13,5,4.8937,3.29552,0.0106303,0.0106303
0.027,1.48682e-13,5,4.89337,3.28809,0.0106632,0.0106632
0.02701,1.08934e-13,5,4.89304,3.28063,0.010696,0.010696
0.02702,4.22903e-13,5,4.89271,3.27315,0.0107287,0.0107287
0.02703,3.40356e-13,5,4.89239,3.26565,0.0107614,0.0107614
0.02704,2.4604e-13,5,4.89206,3.25813,0.0107939,0.0107939
0.02705,6.7792e-14,5,4.89174,3.25058,0.0108264,0.0108264
0.02706,4.13513e-13,5,4.89141,3.24302,0.0108589,0.0108589
0.02707,6.99527e-14,5,4.89109,3.23544,0.0108912,0.0108912
0.02708,3.23026e-13,5,4.89076,3.22783,0.0109235,0.0109235
0.02709,1.82747e-13,5,4.89044,3.2202,0.0109557,0.0109557
0.0271,2.48692e-13,5,4.89012,3.21256,0.0109878,0.0109878
0.02711,4.36318e-13,5,4.8898,3.20489,0.0110199,0.0110199
0.02712,4.31542e-13,5,4.88948,3.1972,0.0110519,0.0110519
0.02713,3.73031e-13,5,4.88916,3.1895,0.0110837,0.0110837
0.02714,1.70135e-13,5,4.88884,3.18177,0.0111156,0.0111156
0.02715,4.12162e-13,5,4.88853,3.17402,0.0111473,0.0111473
0.02716,3.22176e-13,5,4.88821,3.16625,0.011179,0.011179
0.02717,3.06294e-14,5,4.88789,3.15846,0.0112106,0.0112106
0.02718,3.48262e-13,5,4.88758,3.15065,0.0112421,0.0112421
0.02719,2.64605e-13,5,4.88727,3.14282,0.0112735,0.0112735
0.0272,3.59027e-13,5,4.88695,3.13497,0.0113048,0.0113048
0.02721,5.26557e-13,5,4.88664,3.1271,0.0113361,0.0113361
0.02722,2.05534e-13,5,4.88633,3.11921,0.0113673,0.0113673
0.02723,1.96484e-13,5,4.88602,3.1113,0.0113984,0.0113984
0.02724,3.88717e-13,5,4.88571,3.10337,0.0114294,0.0114294
0.02725,-1.29089e-14,5,4.8854,3.09542,0.0114604,0.0114604
0.02726,4.68482e-13,5,4.88509,3.08745,0.0114913,0.0114913
0.02727,3.51739e-13,5,4.88478,3.07946,0.0115221,0.0115221
0.02728,4.27621e-13,5,4.88447,3.07145,0.0115528,0.0115528
0.02729,1.20642e-13,5,4.88417,3.06342,0.0115834,0.0115834
0.0273,-9.81139e-15,5,4.88386,3.05537,0.011614,0.011614
0.02731,3.66385e-13,5,4.88356,3.04731,0.0116444,0.0116444
0.02732,2.13117e-13,5,4.88325,3.03922,0.0116748,0.0116748
0.02733,8.39402e-14,5,4.88295,3.03111,0.0117051,0.0117051
0.02734,5.30581e-13,5,4.88265,3.02299,0.0117354,0.0117354
0.02735,2.8372e-13,5,4.88234,3.01484,0.0117655,0.0117655
0.02736,3.45891e-13,5,4.88204,3.00668,0.0117956,0.0117956
0.02737,3.53493e-13,5,4.88174,2.99849,0.0118256,0.0118256
0.02738,1.68417e-13,5,4.88145,2.99029,0.0118555,0.0118555
0.02739,3.32617e-13,5,4.88115,2.98207,0.0118853,0.0118853
0.0274,2.49459e-13,5,4.88085,2.97383,0.011915,0.011915
0.02741,2.29805e-13,5,4.88055,2.96557,0.0119447,0.0119447
0.02742,3.55369e-13,5,4.88026,2.95729,0.0119743,0.0119743
0.02743,4.78435e-13,5,4.87996,2.94899,0.0120038,0.0120038
0.02744,2.22193e-13,5,4.87967,2.94068,0.0120332,0.0120332
0.02745,1.1733e-13,5,4.87938,2.93234,0.0120625,0.0120625
0.02746,4.65383e-13,5,4.87908,2.92399,0.0120917,0.0120917
0.02747,4.29132e-13,5,4.87879,2.91562,0.0121209,0.0121209
0.02748,7.89653e-14,5,4.8785,2.90723,0.01215,0.01215
0.02749,1.65616e-13,5,4.87821,2.89882,0.0121789,0.0121789
0.0275,3.01061e-13,5,4.87792,2.89039,0.0122078,0.0122078
0.02751,9.54451e-14,5,4.87763,2.88194,0.0122367,0.0122367
0.02752,6.65214e-14,5,4.87735,2.87348,0.0122654,0.0122654
0.02753,5.03003e-13,5,4.87706,2.865,0.0122941,0.0122941
0.02754,9.99899e-14,5,4.87677,2.8565,0.0123226,0.0123226
0.02755,5.19149e-14,5,4.87649,2.84798,0.0123511,0.0123511
0.02756,1.87249e-13,5,4.87621,2.83944,0.0123795,0.0123795
0.02757,3.3263e-13,5,4.87592,2.83088,0.0124078,0.0124078
0.02758,8.55475e-14,5,4.87564,2.82231,0.012436,0.012436
0.02759,4.05844e-13,5,4.87536,2.81372,0.0124642,0.0124642
0.0276,4.32598e-13,5,4.87508,2.80511,0.0124922,0.0124922
0.02761,2.12716e-13,5,4.8748,2.79649,0.0125202,0.0125202
0.02762,2.46021e-13,5,4.87452,2.78784,0.0125481,0.0125481
0.02763,3.48436e-13,5,4.87424,2.77918,0.0125758,0.0125758
0.02764,3.34112e-13,5,4.87396,2.7705,0.0126036,0.0126036
0.02765,4.70278e-13,5,4.87369,2.7618,0.0126312,0.0126312
0.02766,1.1284e-13,5,4.87341,2.75309,0.0126587,0.0126587
0.02767,4.34858e-13,5,4.87314,2.74436,0.0126861,0.0126861
0.02768,1.0684e-13,5,4.87286,2.73561,0.0127135,0.0127135
0.02769,2.98351e-13,5,4.87259,2.72684,0.0127408,0.0127408
0.0277,1.31038e-13,5,4.87232,2.71806,0.012768,0.012768
0.02771,8.90688e-14,5,4.87205,2.70926,0.012795,0.012795
0.02772,4.27462e-13,5,4.87178,2.70044,0.012822,0.012822
0.02773,2.62758e-13,5,4.87151,2.6916,0.012849,0.012849
0.02774,3.01281e-13,5,4.87124,2.68275,0.0128758,0.0128758
0.02775,3.38304e-13,5,4.87097,2.67388,0.0129025,0.0129025
0.02776,3.94645e-13,5,4.87071,2.665,0.0129292,0.0129292
0.02777,2.62249e-13,5,4.87044,2.65609,0.0129557,0.0129557
0.02778,4.13292e-13,5,4.87018,2.64717,0.0129822,0.0129822
0.02779,4.0896e-13,5,4.86991,2.63824,0.0130086,0.0130086
0.0278,4.90781e-13,5,4.86965,2.62928,0.0130349,0.0130349
0.02781,-1.08205e-14,5,4.86939,2.62032,0.0130611,0.0130611
0.02782,2.79389e-13,5,4.86913,2.61133,0.0130872,0.0130872
0.02783,2.33701e-13,5,4.86887,2.60233,0.0131132,0.0131132
0.02784,3.14467e-13,5,4.86861,2.59331,0.0131392,0.0131392
0.02785,7.29358e-14,5,4.86835,2.58427,0.013165,0.013165
0.02786,1.95613e-13,5,4.86809,2.57522,0.0131908,0.0131908
0.02787,4.57901e-13,5,4.86784,2.56615,0.0132164,0.0132164
0.02788,4.05995e-13,5,4.86758,2.55707,0.013242,0.013242
0.02789,2.66993e-13,5,4.86733,2.54797,0.0132675,0.0132675
0.0279,2.65935e-13,5,4.86707,2.53886,0.0132929,0.0132929
0.02791,3.99437e-13,5,4.86682,2.52972,0.0133182,0.0133182
0.02792,2.072e-13,5,4.86657,2.52058,0.0133434,0.0133434
0.02793,3.64627e-13,5,4.86632,2.51141,0.0133685,0.0133685
0.02794,4.08533e-13,5,4.86607,2.50223,0.0133935,0.0133935
0.02795,5.56246e-13,5,4.86582,2.49304,0.0134184,0.0134184
0.02796,1.14097e-13,5,4.86557,2.48383,0.0134433,0.0134433
0.02797,2.0591e-13,5,4.86532,2.4746,0.013468,0.013468
0.02798,3.62116e-13,5,4.86507,2.46536,0.0134927,0.0134927
0.02799,3.39187e-13,5,4.86483,2.4561,0.0135172,0.0135172
0.028,3.4679e-13,5,4.86458,2.44683,0.0135417,0.0135417
0.02801,3.65494e-13,5,4.86434,2.43754,0.0135661,0.0135661
0.02802,3.74596e-13,5,4.8641,2.42824,0.0135904,0.0135904
0.02803,3.51778e-13,5,4.86385,2.41892,0.0136145,0.0136145
0.02804,5.0049e-13,5,4.86361,2.40959,0.0136386,0.0136386
0.02805,3.4067e-13,5,4.86337,2.40024,0.0136626,0.0136626
0.02806,3.00256e-13,5,4.86313,2.39088,0.0136865,0.0136865
0.02807,1.23339e-13,5,4.8629,2.3815,0.0137104,0.0137104
0.02808,4.62343e-13,5,4.86266,2.3721,0.0137341,0.0137341
0.02809,3.7652e-13,5,4.86242,2.3627,0.0137577,0.0137577
0.0281,6.03261e-14,5,4.86219,2.35327,0.0137812,0.0137812
0.02811,3.89061e-13,5,4.86195,2.34384,0.0138047,0.0138047
0.02812,4.17424e-13,5,4.86172,2.33438,0.013828,0.013828
0.02813,1.0828e-13,5,4.86149,2.32492,0.0138513,0.0138513
0.02814,3.32542e-13,5,4.86126,2.31544,0.0138744,0.0138744
0.02815,3.67956e-13,5,4.86103,2.30594,0.0138975,0.0138975
0.02816,4.00483e-13,5,4.8608,2.29643,0.0139205,0.0139205
0.02817,3.87102e-13,5,4.86057,2.28691,0.0139433,0.0139433
0.02818,5.10778e-13,5,4.86034,2.27737,0.0139661,0.0139661
0.02819,2.71078e-13,5,4.86011,2.26781,0.0139888,0.0139888
0.0282,7.55653e-14,5,4.85989,2.25825,0.0140114,0.0140114
0.02821,3.30414e-13,5,4.85966,2.24867,0.0140338,0.0140338
0.02822,3.03433e-13,5,4.85944,2.23907,0.0140562,0.0140562
0.02823,3.98022e-13,5,4.85921,2.22946,0.0140785,0.0140785
0.02824,5.61555e-13,5,4.85899,2.21984,0.0141007,0.0141007
0.02825,5.75663e-14,5,4.85877,2.21021,0.0141228,0.0141228
0.02826,1.94898e-13,5,4.85855,2.20056,0.0141448,0.0141448
0.02827,7.21235e-15,5,4.85833,2.19089,0.0141667,0.0141667
0.02828,3.45717e-13,5,4.85811,2.18121,0.0141886,0.0141886
0.02829,2.41353e-13,5,4.8579,2.17152,0.0142103,0.0142103
0.0283,5.42748e-13,5,4.85768,2.16182,0.0142319,0.0142319
0.02831,2.78068e-13,5,4.85747,2.1521,0.0142534,0.0142534
0.02832,2.93276e-13,5,4.85725,2.14237,0.0142748,0.0142748
0.02833,2.96021e-13,5,4.85704,2.13263,0.0142962,0.0142962
0.02834,4.47508e-13,5,4.85683,2.12287,0.0143174,0.0143174
0.02835,2.25405e-13,5,4.85661,2.1131,0.0143385,0.0143385
0.02836,2.42972e-13,5,4.8564,2.10332,0.0143596,0.0143596
0.02837,4.30097e-13,5,4.8562,2.09352,0.0143805,0.0143805
0.02838,3.32451e-14,5,4.85599,2.08371,0.0144013,0.0144013
0.02839,1.16509e-13,5,4.85578,2.07389,0.0144221,0.0144221
0.0284,1.51173e-13,5,4.85557,2.06405,0.0144427,0.0144427
0.02841,2.89338e-13,5,4.85537,2.05421,0.0144632,0.0144632
0.02842,4.54425e-13,5,4.85516,2.04435,0.0144837,0.0144837
0.02843,3.41318e-13,5,4.85496,2.03447,0.014504,0.014504
0.02844,5.53063e-13,5,4.85476,2.02459,0.0145243,0.0145243
0.02845,9.99503e-14,5,4.85456,2.01469,0.0145444,0.0145444
0.02846,3.72199e-14,5,4.85436,2.00478,0.0145645,0.0145645
0.02847,5.09562e-13,5,4.85416,1.99486,0.0145844,0.0145844
0.02848,2.96118e-13,5,4.85396,1.98492,0.0146043,0.0146043
0.02849,2.2112e-13,5,4.85376,1.97498,0.014624,0.014624
0.0285,1.98274e-13,5,4.85356,1.96502,0.0146437,0.0146437
0.02851,3.67248e-13,5,4.85337,1.95505,0.0146632,0.0146632
0.02852,4.11904e-13,5,4.85317,1.94506,0.0146827,0.0146827
0.02853,2.42231e-13,5,4.85298,1.93507,0.014702,0.014702
0.02854,4.49202e-13,5,4.85279,1.92506,0.0147213,0.0147213
0.02855,3.09223e-14,5,4.8526,1.91504,0.0147404,0.0147404
0.02856,2.58127e-13,5,4.85241,1.90501,0.0147595,0.0147595
0.02857,1.26618e-13,5,4.85222,1.89497,0.0147784,0.0147784
0.02858,4.50051e-13,5,4.85203,1.88492,0.0147973,0.0147973
0.02859,2.21953e-13,5,4.85184,1.87485,0.014816,0.014816
0.0286,2.53647e-13,5,4.85165,1.86478,0.0148347,0.0148347
0.02861,4.45851e-13,5,4.85147,1.85469,0.0148532,0.0148532
0.02862,2.43483e-13,5,4.85128,1.84459,0.0148717,0.0148717
0.02863,2.27076e-13,5,4.8511,1.83448,0.01489,0.01489
0.02864,2.94048e-13,5,4.85092,1.82436,0.0149083,0.0149083
0.02865,3.40563e-13,5,4.85074,1.81423,0.0149264,0.0149264
0.02866,4.89219e-13,5,4.85056,1.80408,0.0149444,0.0149444
0.02867,1.79325e-13,5,4.85038,1.79393,0.0149624,0.0149624
0.02868,4.40697e-13,5,4.8502,1.78376,0.0149802,0.0149802
0.02869,2.55703e-13,5,4.85002,1.77359,0.0149979,0.0149979
0.0287,1.9733e-13,5,4.84984,1.7634,0.0150156,0.0150156
0.02871,6.10053e-13,5,4.84967,1.7532,0.0150331,0.0150331
0.02872,2.45703e-13,5,4.84949,1.743,0.0150505,0.0150505
0.02873,3.56139e-13,5,4.84932,1.73278,0.0150679,0.0150679
0.02874,3.73206e-13,5,4.84915,1.72255,0.0150851,0.0150851
0.02875,4.09813e-13,5,4.84898,1.71231,0.0151022,0.0151022
0.02876,1.23123e-13,5,4.84881,1.70206,0.0151192,0.0151192
0.02877,3.06112e-13,5,4.84864,1.6918,0.0151362,0.0151362
0.02878,3.86573e-13,5,4.84847,1.68153,0.015153,0.015153
0.02879,2.45849e-13,5,4.8483,1.67125,0.0151697,0.0151697
0.0288,4.46602e-13,5,4.84814,1.66096,0.0151863,0.0151863
0.02881,6.40916e-13,5,4.84797,1.65066,0.0152028,0.0152028
0.02882,4.79876e-13,5,4.84781,1.64035,0.0152192,0.0152192
0.02883,2.95687e-13,5,4.84764,1.63003,0.0152355,0.0152355
0.02884,1.92267e-13,5,4.84748,1.6197,0.0152517,0.0152517
0.02885,2.72533e-13,5,4.84732,1.60936,0.0152678,0.0152678
0.02886,1.83684e-13,5,4.84716,1.59901,0.0152838,0.0152838
0.02887,4.81443e-13,5,4.847,1.58865,0.0152997,0.0152997
0.02888,1.29e-13,5,4.84685,1.57828,0.0153155,0.0153155
0.02889,1.34965e-13,5,4.84669,1.56791,0.0153311,0.0153311
0.0289,3.70163e-13,5,4.84653,1.55752,0.0153467,0.0153467
0.02891,2.49645e-13,5,4.84638,1.54712,0.0153622,0.0153622
0.02892,3.24554e-13,5,4.84622,1.53672,0.0153775,0.0153775
0.02893,4.62885e-13,5,4.84607,1.5263,0.0153928,0.0153928
0.02894,3.04426e-13,5,4.84592,1.51588,0.015408,0.015408
0.02895,3.97515e-13,5,4.84577,1.50545,0.015423,0.015423
0.02896,3.80082e-13,5,4.84562,1.495,0.015438,0.015438
0.02897,3.43997e-13,5,4.84547,1.48455,0.0154528,0.0154528
0.02898,6.07588e-13,5,4.84532,1.4741,0.0154676,0.0154676
0.02899,1.24056e-13,5,4.84518,1.46363,0.0154822,0.0154822
0.029,5.7422e-13,5,4.84503,1.45315,0.0154967,0.0154967
0.02901,2.27467e-13,5,4.84489,1.44267,0.0155112,0.0155112
0.02902,3.08122e-13,5,4.84475,1.43217,0.0155255,0.0155255
0.02903,4.48174e-13,5,4.8446,1.42167,0.0155397,0.0155397
0.02904,2.78695e-13,5,4.84446,1.41116,0.0155538,0.0155538
0.02905,3.39366e-13,5,4.84432,1.40064,0.0155678,0.0155678
0.02906,2.59677e-13,5,4.84418,1.39011,0.0155817,0.0155817
0.02907,1.22978e-13,5,4.84404,1.37958,0.0155955,0.0155955
0.02908,4.66561e-13,5,4.84391,1.36904,0.0156092,0.0156092
0.02909,4.62728e-13,5,4.84377,1.35849,0.0156228,0.0156228
0.0291,1.92413e-13,5,4.84364,1.34793,0.0156363,0.0156363
0.02911,4.17897e-13,5,4.8435,1.33736,0.0156496,0.0156496
0.02912,5.36521e-13,5,4.84337,1.32679,0.0156629,0.0156629
0.02913,3.99461e-13,5,4.84324,1.3162,0.0156761,0.0156761
0.02914,8.46543e-14,5,4.84311,1.30561,0.0156891,0.0156891
0.02915,1.23898e-13,5,4.84298,1.29502,0.0157021,0.0157021
0.02916,1.38827e-13,5,4.84285,1.28441,0.0157149,0.0157149
0.02917,2.05049e-13,5,4.84272,1.2738,0.0157277,0.0157277
0.02918,3.97448e-13,5,4.8426,1.26318,0.0157403,0.0157403
0.02919,3.35411e-13,5,4.84247,1.25255,0.0157528,0.0157528
0.0292,5.47156e-13,5,4.84235,1.24192,0.0157652,0.0157652
0.02921,4.23196e-13,5,4.84222,1.23128,0.0157775,0.0157775
0.02922,4.90334e-13,5,4.8421,1.22063,0.0157898,0.0157898
0.02923,1.37724e-13,5,4.84198,1.20997,0.0158019,0.0158019
0.02924,1.18154e-13,5,4.84186,1.19931,0.0158138,0.0158138
0.02925,5.01511e-13,5,4.84174,1.18864,0.0158257,0.0158257
0.02926,2.20177e-13,5,4.84162,1.17796,0.0158375,0.0158375
0.02927,2.52232e-13,5,4.84151,1.16728,0.0158492,0.0158492
0.02928,6.65565e-13,5,4.84139,1.15659,0.0158607,0.0158607
0.02929,1.63214e-13,5,4.84128,1.14589,0.0158722,0.0158722
0.0293,1.76006e-13,5,4.84116,1.13519,0.0158836,0.0158836
0.02931,5.42543e-13,5,4.84105,1.12448,0.0158948,0.0158948
0.02932,1.91293e-13,5,4.84094,1.11377,0.0159059,0.0159059
0.02933,9.64219e-14,5,4.84083,1.10305,0.015917,0.015917
0.02934,3.22044e-13,5,4.84072,1.09232,0.0159279,0.0159279
0.02935,4.76806e-13,5,4.84061,1.08158,0.0159387,0.0159387
0.02936,3.96312e-13,5,4.84051,1.07084,0.0159494,0.0159494
0.02937,1.42734e-13,5,4.8404,1.0601,0.01596,0.01596
0.02938,2.32465e-13,5,4.84029,1.04935,0.0159705,0.0159705
0.02939,4.45566e-14,5,4.84019,1.03859,0.0159809,0.0159809
0.0294,3.21554e-13,5,4.84009,1.02783,0.0159912,0.0159912
0.02941,4.41317e-13,5,4.83999,1.01706,0.0160013,0.0160013
0.02942,2.35811e-13,5,4.83989,1.00628,0.0160114,0.0160114
0.02943,2.18614e-13,5,4.83979,0.9955,0.0160214,0.0160214
0.02944,2.20623e-13,5,4.83969,0.984715,0.0160312,0.0160312
0.02945,5.26931e-13,5,4.83959,0.973923,0.016041,0.016041
0.02946,5.78445e-14,5,4.83949,0.963126,0.0160506,0.0160506
0.02947,4.61671e-13,5,4.8394,0.952324,0.0160601,0.0160601
0.02948,2.02917e-13,5,4.8393,0.941517,0.0160695,0.0160695
0.02949,2.4674e-13,5,4.83921,0.930705,0.0160788,0.0160788
0.0295,6.48221e-13,5,4.83912,0.919888,0.016088,0.016088
0.02951,3.25157e-13,5,4.83903,0.909065,0.0160971,0.0160971
0.02952,2.4118e-13,5,4.83894,0.898238,0.0161061,0.0161061
0.02953,4.49926e-13,5,4.83885,0.887406,0.016115,0.016115
0.02954,5.4983e-13,5,4.83876,0.876569,0.0161237,0.0161237
0.02955,3.66251e-13,5,4.83868,0.865728,0.0161324,0.0161324
0.02956,6.33534e-13,5,4.83859,0.854882,0.0161409,0.0161409
0.02957,4.9399e-13,5,4.83851,0.844031,0.0161494,0.0161494
0.02958,4.537e-13,5,4.83842,0.833176,0.0161577,0.0161577
0.02959,5.63595e-13,5,4.83834,0.822316,0.0161659,0.0161659
0.0296,4.19402e-13,5,4.83826,0.811452,0.0161741,0.0161741
0.02961,7.11498e-14,5,4.83818,0.800584,0.0161821,0.0161821
0.02962,2.50614e-13,5,4.8381,0.789712,0.01619,0.01619
0.02963,5.52273e-13,5,4.83802,0.778836,0.0161977,0.0161977
0.02964,3.42798e-13,5,4.83795,0.767955,0.0162054,0.0162054
0.02965,5.80133e-13,5,4.83787,0.757071,0.016213,0.016213
0.02966,1.7544e-13,5,4.8378,0.746183,0.0162205,0.0162205
0.02967,3.13216e-13,5,4.83772,0.735291,0.0162278,0.0162278
0.02968,1.31289e-13,5,4.83765,0.724395,0.0162351,0.0162351
0.02969,3.58673e-13,5,4.83758,0.713495,0.0162422,0.0162422
0.0297,3.59781e-13,5,4.83751,0.702592,0.0162492,0.0162492
0.02971,4.08225e-13,5,4.83744,0.691686,0.0162561,0.0162561
0.02972,5.49845e-13,5,4.83737,0.680776,0.0162629,0.0162629
0.02973,3.75398e-13,5,4.8373,0.669862,0.0162696,0.0162696
0.02974,6.12219e-13,5,4.83724,0.658945,0.0162762,0.0162762
0.02975,3.95667e-13,5,4.83717,0.648026,0.0162827,0.0162827
0.02976,2.25051e-13,5,4.83711,0.637102,0.0162891,0.0162891
0.02977,3.71972e-13,5,4.83705,0.626176,0.0162953,0.0162953
0.02978,1.9826e-13,5,4.83699,0.615247,0.0163015,0.0163015
0.02979,4.29697e-13,5,4.83692,0.604315,0.0163075,0.0163075
0.0298,2.00128e-13,5,4.83687,0.59338,0.0163135,0.0163135
0.02981,4.62151e-13,5,4.83681,0.582442,0.0163193,0.0163193
0.02982,5.76418e-13,5,4.83675,0.571502,0.016325,0.016325
0.02983,3.58159e-13,5,4.83669,0.560559,0.0163306,0.0163306
0.02984,5.31753e-13,5,4.83664,0.549613,0.0163361,0.0163361
0.02985,4.57129e-13,5,4.83658,0.538665,0.0163415,0.0163415
0.02986,1.76073e-13,5,4.83653,0.527714,0.0163468,0.0163468
0.02987,1.84897e-13,5,4.83648,0.516761,0.0163519,0.0163519
0.02988,5.24955e-13,5,4.83643,0.505806,0.016357,0.016357
0.02989,1.00472e-13,5,4.83638,0.494848,0.016362,0.016362
0.0299,5.44003e-13,5,4.83633,0.483889,0.0163668,0.0163668
0.02991,3.0458e-13,5,4.83628,0.472927,0.0163715,0.0163715
0.02992,3.32236e-13,5,4.83624,0.461963,0.0163761,0.0163761
0.02993,4.3989e-13,5,4.83619,0.450998,0.0163807,0.0163807
0.02994,2.12915e-13,5,4.83615,0.440031,0.0163851,0.0163851
0.02995,6.00755e-13,5,4.83611,0.429061,0.0163893,0.0163893
0.02996,2.78954e-13,5,4.83606,0.418091,0.0163935,0.0163935
0.02997,1.96607e-13,5,4.83602,0.407118,0.0163976,0.0163976
0.02998,3.93196e-13,5,4.83598,0.396144,0.0164016,0.0164016
0.02999,4.53277e-13,5,4.83595,0.385169,0.0164054,0.0164054
0.03,4.1604e-13,5,4.83591,0.374192,0.0164091,0.0164091
0.03001,5.47883e-13,5,4.83587,0.363214,0.0164128,0.0164128
0.03002,4.32986e-13,5,4.83584,0.352234,0.0164163,0.0164163
0.03003,1.10151e-13,5,4.8358,0.341254,0.0164197,0.0164197
0.03004,7.28095e-14,5,4.83577,0.330272,0.016423,0.016423
0.03005,3.59563e-13,5,4.83574,0.319289,0.0164262,0.0164262
0.03006,5.54147e-13,5,4.83571,0.308306,0.0164293,0.0164293
0.03007,4.67582e-13,5,4.83568,0.297321,0.0164323,0.0164323
0.03008,1.3821e-13,5,4.83565,0.286336,0.0164351,0.0164351
0.03009,5.90066e-14,5,4.83562,0.275349,0.0164379,0.0164379
0.0301,4.95543e-13,5,4.83559,0.264363,0.0164405,0.0164405
0.03011,5.76441e-13,5,4.83557,0.253375,0.0164431,0.0164431
0.03012,3.39773e-13,5,4.83555,0.242387,0.0164455,0.0164455
0.03013,5.05686e-13,5,4.83552,0.231399,0.0164478,0.0164478
0.03014,4.30049e-13,5,4.8355,0.22041,0.01645,0.01645
0.03015,1.50825e-13,5,4.83548,0.209421,0.0164521,0.0164521
0.03016,1.60696e-13,5,4.83546,0.198432,0.0164541,0.0164541
0.03017,4.9759e-13,5,4.83544,0.187443,0.016456,0.016456
0.03018,6.25458e-14,5,4.83542,0.176453,0.0164577,0.0164577
0.03019,4.85101e-13,5,4.83541,0.165464,0.0164594,0.0164594
0.0302,2.11556e-13,5,4.83539,0.154474,0.0164609,0.0164609
0.03021,1.89345e-13,5,4.83538,0.143485,0.0164624,0.0164624
0.03022,4.56423e-13,5,4.83536,0.132496,0.0164637,0.0164637
0.03023,5.96031e-13,5,4.83535,0.121507,0.0164649,0.0164649
0.03024,4.18815e-13,5,4.83534,0.110519,0.016466,0.016466
0.03025,6.44965e-13,5,4.83533,0.099531,0.016467,0.016467
0.03026,4.031e-13,5,4.83532,0.0885436,0.0164679,0.0164679
0.03027,1.86149e-13,5,4.83531,0.0775567,0.0164687,0.0164687
0.03028,2.59715e-13,5,4.83531,0.0665705,0.0164693,0.0164693
0.03029,6.62123e-13,5,4.8353,0.055585,0.0164699,0.0164699
0.0303,2.94889e-13,5,4.8353,0.0446004,0.0164703,0.0164703
0.03031,3.33369e-13,5,4.83529,0.0336166,0.0164707,0.0164707
0.03032,3.61386e-13,5,4.83529,0.0226337,0.0164709,0.0164709
0.03033,1.90247e-13,5,4.83529,0.0116519,0.016471,0.016471
0.03034,5.40859e-13,5,4.83529,0.00067113,0.016471,0.016471
0.03035,8.78833e-14,5,4.83529,-0.0103084,0.0164709,0.0164709
0.03036,4.61964e-13,5,4.83529,-0.0212868,0.0164707,0.0164707
0.03037,1.10643e-13,5,4.8353,-0.0322638,0.0164704,0.0164704
0.03038,2.10086e-13,5,4.8353,-0.0432394,0.0164699,0.0164699
0.03039,3.44992e-13,5,4.83531,-0.0542136,0.0164694,0.0164694
0.0304,3.27581e-13,5,4.83531,-0.0651863,0.0164687,0.0164687
0.03041,1.97612e-13,5,4.83532,-0.0761573,0.016468,0.016468
0.03042,4.49755e-13,5,4.83533,-0.0871267,0.0164671,0.0164671
0.03043,2.14617e-13,5,4.83534,-0.0980943,0.0164661,0.0164661
0.03044,4.41974e-13,5,4.83535,-0.10906,0.016465,0.016465
0.03045,4.90177e-13,5,4.83536,-0.120024,0.0164638,0.0164638
0.03046,3.99895e-13,5,4.83537,-0.130986,0.0164625,0.0164625
0.03047,4.39376e-13,5,4.83539,-0.141946,0.0164611,0.0164611
0.03048,1.94954e-13,5,4.8354,-0.152904,0.0164596,0.0164596
0.03049,3.90057e-13,5,4.83542,-0.163859,0.0164579,0.0164579
0.0305,3.84092e-13,5,4.83544,-0.174812,0.0164562,0.0164562
0.03051,2.1882e-13,5,4.83546,-0.185763,0.0164543,0.0164543
0.03052,3.90995e-13,5,4.83548,-0.196712,0.0164524,0.0164524
0.03053,2.60746e-13,5,4.8355,-0.207658,0.0164503,0.0164503
0.03054,3.25327e-13,5,4.83552,-0.218602,0.0164481,0.0164481
0.03055,4.00132e-13,5,4.83554,-0.229543,0.0164458,0.0164458
0.03056,5.282e-13,5,4.83557,-0.240481,0.0164434,0.0164434
0.03057,7.07294e-14,5,4.83559,-0.251416,0.0164409,0.0164409
0.03058,4.3556e-13,5,4.83562,-0.262349,0.0164383,0.0164383
0.03059,7.4963e-14,5,4.83564,-0.273279,0.0164355,0.0164355
0.0306,1.70002e-13,5,4.83567,-0.284205,0.0164327,0.0164327
0.03061,3.10425e-13,5,4.8357,-0.295129,0.0164297,0.0164297
0.03062,3.13666e-13,5,4.83573,-0.306049,0.0164267,0.0164267
0.03063,2.24855e-13,5,4.83576,-0.316967,0.0164235,0.0164235
0.03064,3.16827e-13,5,4.8358,-0.327881,0.0164202,0.0164202
0.03065,4.07998e-13,5,4.83583,-0.338791,0.0164168,0.0164168
0.03066,8.97529e-14,5,4.83587,-0.349699,0.0164134,0.0164134
0.03067,9.07005e-14,5,4.8359,-0.360602,0.0164097,0.0164097
0.03068,4.57682e-13,5,4.83594,-0.371503,0.016406,0.016406
0.03069,1.01019e-13,5,4.83598,-0.382399,0.0164022,0.0164022
0.0307,2.05183e-13,5,4.83602,-0.393292,0.0163983,0.0163983
0.03071,3.63366e-13,5,4.83606,-0.404181,0.0163942,0.0163942
0.03072,3.96531e-13,5,4.8361,-0.415066,0.0163901,0.0163901
0.03073,3.53417e-13,5,4.83614,-0.425948,0.0163858,0.0163858
0.03074,5.10524e-13,5,4.83619,-0.436825,0.0163815,0.0163815
0.03075,4.6265e-13,5,4.83623,-0.447698,0.016377,0.016377
0.03076,2.59753e-13,5,4.83628,-0.458567,0.0163724,0.0163724
0.03077,4.06945e-13,5,4.83632,-0.469432,0.0163677,0.0163677
0.03078,2.72917e-13,5,4.83637,-0.480293,0.0163629,0.0163629
0.03079,3.63654e-13,5,4.83642,-0.491149,0.016358,0.016358
0.0308,2.76096e-13,5,4.83647,-0.502001,0.016353,0.016353
0.03081,2.89742e-13,5,4.83652,-0.512848,0.0163478,0.0163478
0.03082,2.29822e-13,5,4.83657,-0.523691,0.0163426,0.0163426
0.03083,1.49383e-13,5,4.83663,-0.534529,0.0163373,0.0163373
0.03084,3.29333e-13,5,4.83668,-0.545362,0.0163318,0.0163318
0.03085,3.68931e-13,5,4.83674,-0.556191,0.0163262,0.0163262
0.03086,3.22666e-13,5,4.83679,-0.567014,0.0163206,0.0163206
0.03087,4.72904e-13,5,4.83685,-0.577833,0.0163148,0.0163148
0.03088,4.2038e-13,5,4.83691,-0.588647,0.0163089,0.0163089
0.03089,2.21106e-13,5,4.83697,-0.599455,0.0163029,0.0163029
0.0309,3.86311e-13,5,4.83703,-0.610259,0.0162968,0.0162968
0.03091,2.90933e-13,5,4.83709,-0.621057,0.0162906,0.0162906
0.03092,4.4727e-13,5,4.83716,-0.63185,0.0162843,0.0162843
0.03093,4.58661e-13,5,4.83722,-0.642638,0.0162778,0.0162778
0.03094,3.83774e-13,5,4.83729,-0.65342,0.0162713,0.0162713
0.03095,5.09156e-13,5,4.83735,-0.664197,0.0162647,0.0162647
0.03096,4.39792e-13,5,4.83742,-0.674968,0.0162579,0.0162579
0.03097,2.36036e-13,5,4.83749,-0.685733,0.0162511,0.0162511
0.03098,4.13502e-13,5,4.83756,-0.696493,0.0162441,0.0162441
0.03099,1.24147e-13,5,4.83763,-0.707247,0.016237,0.016237
0.031,3.39541e-13,5,4.8377,-0.717995,0.0162298,0.0162298
0.03101,4.40194e-13,5,4.83777,-0.728737,0.0162226,0.0162226
0.03102,4.89346e-13,5,4.83785,-0.739473,0.0162152,0.0162152
0.03103,5.50877e-13,5,4.83792,-0.750203,0.0162077,0.0162077
0.03104,4.61862e-13,5,4.838,-0.760927,0.0162001,0.0162001
0.03105,5.14747e-13,5,4.83808,-0.771645,0.0161923,0.0161923
0.03106,5.47884e-13,5,4.83815,-0.782357,0.0161845,0.0161845
0.03107,6.27651e-13,5,4.83823,-0.793062,0.0161766,0.0161766
0.03108,3.66274e-13,5,4.83831,-0.80376,0.0161685,0.0161685
0.03109,5.13528e-13,5,4.8384,-0.814452,0.0161604,0.0161604
0.0311,4.55585e-13,5,4.83848,-0.825138,0.0161521,0.0161521
0.03111,2.61404e-13,5,4.83856,-0.835817,0.0161438,0.0161438
0.03112,2.28025e-13,5,4.83865,-0.846489,0.0161353,0.0161353
0.03113,1.98379e-13,5,4.83873,-0.857155,0.0161268,0.0161268
0.03114,4.70839e-13,5,4.83882,-0.867813,0.0161181,0.0161181
0.03115,6.62335e-13,5,4.83891,-0.878465,0.0161093,0.0161093
0.03116,3.9055e-13,5,4.839,-0.88911,0.0161004,0.0161004
0.03117,1.83282e-13,5,4.83909,-0.899747,0.0160914,0.0160914
0.03118,3.4175e-13,5,4.83918,-0.910378,0.0160823,0.0160823
0.03119,2.58355e-13,5,4.83927,-0.921001,0.0160731,0.0160731
0.0312,4.63091e-13,5,4.83936,-0.931617,0.0160638,0.0160638
0.03121,5.77247e-13,5,4.83946,-0.942226,0.0160544,0.0160544
0.03122,4.50137e-13,5,4.83955,-0.952827,0.0160448,0.0160448
0.03123,1.59256e-13,5,4.83965,-0.963421,0.0160352,0.0160352
0.03124,2.37607e-13,5,4.83975,-0.974007,0.0160254,0.0160254
0.03125,8.2048e-14,5,4.83984,-0.984586,0.0160156,0.0160156
0.03126,4.54483e-13,5,4.83994,-0.995157,0.0160057,0.0160057
0.03127,5.25965e-13,5,4.84004,-1.00572,0.0159956,0.0159956
0.03128,3.77803e-13,5,4.84015,-1.01628,0.0159854,0.0159854
0.03129,9.21393e-14,5,4.84025,-1.02682,0.0159752,0.0159752
0.0313,2.06628e-13,5,4.84035,-1.03736,0.0159648,0.0159648
0.03131,1.22859e-13,5,4.84046,-1.04789,0.0159543,0.0159543
0.03132,3.80136e-13,5,4.84056,-1.05842,0.0159437,0.0159437
0.03133,3.81646e-13,5,4.84067,-1.06893,0.015933,0.015933
0.03134,4.40971e-13,5,4.84078,-1.07944,0.0159222,0.0159222
0.03135,4.17722e-13,5,4.84089,-1.08994,0.0159113,0.0159113
0.03136,6.27121e-13,5,4.841,-1.10043,0.0159003,0.0159003
0.03137,4.75754e-13,5,4.84111,-1.11091,0.0158892,0.0158892
0.03138,2.80504e-13,5,4.84122,-1.12138,0.015878,0.015878
0.03139,1.31787e-13,5,4.84133,-1.13185,0.0158667,0.0158667
0.0314,1.2089e-13,5,4.84145,-1.1423,0.0158553,0.0158553
0.03141,5.6728e-13,5,4.84156,-1.15275,0.0158437,0.0158437
0.03142,1.99751e-13,5,4.84168,-1.16319,0.0158321,0.0158321
0.03143,4.76472e-13,5,4.8418,-1.17362,0.0158204,0.0158204
0.03144,3.55357e-13,5,4.84191,-1.18404,0.0158085,0.0158085
0.03145,1.59483e-13,5,4.84203,-1.19445,0.0157966,0.0157966
0.03146,4.40228e-13,5,4.84215,-1.20485,0.0157845,0.0157845
0.03147,3.85574e-13,5,4.84228,-1.21525,0.0157724,0.0157724
0.03148,3.21345e-13,5,4.8424,-1.22563,0.0157601,0.0157601
0.03149,5.74307e-13,5,4.84252,-1.23601,0.0157478,0.0157478
0.0315,1.07871e-13,5,4.84265,-1.24637,0.0157353,0.0157353
0.03151,6.14907e-13,5,4.84277,-1.25673,0.0157227,0.0157227
0.03152,3.78649e-13,5,4.8429,-1.26707,0.0157101,0.0157101
0.03153,6.39104e-13,5,4.84303,-1.27741,0.0156973,0.0156973
0.03154,1.36087e-13,5,4.84316,-1.28774,0.0156844,0.0156844
0.03155,5.66379e-13,5,4.84329,-1.29806,0.0156714,0.0156714
0.03156,2.16961e-13,5,4.84342,-1.30836,0.0156584,0.0156584
0.03157,3.31783e-13,5,4.84355,-1.31866,0.0156452,0.0156452
0.03158,3.36776e-13,5,4.84368,-1.32895,0.0156319,0.0156319
0.03159,3.40909e-13,5,4.84382,-1.33923,0.0156185,0.0156185
0.0316,2.26831e-13,5,4.84395,-1.3495,0.015605,0.015605
0.03161,1.05619e-13,5,4.84409,-1.35976,0.0155914,0.0155914
0.03162,3.1667e-13,5,4.84422,-1.37,0.0155777,0.0155777
0.03163,5.18284e-13,5,4.84436,-1.38024,0.0155639,0.0155639
0.03164,3.69872e-13,5,4.8445,-1.39047,0.01555,0.01555
0.03165,4.41256e-13,5,4.84464,-1.40069,0.015536,0.015536
0.03166,3.93902e-13,5,4.84478,-1.41089,0.0155219,0.0155219
0.03167,3.4505e-13,5,4.84492,-1.42109,0.0155077,0.0155077
0.03168,4.12965e-13,5,4.84507,-1.43128,0.0154934,0.0154934
0.03169,2.62221e-13,5,4.84521,-1.44145,0.0154789,0.0154789
0.0317,2.4068e-13,5,4.84536,-1.45162,0.0154644,0.0154644
0.03171,4.69744e-13,5,4.8455,-1.46177,0.0154498,0.0154498
0.03172,3.89944e-13,5,4.84565,-1.47191,0.0154351,0.0154351
0.03173,5.79651e-13,5,4.8458,-1.48204,0.0154203,0.0154203
0.03174,4.81504e-13,5,4.84595,-1.49217,0.0154053,0.0154053
0.03175,4.4875e-13,5,4.8461,-1.50228,0.0153903,0.0153903
0.03176,3.81023e-13,5,4.84625,-1.51237,0.0153752,0.0153752
0.03177,4.06334e-13,5,4.8464,-1.52246,0.01536,0.01536
0.03178,1.99219e-13,5,4.84655,-1.53254,0.0153446,0.0153446
0.03179,1.17337e-13,5,4.84671,-1.5426,0.0153292,0.0153292
0.0318,5.19568e-13,5,4.84686,-1.55266,0.0153137,0.0153137
0.03181,4.01687e-13,5,4.84702,-1.5627,0.0152981,0.0152981
0.03182,3.52141e-13,5,4.84718,-1.57273,0.0152823,0.0152823
0.03183,5.05904e-13,5,4.84733,-1.58275,0.0152665,0.0152665
0.03184,5.44259e-13,5,4.84749,-1.59276,0.0152506,0.0152506
0.03185,3.77168e-13,5,4.84765,-1.60275,0.0152346,0.0152346
0.03186,1.42992e-13,5,4.84782,-1.61274,0.0152184,0.0152184
0.03187,4.36088e-13,5,4.84798,-1.62271,0.0152022,0.0152022
0.03188,4.87793e-13,5,4.84814,-1.63267,0.0151859,0.0151859
0.03189,4.40079e-13,5,4.84831,-1.64262,0.0151694,0.0151694
0.0319,2.08789e-13,5,4.84847,-1.65256,0.0151529,0.0151529
0.03191,1.65626e-13,5,4.84864,-1.66248,0.0151363,0.0151363
0.03192,2.28906e-13,5,4.8488,-1.67239,0.0151196,0.0151196
0.03193,3.18082e-13,5,4.84897,-1.68229,0.0151028,0.0151028
0.03194,3.53829e-13,5,4.84914,-1.69218,0.0150858,0.0150858
0.03195,4.85415e-13,5,4.84931,-1.70206,0.0150688,0.0150688
0.03196,1.81267e-13,5,4.84948,-1.71192,0.0150517,0.0150517
0.03197,5.02674e-13,5,4.84966,-1.72177,0.0150345,0.0150345
0.03198,2.38465e-13,5,4.84983,-1.73161,0.0150172,0.0150172
0.03199,2.24974e-13,5,4.85,-1.74144,0.0149997,0.0149997
0.032,3.9045e-13,5,4.85018,-1.75125,0.0149822,0.0149822
0.03201,2.09564e-13,5,4.85035,-1.76105,0.0149646,0.0149646
0.03202,2.95187e-13,5,4.85053,-1.77084,0.0149469,0.0149469
0.03203,3.51972e-13,5,4.85071,-1.78061,0.0149291,0.0149291
0.03204,3.1325e-13,5,4.85089,-1.79037,0.0149112,0.0149112
0.03205,3.40976e-13,5,4.85107,-1.80012,0.0148932,0.0148932
0.03206,3.71032e-13,5,4.85125,-1.80986,0.0148751,0.0148751
0.03207,3.4072e-13,5,4.85143,-1.81958,0.0148569,0.0148569
0.03208,4.1588e-13,5,4.85161,-1.82929,0.0148386,0.0148386
0.03209,3.09046e-13,5,4.8518,-1.83899,0.0148202,0.0148202
0.0321,4.1618e-13,5,4.85198,-1.84867,0.0148017,0.0148017
0.03211,2.24997e-13,5,4.85217,-1.85834,0.0147832,0.0147832
0.03212,3.61524e-13,5,4.85236,-1.86799,0.0147645,0.0147645
0.03213,5.43598e-13,5,4.85254,-1.87764,0.0147457,0.0147457
0.03214,3.56678e-14,5,4.85273,-1.88727,0.0147268,0.0147268
0.03215,1.49963e-13,5,4.85292,-1.89688,0.0147079,0.0147079
0.03216,6.08343e-13,5,4.85311,-1.90648,0.0146888,0.0146888
0.03217,4.51993e-13,5,4.8533,-1.91607,0.0146696,0.0146696
0.03218,3.151e-13,5,4.8535,-1.92565,0.0146504,0.0146504
0.03219,3.78491e-13,5,4.85369,-1.93521,0.014631,0.014631
0.0322,1.42233e-13,5,4.85388,-1.94475,0.0146116,0.0146116
0.03221,4.7205e-13,5,4.85408,-1.95429,0.014592,0.014592
0.03222,4.16092e-13,5,4.85428,-1.9638,0.0145724,0.0145724
0.03223,1.60794e-13,5,4.85447,-1.97331,0.0145527,0.0145527
0.03224,1.21323e-13,5,4.85467,-1.9828,0.0145328,0.0145328
0.03225,3.22248e-14,5,4.85487,-1.99228,0.0145129,0.0145129
0.03226,8.41528e-14,5,4.85507,-2.00174,0.0144929,0.0144929
0.03227,4.69259e-13,5,4.85527,-2.01118,0.0144728,0.0144728
0.03228,2.44214e-13,5,4.85547,-2.02062,0.0144526,0.0144526
0.03229,2.8615e-13,5,4.85568,-2.03004,0.0144323,0.0144323
0.0323,5.64175e-13,5,4.85588,-2.03944,0.0144119,0.0144119
0.03231,1.39373e-13,5,4.85609,-2.04883,0.0143914,0.0143914
0.03232,3.47926e-13,5,4.85629,-2.0582,0.0143708,0.0143708
0.03233,2.53915e-13,5,4.8565,-2.06756,0.0143501,0.0143501
0.03234,2.8697e-13,5,4.85671,-2.07691,0.0143294,0.0143294
0.03235,4.23636e-13,5,4.85691,-2.08624,0.0143085,0.0143085
0.03236,1.87017e-13,5,4.85712,-2.09556,0.0142875,0.0142875
0.03237,2.38723e-13,5,4.85734,-2.10486,0.0142665,0.0142665
0.03238,3.32284e-13,5,4.85755,-2.11414,0.0142454,0.0142454
0.03239,2.22814e-13,5,4.85776,-2.12341,0.0142241,0.0142241
0.0324,3.49016e-13,5,4.85797,-2.13267,0.0142028,0.0142028
0.03241,2.41599e-13,5,4.85819,-2.14191,0.0141814,0.0141814
0.03242,3.42349e-13,5,4.8584,-2.15113,0.0141599,0.0141599
0.03243,4.12402e-13,5,4.85862,-2.16034,0.0141383,0.0141383
0.03244,2.14474e-13,5,4.85883,-2.16954,0.0141166,0.0141166
0.03245,1.94987e-13,5,4.85905,-2.17871,0.0140948,0.0140948
0.03246,1.19656e-13,5,4.85927,-2.18788,0.0140729,0.0140729
0.03247,2.10636e-13,5,4.85949,-2.19702,0.0140509,0.0140509
0.03248,9.48914e-15,5,4.85971,-2.20616,0.0140289,0.0140289
0.03249,4.23517e-13,5,4.85993,-2.21527,0.0140067,0.0140067
0.0325,3.15351e-13,5,4.86016,-2.22437,0.0139845,0.0139845
0.03251,3.68056e-13,5,4.86038,-2.23346,0.0139621,0.0139621
0.03252,3.56896e-13,5,4.8606,-2.24253,0.0139397,0.0139397
0.03253,2.86061e-13,5,4.86083,-2.25158,0.0139172,0.0139172
0.03254,1.6138e-13,5,4.86105,-2.26062,0.0138946,0.0138946
0.03255,-9.8741e-15,5,4.86128,-2.26964,0.0138719,0.0138719
0.03256,4.6355e-13,5,4.86151,-2.27864,0.0138491,0.0138491
0.03257,4.55332e-13,5,4.86174,-2.28763,0.0138262,0.0138262
0.03258,4.32487e-13,5,4.86197,-2.2966,0.0138033,0.0138033
0.03259,4.08864e-13,5,4.8622,-2.30556,0.0137802,0.0137802
0.0326,3.9998e-13,5,4.86243,-2.3145,0.0137571,0.0137571
0.03261,4.22904e-13,5,4.86266,-2.32342,0.0137338,0.0137338
0.03262,4.96453e-13,5,4.86289,-2.33233,0.0137105,0.0137105
0.03263,1.86366e-13,5,4.86313,-2.34122,0.0136871,0.0136871
0.03264,1.96799e-13,5,4.86336,-2.3501,0.0136636,0.0136636
0.03265,3.24084e-13,5,4.8636,-2.35895,0.01364,0.01364
0.03266,3.66326e-13,5,4.86384,-2.36779,0.0136163,0.0136163
0.03267,3.50613e-13,5,4.86407,-2.37662,0.0135926,0.0135926
0.03268,3.05591e-13,5,4.86431,-2.38543,0.0135687,0.0135687
0.03269,4.89275e-13,5,4.86455,-2.39422,0.0135448,0.0135448
0.0327,2.51463e-13,5,4.86479,-2.40299,0.0135207,0.0135207
0.03271,5.35678e-13,5,4.86503,-2.41175,0.0134966,0.0134966
0.03272,2.40412e-13,5,4.86528,-2.42049,0.0134724,0.0134724
0.03273,8.52e-14,5,4.86552,-2.42921,0.0134481,0.0134481
0.03274,1.08845e-13,5,4.86576,-2.43791,0.0134237,0.0134237
0.03275,3.52093e-13,5,4.86601,-2.4466,0.0133993,0.0133993
0.03276,4.02606e-13,5,4.86625,-2.45527,0.0133747,0.0133747
0.03277,7.70858e-14,5,4.8665,-2.46393,0.0133501,0.0133501
0.03278,1.03451e-13,5,4.86675,-2.47256,0.0133254,0.0133254
0.03279,3.02068e-13,5,4.86699,-2.48118,0.0133005,0.0133005
0.0328,4.94856e-13,5,4.86724,-2.48978,0.0132756,0.0132756
0.03281,2.78138e-13,5,4.86749,-2.49837,0.0132507,0.0132507
0.03282,3.86937e-13,5,4.86774,-2.50693,0.0132256,0.0132256
0.03283,4.21019e-13,5,4.868,-2.51548,0.0132004,0.0132004
0.03284,2.09463e-13,5,4.86825,-2.52401,0.0131752,0.0131752
0.03285,2.65194e-13,5,4.8685,-2.53253,0.0131499,0.0131499
0.03286,4.20678e-13,5,4.86876,-2.54102,0.0131245,0.0131245
0.03287,5.10438e-13,5,4.86901,-2.5495,0.013099,0.013099
0.03288,1.43062e-13,5,4.86927,-2.55796,0.0130734,0.0130734
0.03289,2.9344e-13,5,4.86952,-2.5664,0.0130477,0.0130477
0.0329,1.19132e-13,5,4.86978,-2.57482,0.013022,0.013022
0.03291,1.43833e-13,5,4.87004,-2.58323,0.0129961,0.0129961
0.03292,-1.64859e-14,5,4.8703,-2.59162,0.0129702,0.0129702
0.03293,1.65422e-13,5,4.87056,-2.59999,0.0129442,0.0129442
0.03294,3.09304e-13,5,4.87082,-2.60834,0.0129181,0.0129181
0.03295,4.91157e-13,5,4.87108,-2.61667,0.012892,0.012892
0.03296,3.34391e-13,5,4.87134,-2.62499,0.0128657,0.0128657
0.03297,1.46206e-13,5,4.87161,-2.63328,0.0128394,0.0128394
0.03298,8.31371e-15,5,4.87187,-2.64156,0.012813,0.012813
0.03299,2.31633e-13,5,4.87214,-2.64982,0.0127865,0.0127865
0.033,2.19474e-13,5,4.8724,-2.65806,0.0127599,0.0127599
0.03301,5.90996e-14,5,4.87267,-2.66628,0.0127332,0.0127332
0.03302,2.94354e-13,5,4.87294,-2.67449,0.0127065,0.0127065
0.03303,3.34153e-13,5,4.8732,-2.68267,0.0126797,0.0126797
0.03304,2.71367e-13,5,4.87347,-2.69084,0.0126528,0.0126528
0.03305,4.28184e-13,5,4.87374,-2.69898,0.0126258,0.0126258
0.03306,2.19071e-13,5,4.87401,-2.70711,0.0125987,0.0125987
0.03307,1.97364e-13,5,4.87428,-2.71522,0.0125715,0.0125715
0.03308,8.67963e-15,5,4.87456,-2.72331,0.0125443,0.0125443
0.03309,2.10127e-13,5,4.87483,-2.73138,0.012517,0.012517
0.0331,2.23892e-13,5,4.8751,-2.73944,0.0124896,0.0124896
0.03311,1.56055e-13,5,4.87538,-2.74747,0.0124621,0.0124621
0.03312,5.69444e-13,5,4.87565,-2.75548,0.0124346,0.0124346
0.03313,-1.75883e-14,5,4.87593,-2.76348,0.0124069,0.0124069
0.03314,9.86499e-14,5,4.87621,-2.77146,0.0123792,0.0123792
0.03315,3.49669e-13,5,4.87649,-2.77941,0.0123514,0.0123514
0.03316,3.9674e-13,5,4.87676,-2.78735,0.0123236,0.0123236
0.03317,3.57381e-13,5,4.87704,-2.79527,0.0122956,0.0122956
0.03318,1.24065e-13,5,4.87732,-2.80316,0.0122676,0.0122676
0.03319,2.7311e-13,5,4.87761,-2.81104,0.0122395,0.0122395
0.0332,2.46019e-13,5,4.87789,-2.8189,0.0122113,0.0122113
0.03321,3.95675e-13,5,4.87817,-2.82674,0.012183,0.012183
0.03322,-5.9852e-14,5,4.87845,-2.83456,0.0121547,0.0121547
0.03323,3.73133e-13,5,4.87874,-2.84236,0.0121262,0.0121262
0.03324,2.34519e-13,5,4.87902,-2.85014,0.0120977,0.0120977
0.03325,3.39933e-13,5,4.87931,-2.8579,0.0120692,0.0120692
0.03326,1.42589e-13,5,4.8796,-2.86564,0.0120405,0.0120405
0.03327,2.34846e-13,5,4.87988,-2.87336,0.0120118,0.0120118
0.03328,3.01124e-13,5,4.88017,-2.88106,0.011983,0.011983
0.03329,4.83143e-13,5,4.88046,-2.88874,0.0119541,0.0119541
0.0333,2.42112e-13,5,4.88075,-2.8964,0.0119251,0.0119251
0.03331,4.05534e-13,5,4.88104,-2.90404,0.0118961,0.0118961
0.03332,-1.5853e-14,5,4.88133,-2.91166,0.0118669,0.0118669
0.03333,4.91628e-13,5,4.88162,-2.91926,0.0118378,0.0118378
0.03334,4.87851e-13,5,4.88192,-2.92684,0.0118085,0.0118085
0.03335,1.26527e-13,5,4.88221,-2.9344,0.0117791,0.0117791
0.03336,4.72526e-13,5,4.8825,-2.94194,0.0117497,0.0117497
0.03337,9.20502e-14,5,4.8828,-2.94946,0.0117202,0.0117202
0.03338,2.81508e-13,5,4.88309,-2.95696,0.0116907,0.0116907
0.03339,6.59003e-14,5,4.88339,-2.96444,0.011661,0.011661
0.0334,6.36778e-14,5,4.88369,-2.97189,0.0116313,0.0116313
0.03341,4.40707e-13,5,4.88398,-2.97933,0.0116015,0.0116015
0.03342,2.28042e-13,5,4.88428,-2.98675,0.0115716,0.0115716
0.03343,5.05207e-13,5,4.88458,-2.99414,0.0115417,0.0115417
0.03344,3.07308e-13,5,4.88488,-3.00151,0.0115117,0.0115117
0.03345,2.6323e-13,5,4.88518,-3.00887,0.0114816,0.0114816
0.03346,3.21903e-13,5,4.88549,-3.0162,0.0114514,0.0114514
0.03347,2.06882e-13,5,4.88579,-3.02351,0.0114212,0.0114212
0.03348,3.25896e-13,5,4.88609,-3.0308,0.0113909,0.0113909
0.03349,-4.8029e-14,5,4.88639,-3.03807,0.0113605,0.0113605
0.0335,-4.8142e-14,5,4.8867,-3.04532,0.01133,0.01133
0.03351,2.84812e-13,5,4.887,-3.05255,0.0112995,0.0112995
0.03352,2.92425e-15,5,4.88731,-3.05976,0.0112689,0.0112689
0.03353,2.06537e-13,5,4.88762,-3.06694,0.0112383,0.0112383
0.03354,4.06653e-13,5,4.88792,-3.07411,0.0112075,0.0112075
0.03355,3.43646e-13,5,4.88823,-3.08125,0.0111767,0.0111767
0.03356,2.14913e-13,5,4.88854,-3.08837,0.0111458,0.0111458
0.03357,-7.52174e-15,5,4.88885,-3.09547,0.0111149,0.0111149
0.03358,1.05275e-13,5,4.88916,-3.10255,0.0110838,0.0110838
0.03359,7.49639e-14,5,4.88947,-3.10961,0.0110527,0.0110527
0.0336,1.07492e-13,5,4.88978,-3.11664,0.0110216,0.0110216
0.03361,1.83484e-13,5,4.8901,-3.12366,0.0109903,0.0109903
0.03362,5.83603e-14,5,4.89041,-3.13065,0.010959,0.010959
0.03363,3.99141e-13,5,4.89072,-3.13762,0.0109277,0.0109277
0.03364,2.83676e-13,5,4.89104,-3.14457,0.0108962,0.0108962
0.03365,1.55832e-13,5,4.89135,-3.1515,0.0108647,0.0108647
0.03366,7.2823e-15,5,4.89167,-3.15841,0.0108331,0.0108331
0.03367,2.86279e-13,5,4.89199,-3.16529,0.0108015,0.0108015
0.03368,3.06706e-13,5,4.8923,-3.17215,0.0107697,0.0107697
0.03369,6.6507e-14,5,4.89262,-3.17899,0.0107379,0.0107379
0.0337,4.75456e-13,5,4.89294,-3.18581,0.0107061,0.0107061
0.03371,1.71752e-13,5,4.89326,-3.19261,0.0106742,0.0106742
0.03372,6.94434e-14,5,4.89358,-3.19938,0.0106422,0.0106422
0.03373,4.02842e-13,5,4.8939,-3.20614,0.0106101,0.0106101
0.03374,2.71445e-13,5,4.89422,-3.21287,0.010578,0.010578
0.03375,1.41214e-13,5,4.89454,-3.21958,0.0105458,0.0105458
0.03376,2.58042e-14,5,4.89486,-3.22626,0.0105135,0.0105135
0.03377,3.95451e-13,5,4.89519,-3.23293,0.0104812,0.0104812
0.03378,3.58701e-13,5,4.89551,-3.23957,0.0104488,0.0104488
0.03379,1.63078e-13,5,4.89584,-3.24619,0.0104163,0.0104163
0.0338,2.85645e-13,5,4.89616,-3.25279,0.0103838,0.0103838
0.03381,6.90382e-14,5,4.89649,-3.25936,0.0103512,0.0103512
0.03382,2.22192e-13,5,4.89681,-3.26591,0.0103186,0.0103186
0.03383,9.20162e-14,5,4.89714,-3.27244,0.0102858,0.0102858
0.03384,3.92163e-13,5,4.89747,-3.27895,0.010253,0.010253
0.03385,2.46667e-13,5,4.8978,-3.28544,0.0102202,0.0102202
0.03386,2.59821e-13,5,4.89813,-3.2919,0.0101873,0.0101873
0.03387,1.28757e-13,5,4.89846,-3.29834,0.0101543,0.0101543
0.03388,2.34949e-13,5,4.89879,-3.30475,0.0101212,0.0101212
0.03389,1.66335e-13,5,4.89912,-3.31115,0.0100881,0.0100881
0.0339,3.08941e-13,5,4.89945,-3.31752,0.0100549,0.0100549
0.03391,2.55316e-13,5,4.89978,-3.32387,0.0100217,0.0100217
0.03392,1.6855e-13,5,4.90012,-3.3302,0.00998841,0.00998841
0.03393,2.14234e-13,5,4.90045,-3.3365,0.00995504,0.00995504
0.03394,3.32749e-13,5,4.90078,-3.34278,0.00992162,0.00992162
0.03395,2.39433e-13,5,4.90112,-3.34904,0.00988813,0.00988813
0.03396,3.34077e-13,5,4.90145,-3.35527,0.00985457,0.00985457
0.03397,1.092e-13,5,4.90179,-3.36148,0.00982096,0.00982096
0.03398,3.1026e-13,5,4.90213,-3.36767,0.00978728,0.00978728
0.03399,2.07063e-13,5,4.90246,-3.37383,0.00975354,0.00975354
0.034,3.22247e-13,5,4.9028,-3.37998,0.00971974,0.00971974
0.03401,1.57765e-13,5,4.90314,-3.38609,0.00968588,0.00968588
0.03402,1.27177e-13,5,4.90348,-3.39219,0.00965196,0.00965196
0.03403,1.91568e-13,5,4.90382,-3.39826,0.00961798,0.00961798
0.03404,2.01004e-13,5,4.90416,-3.40431,0.00958393,0.00958393
0.03405,2.34919e-13,5,4.9045,-3.41034,0.00954983,0.00954983
0.03406,2.61563e-13,5,4.90484,-3.41634,0.00951567,0.00951567
0.03407,1.37827e-13,5,4.90519,-3.42232,0.00948144,0.00948144
0.03408,2.91369e-13,5,4.90553,-3.42827,0.00944716,0.00944716
0.03409,1.28942e-13,5,4.90587,-3.4342,0.00941282,0.00941282
0.0341,3.10351e-13,5,4.90622,-3.44011,0.00937842,0.00937842
0.03411,2.47011e-13,5,4.90656,-3.446,0.00934396,0.00934396
0.03412,1.48754e-13,5,4.90691,-3.45186,0.00930944,0.00930944
0.03413,1.13836e-13,5,4.90725,-3.4577,0.00927486,0.00927486
0.03414,1.29433e-13,5,4.9076,-3.46351,0.00924023,0.00924023
0.03415,7.10895e-14,5,4.90794,-3.4693,0.00920553,0.00920553
0.03416,1.58129e-13,5,4.90829,-3.47507,0.00917078,0.00917078
0.03417,2.71038e-13,5,4.90864,-3.48081,0.00913598,0.00913598
0.03418,6.52006e-14,5,4.90899,-3.48653,0.00910111,0.00910111
0.03419,2.21796e-13,5,4.90934,-3.49222,0.00906619,0.00906619
0.0342,2.87298e-13,5,4.90969,-3.49789,0.00903121,0.00903121
0.03421,1.51849e-13,5,4.91004,-3.50354,0.00899617,0.00899617
0.03422,1.62561e-13,5,4.91039,-3.50916,0.00896108,0.00896108
0.03423,1.00609e-13,5,4.91074,-3.51476,0.00892593,0.00892593
0.03424,2.04247e-13,5,4.91109,-3.52034,0.00889073,0.00889073
0.03425,1.45792e-13,5,4.91145,-3.52589,0.00885547,0.00885547
0.03426,1.68272e-13,5,4.9118,-3.53142,0.00882016,0.00882016
0.03427,1.76209e-13,5,4.91215,-3.53692,0.00878479,0.00878479
0.03428,1.90141e-13,5,4.91251,-3.5424,0.00874937,0.00874937
0.03429,2.33105e-13,5,4.91286,-3.54785,0.00871389,0.00871389
0.0343,2.16783e-13,5,4.91322,-3.55328,0.00867835,0.00867835
0.03431,2.82673e-13,5,4.91357,-3.55869,0.00864277,0.00864277
0.03432,2.33655e-13,5,4.91393,-3.56407,0.00860713,0.00860713
0.03433,1.02426e-13,5,4.91429,-3.56943,0.00857143,0.00857143
0.03434,1.51607e-13,5,4.91464,-3.57476,0.00853568,0.00853568
0.03435,7.75537e-14,5,4.915,-3.58007,0.00849988,0.00849988
0.03436,1.47774e-13,5,4.91536,-3.58535,0.00846403,0.00846403
0.03437,1.77249e-13,5,4.91572,-3.59061,0.00842812,0.00842812
0.03438,2.10998e-13,5,4.91608,-3.59585,0.00839217,0.00839217
0.03439,6.89436e-14,5,4.91644,-3.60106,0.00835616,0.00835616
0.0344,1.41939e-13,5,4.9168,-3.60624,0.00832009,0.00832009
0.03441,1.41327e-13,5,4.91716,-3.61141,0.00828398,0.00828398
0.03442,2.35473e-13,5,4.91752,-3.61654,0.00824781,0.00824781
0.03443,1.40436e-13,5,4.91788,-3.62166,0.0082116,0.0082116
0.03444,1.43377e-13,5,4.91825,-3.62674,0.00817533,0.00817533
0.03445,1.92725e-13,5,4.91861,-3.63181,0.00813901,0.00813901
0.03446,1.25722e-13,5,4.91897,-3.63684,0.00810264,0.00810264
0.03447,2.36854e-13,5,4.91934,-3.64186,0.00806622,0.00806622
0.03448,1.40873e-13,5,4.9197,-3.64685,0.00802976,0.00802976
0.03449,2.3688e-14,5,4.92007,-3.65181,0.00799324,0.00799324
0.0345,1.87167e-13,5,4.92043,-3.65675,0.00795667,0.00795667
0.03451,2.53557e-13,5,4.9208,-3.66166,0.00792005,0.00792005
0.03452,1.88719e-13,5,4.92117,-3.66655,0.00788339,0.00788339
0.03453,1.88384e-13,5,4.92153,-3.67141,0.00784667,0.00784667
0.03454,1.09779e-13,5,4.9219,-3.67625,0.00780991,0.00780991
0.03455,1.5352e-13,5,4.92227,-3.68107,0.0077731,0.0077731
0.03456,6.81985e-14,5,4.92264,-3.68586,0.00773624,0.00773624
0.03457,5.94264e-14,5,4.92301,-3.69062,0.00769934,0.00769934
0.03458,1.08108e-13,5,4.92338,-3.69536,0.00766238,0.00766238
0.03459,1.97702e-13,5,4.92375,-3.70007,0.00762538,0.00762538
0.0346,2.00421e-13,5,4.92412,-3.70476,0.00758833,0.00758833
0.03461,1.04552e-13,5,4.92449,-3.70942,0.00755124,0.00755124
0.03462,2.42274e-13,5,4.92486,-3.71406,0.0075141,0.0075141
0.03463,1.52178e-13,5,4.92523,-3.71868,0.00747691,0.00747691
0.03464,2.85126e-13,5,4.9256,-3.72326,0.00743968,0.00743968
0.03465,7.1129e-14,5,4.92598,-3.72782,0.0074024,0.0074024
0.03466,1.93363e-13,5,4.92635,-3.73236,0.00736508,0.00736508
0.03467,8.70582e-14,5,4.92672,-3.73687,0.00732771,0.00732771
0.03468,2.13012e-13,5,4.9271,-3.74136,0.0072903,0.0072903
0.03469,1.25247e-13,5,4.92747,-3.74582,0.00725284,0.00725284
0.0347,2.8967e-13,5,4.92785,-3.75025,0.00721533,0.00721533
0.03471,1.51724e-13,5,4.92822,-3.75466,0.00717779,0.00717779
0.03472,6.86779e-14,5,4.9286,-3.75905,0.0071402,0.0071402
0.03473,1.73149e-13,5,4.92897,-3.76341,0.00710256,0.00710256
0.03474,2.59134e-13,5,4.92935,-3.76774,0.00706489,0.00706489
0.03475,2.36929e-13,5,4.92973,-3.77205,0.00702717,0.00702717
0.03476,2.46919e-13,5,4.93011,-3.77633,0.0069894,0.0069894
0.03477,9.07098e-14,5,4.93048,-3.78059,0.0069516,0.0069516
0.03478,1.41002e-13,5,4.93086,-3.78482,0.00691375,0.00691375
0.03479,2.04838e-13,5,4.93124,-3.78902,0.00687586,0.00687586
0.0348,9.14835e-14,5,4.93162,-3.7932,0.00683793,0.00683793
0.03481,1.81466e-13,5,4.932,-3.79736,0.00679995,0.00679995
0.03482,2.89323e-13,5,4.93238,-3.80148,0.00676194,0.00676194
0.03483,1.18681e-13,5,4.93276,-3.80558,0.00672388,0.00672388
0.03484,5.75616e-14,5,4.93314,-3.80966,0.00668579,0.00668579
0.03485,1.55649e-13,5,4.93352,-3.81371,0.00664765,0.00664765
0.03486,1.24339e-13,5,4.93391,-3.81774,0.00660947,0.00660947
0.03487,1.3211e-13,5,4.93429,-3.82173,0.00657125,0.00657125
0.03488,1.22727e-13,5,4.93467,-3.82571,0.006533,0.006533
0.03489,4.25681e-14,5,4.93505,-3.82965,0.0064947,0.0064947
0.0349,1.81733e-13,5,4.93544,-3.83358,0.00645636,0.00645636
0.03491,1.50646e-13,5,4.93582,-3.83747,0.00641799,0.00641799
0.03492,1.30883e-13,5,4.9362,-3.84134,0.00637958,0.00637958
0.03493,1.92832e-13,5,4.93659,-3.84518,0.00634112,0.00634112
0.03494,6.85975e-14,5,4.93697,-3.849,0.00630263,0.00630263
0.03495,1.749e-13,5,4.93736,-3.85279,0.00626411,0.00626411
0.03496,2.14664e-14,5,4.93774,-3.85655,0.00622554,0.00622554
0.03497,3.03472e-14,5,4.93813,-3.86029,0.00618694,0.00618694
0.03498,5.76021e-14,5,4.93852,-3.86401,0.0061483,0.0061483
0.03499,1.8944e-13,5,4.9389,-3.86769,0.00610962,0.00610962
0.035,1.73452e-13,5,4.93929,-3.87135,0.00607091,0.00607091
0.03501,1.01009e-13,5,4.93968,-3.87499,0.00603216,0.00603216
0.03502,1.79778e-13,5,4.94007,-3.87859,0.00599337,0.00599337
0.03503,5.15464e-14,5,4.94045,-3.88217,0.00595455,0.00595455
0.03504,1.56684e-13,5,4.94084,-3.88573,0.00591569,0.00591569
0.03505,1.42305e-13,5,4.94123,-3.88926,0.0058768,0.0058768
0.03506,1.12772e-13,5,4.94162,-3.89276,0.00583787,0.00583787
0.03507,6.16455e-14,5,4.94201,-3.89624,0.00579891,0.00579891
0.03508,2.12246e-13,5,4.9424,-3.89969,0.00575991,0.00575991
0.03509,1.08606e-13,5,4.94279,-3.90311,0.00572088,0.00572088
0.0351,9.3173e-14,5,4.94318,-3.90651,0.00568182,0.00568182
0.03511,1.69777e-13,5,4.94357,-3.90988,0.00564272,0.00564272
0.03512,1.17763e-13,5,4.94396,-3.91322,0.00560359,0.00560359
0.03513,5.99746e-14,5,4.94436,-3.91654,0.00556442,0.00556442
0.03514,1.22146e-13,5,4.94475,-3.91983,0.00552522,0.00552522
0.03515,2.05079e-13,5,4.94514,-3.9231,0.00548599,0.00548599
0.03516,9.86076e-14,5,4.94553,-3.92634,0.00544673,0.00544673
0.03517,1.6361e-13,5,4.94593,-3.92955,0.00540743,0.00540743
0.03518,8.1675e-14,5,4.94632,-3.93273,0.0053681,0.0053681
0.03519,1.05211e-13,5,4.94671,-3.93589,0.00532875,0.00532875
0.0352,1.48398e-13,5,4.94711,-3.93903,0.00528936,0.00528936
0.03521,1.42818e-14,5,4.9475,-3.94213,0.00524993,0.00524993
0.03522,7.71751e-14,5,4.9479,-3.94521,0.00521048,0.00521048
0.03523,3.18217e-14,5,4.94829,-3.94826,0.005171,0.005171
0.03524,2.57696e-13,5,4.94869,-3.95129,0.00513149,0.00513149
0.03525,1.23145e-16,5,4.94908,-3.95429,0.00509194,0.00509194
0.03526,9.87656e-14,5,4.94948,-3.95726,0.00505237,0.00505237
0.03527,1.45339e-13,5,4.94987,-3.96021,0.00501277,0.00501277
0.03528,7.53383e-14,5,4.95027,-3.96313,0.00497314,0.00497314
0.03529,1.10976e-13,5,4.95067,-3.96602,0.00493348,0.00493348
0.0353,1.36343e-13,5,4.95106,-3.96888,0.00489379,0.00489379
0.03531,1.51775e-13,5,4.95146,-3.97172,0.00485407,0.00485407
0.03532,4.65804e-14,5,4.95186,-3.97453,0.00481433,0.00481433
0.03533,5.3685e-14,5,4.95225,-3.97732,0.00477455,0.00477455
0.03534,1.24794e-13,5,4.95265,-3.98008,0.00473475,0.00473475
0.03535,1.00313e-13,5,4.95305,-3.98281,0.00469492,0.00469492
0.03536,1.07695e-13,5,4.95345,-3.98552,0.00465507,0.00465507
0.03537,1.06584e-13,5,4.95385,-3.98819,0.00461519,0.00461519
0.03538,1.15965e-13,5,4.95425,-3.99084,0.00457528,0.00457528
0.03539,1.00865e-13,5,4.95465,-3.99347,0.00453534,0.00453534
0.0354,8.56543e-14,5,4.95505,-3.99607,0.00449538,0.00449538
0.03541,9.76995e-14,5,4.95545,-3.99864,0.0044554,0.0044554
0.03542,1.09856e-13,5,4.95585,-4.00118,0.00441538,0.00441538
0.03543,9.79757e-14,5,4.95625,-4.0037,0.00437535,0.00437535
0.03544,9.72533e-14,5,4.95665,-4.00619,0.00433529,0.00433529
0.03545,8.8815e-14,5,4.95705,-4.00865,0.0042952,0.0042952
0.03546,5.63958e-14,5,4.95745,-4.01108,0.00425509,0.00425509
0.03547,4.3461e-14,5,4.95785,-4.01349,0.00421495,0.00421495
0.03548,1.52817e-13,5,4.95825,-4.01587,0.0041748,0.0041748
0.03549,9.2254e-14,5,4.95865,-4.01823,0.00413461,0.00413461
0.0355,2.68057e-14,5,4.95906,-4.02056,0.00409441,0.00409441
0.03551,6.76058e-14,5,4.95946,-4.02286,0.00405418,0.00405418
0.03552,1.00912e-13,5,4.95986,-4.02513,0.00401393,0.00401393
0.03553,7.26561e-14,5,4.96026,-4.02738,0.00397365,0.00397365
0.03554,1.0191e-13,5,4.96067,-4.0296,0.00393336,0.00393336
0.03555,8.3202e-14,5,4.96107,-4.03179,0.00389304,0.00389304
0.03556,2.73571e-14,5,4.96147,-4.03395,0.0038527,0.0038527
0.03557,1.18617e-13,5,4.96188,-4.03609,0.00381234,0.00381234
0.03558,8.88068e-14,5,4.96228,-4.0382,0.00377196,0.00377196
0.03559,7.08206e-14,5,4.96268,-4.04029,0.00373155,0.00373155
0.0356,8.63077e-14,5,4.96309,-4.04234,0.00369113,0.00369113
0.03561,4.6006e-14,5,4.96349,-4.04437,0.00365069,0.00365069
0.03562,9.08585e-14,5,4.9639,-4.04637,0.00361022,0.00361022
0.03563,8.00333e-14,5,4.9643,-4.04835,0.00356974,0.00356974
0.03564,4.62264e-14,5,4.96471,-4.0503,0.00352924,0.00352924
0.03565,8.15865e-14,5,4.96511,-4.05222,0.00348872,0.00348872
0.03566,5.36639e-14,5,4.96552,-4.05411,0.00344817,0.00344817
0.03567,5.99361e-14,5,4.96592,-4.05598,0.00340761,0.00340761
0.03568,8.71916e-14,5,4.96633,-4.05782,0.00336704,0.00336704
0.03569,6.78732e-14,5,4.96674,-4.05963,0.00332644,0.00332644
0.0357,5.08863e-14,5,4.96714,-4.06141,0.00328583,0.00328583
0.03571,3.10684e-14,5,4.96755,-4.06317,0.00324519,0.00324519
0.03572,5.97684e-15,5,4.96795,-4.0649,0.00320454,0.00320454
0.03573,8.95762e-14,5,4.96836,-4.0666,0.00316388,0.00316388
0.03574,5.74903e-14,5,4.96877,-4.06828,0.0031232,0.0031232
0.03575,2.91236e-14,5,4.96918,-4.06992,0.0030825,0.0030825
0.03576,1.28584e-14,5,4.96958,-4.07155,0.00304178,0.00304178
0.03577,7.68623e-14,5,4.96999,-4.07314,0.00300105,0.00300105
0.03578,6.45384e-14,5,4.9704,-4.0747,0.0029603,0.0029603
0.03579,1.0606e-13,5,4.9708,-4.07624,0.00291954,0.00291954
0.0358,5.03822e-14,5,4.97121,-4.07775,0.00287876,0.00287876
0.03581,9.01833e-14,5,4.97162,-4.07924,0.00283797,0.00283797
0.03582,7.98023e-14,5,4.97203,-4.0807,0.00279716,0.00279716
0.03583,4.67728e-14,5,4.97244,-4.08212,0.00275634,0.00275634
0.03584,2.14593e-14,5,4.97284,-4.08353,0.00271551,0.00271551
0.03585,3.69466e-14,5,4.97325,-4.0849,0.00267466,0.00267466
0.03586,1.53524e-14,5,4.97366,-4.08625,0.0026338,0.0026338
0.03587,-4.85406e-15,5,4.97407,-4.08757,0.00259292,0.00259292
0.03588,7.4582e-14,5,4.97448,-4.08886,0.00255203,0.00255203
0.03589,4.17746e-14,5,4.97489,-4.09013,0.00251113,0.00251113
0.0359,2.87847e-14,5,4.9753,-4.09136,0.00247022,0.00247022
0.03591,5.67064e-14,5,4.97571,-4.09257,0.00242929,0.00242929
0.03592,6.40891e-14,5,4.97612,-4.09376,0.00238835,0.00238835
0.03593,4.91008e-14,5,4.97653,-4.09491,0.0023474,0.0023474
0.03594,4.09958e-14,5,4.97694,-4.09604,0.00230644,0.00230644
0.03595,4.3438e-14,5,4.97735,-4.09714,0.00226547,0.00226547
0.03596,6.27556e-14,5,4.97776,-4.09821,0.00222449,0.00222449
0.03597,5.12645e-14,5,4.97817,-4.09926,0.0021835,0.0021835
0.03598,4.92658e-14,5,4.97858,-4.10028,0.00214249,0.00214249
0.03599,4.28818e-14,5,4.97899,-4.10127,0.00210148,0.00210148
0.036,2.10101e-14,5,4.9794,-4.10223,0.00206046,0.00206046
0.03601,3.22786e-14,5,4.97981,-4.10317,0.00201943,0.00201943
0.03602,1.41262e-14,5,4.98022,-4.10408,0.00197839,0.00197839
0.03603,2.06208e-14,5,4.98063,-4.10496,0.00193734,0.00193734
0.03604,5.17068e-14,5,4.98104,-4.10581,0.00189628,0.00189628
0.03605,5.30944e-14,5,4.98145,-4.10664,0.00185521,0.00185521
0.03606,3.02236e-14,5,4.98186,-4.10744,0.00181414,0.00181414
0.03607,1.96762e-14,5,4.98227,-4.10821,0.00177306,0.00177306
0.03608,3.85535e-15,5,4.98268,-4.10895,0.00173197,0.00173197
0.03609,5.33711e-14,5,4.98309,-4.10967,0.00169087,0.00169087
0.0361,4.23797e-14,5,4.9835,-4.11036,0.00164977,0.00164977
0.03611,4.69314e-14,5,4.98391,-4.11102,0.00160866,0.00160866
0.03612,3.20543e-14,5,4.98432,-4.11165,0.00156754,0.00156754
0.03613,2.22842e-14,5,4.98474,-4.11226,0.00152642,0.00152642
0.03614,4.50991e-14,5,4.98515,-4.11284,0.00148529,0.00148529
0.03615,4.52655e-14,5,4.98556,-4.11339,0.00144416,0.00144416
0.03616,2.73352e-14,5,4.98597,-4.11391,0.00140302,0.00140302
0.03617,2.68355e-14,5,4.98638,-4.11441,0.00136187,0.00136187
0.03618,2.53366e-14,5,4.98679,-4.11488,0.00132072,0.00132072
0.03619,3.55505e-14,5,4.9872,-4.11532,0.00127957,0.00127957
0.0362,3.01658e-14,5,4.98762,-4.11573,0.00123841,0.00123841
0.03621,2.75567e-14,5,4.98803,-4.11612,0.00119725,0.00119725
0.03622,2.00626e-14,5,4.98844,-4.11648,0.00115609,0.00115609
0.03623,1.72869e-14,5,4.98885,-4.11681,0.00111492,0.00111492
0.03624,3.13867e-14,5,4.98926,-4.11711,0.00107375,0.00107375
0.03625,2.04509e-14,5,4.98967,-4.11739,0.00103257,0.00103257
0.03626,3.07204e-14,5,4.99009,-4.11764,0.000991397,0.000991397
0.03627,2.57244e-14,5,4.9905,-4.11786,0.000950219,0.000950219
0.03628,2.87219e-14,5,4.99091,-4.11806,0.000909038,0.000909038
0.03629,2.30597e-14,5,4.99132,-4.11822,0.000867856,0.000867856
0.0363,8.95986e-15,5,4.99173,-4.11836,0.000826672,0.000826672
0.03631,1.77861e-14,5,4.99215,-4.11847,0.000785488,0.000785488
0.03632,1.29566e-14,5,4.99256,-4.11856,0.000744302,0.000744302
0.03633,1.69534e-14,5,4.99297,-4.11862,0.000703116,0.000703116
0.03634,1.27346e-14,5,4.99338,-4.11864,0.00066193,0.00066193
0.03635,1.42889e-14,5,4.99379,-4.11865,0.000620743,0.000620743
0.03636,1.70644e-14,5,4.9942,-4.11862,0.000579557,0.000579557
0.03637,1.2124e-14,5,4.99462,-4.11857,0.000538371,0.000538371
0.03638,1.46775e-14,5,4.99503,-4.11849,0.000497186,0.000497186
0.03639,7.01701e-15,5,4.99544,-4.11838,0.000456002,0.000456002
0.0364,2.74269e-15,5,4.99585,-4.11824,0.00041482,0.00041482
0.03641,1.09029e-14,5,4.99626,-4.11808,0.000373639,0.000373639
0.03642,8.5542e-16,5,4.99668,-4.11789,0.00033246,0.00033246
0.03643,1.52162e-15,5,4.99709,-4.11767,0.000291284,0.000291284
0.03644,8.84916e-15,5,4.9975,-4.11743,0.000250109,0.000250109
0.03645,4.01977e-15,5,4.99791,-4.11716,0.000208938,0.000208938
0.03646,2.68759e-15,5,4.99832,-4.11686,0.000167769,0.000167769
0.03647,-1.42014e-15,5,4.99873,-4.11653,0.000126604,0.000126604
0.03648,2.29921e-15,5,4.99915,-4.11618,8.54421e-05,8.54421e-05
0.03649,-1.3089e-15,5,4.99956,-4.11579,4.42841e-05,4.42841e-05
0.0365,3.56552e-16,5,4.99997,-4.11538,3.13029e-06,3.13029e-06
0.03651,-1.14212e-15,5,5.00038,-4.11495,-3.80192e-05,-3.80192e-05
0.03652,-2.08568e-15,5,5.00079,-4.11448,-7.9164e-05,-7.9164e-05
0.03653,-2.97372e-15,5,5.0012,-4.11399,-0.000120304,-0.000120304
0.03654,-2.86255e-15,5,5.00161,-4.11347,-0.000161439,-0.000161439
0.03655,-7.52533e-15,5,5.00203,-4.11293,-0.000202568,-0.000202568
0.03656,-9.24601e-15,5,5.00244,-4.11235,-0.000243691,-0.000243691
0.03657,-8.41317e-15,5,5.00285,-4.11175,-0.000284809,-0.000284809
0.03658,-6.08152e-15,5,5.00326,-4.11112,-0.00032592,-0.00032592
0.03659,-1.13549e-14,5,5.00367,-4.11047,-0.000367025,-0.000367025
0.0366,-1.2687e-14,5,5.00408,-4.10978,-0.000408123,-0.000408123
0.03661,-1.01333e-14,5,5.00449,-4.10907,-0.000449213,-0.000449213
0.03662,-1.5129e-14,5,5.0049,-4.10834,-0.000490297,-0.000490297
0.03663,-8.13443e-15,5,5.00531,-4.10757,-0.000531372,-0.000531372
0.03664,-1.64609e-14,5,5.00572,-4.10678,-0.00057244,-0.00057244
0.03665,-1.48508e-14,5,5.00613,-4.10596,-0.0006135,-0.0006135
0.03666,-1.82923e-14,5,5.00655,-4.10511,-0.000654551,-0.000654551
0.03667,-1.02984e-14,5,5.00696,-4.10424,-0.000695593,-0.000695593
0.03668,-1.4517e-14,5,5.00737,-4.10334,-0.000736627,-0.000736627
0.03669,-2.3232e-14,5,5.00778,-4.10241,-0.000777651,-0.000777651
0.0367,-2.61738e-14,5,5.00819,-4.10145,-0.000818665,-0.000818665
0.03671,-1.02418e-14,5,5.0086,-4.10047,-0.00085967,-0.00085967
0.03672,-1.65698e-14,5,5.00901,-4.09946,-0.000900665,-0.000900665
0.03673,-2.66171e-14,5,5.00942,-4.09842,-0.000941649,-0.000941649
0.03674,-3.33891e-14,5,5.00983,-4.09736,-0.000982622,-0.000982622
0.03675,-2.71716e-14,5,5.01024,-4.09626,-0.00102358,-0.00102358
0.03676,-2.39516e-14,5,5.01065,-4.09514,-0.00106454,-0.00106454
0.03677,-2.273e-14,5,5.01105,-4.094,-0.00110548,-0.00110548
0.03678,-1.98431e-14,5,5.01146,-4.09282,-0.0011464,-0.0011464
0.03679,-2.3229e-14,5,5.01187,-4.09162,-0.00118732,-0.00118732
0.0368,-3.7828e-14,5,5.01228,-4.0904,-0.00122822,-0.00122822
0.03681,-2.35058e-14,5,5.01269,-4.08914,-0.00126912,-0.00126912
0.03682,-2.25618e-14,5,5.0131,-4.08786,-0.00130999,-0.00130999
0.03683,-4.61536e-14,5,5.01351,-4.08655,-0.00135086,-0.00135086
0.03684,-1.7565e-14,5,5.01392,-4.08521,-0.00139171,-0.00139171
0.03685,-4.1934e-14,5,5.01433,-4.08385,-0.00143255,-0.00143255
0.03686,-3.71597e-14,5,5.01473,-4.08246,-0.00147338,-0.00147338
0.03687,-3.19412e-14,5,5.01514,-4.08104,-0.00151419,-0.00151419
0.03688,-2.38917e-14,5,5.01555,-4.0796,-0.00155498,-0.00155498
0.03689,-3.64923e-14,5,5.01596,-4.07813,-0.00159576,-0.00159576
0.0369,-3.34388e-14,5,5.01637,-4.07663,-0.00163653,-0.00163653
0.03691,-3.28277e-14,5,5.01677,-4.0751,-0.00167728,-0.00167728
0.03692,-2.13365e-14,5,5.01718,-4.07355,-0.00171802,-0.00171802
0.03693,-4.00988e-14,5,5.01759,-4.07197,-0.00175874,-0.00175874
0.03694,-4.19858e-14,5,5.01799,-4.07036,-0.00179944,-0.00179944
0.03695,-3.42693e-14,5,5.0184,-4.06873,-0.00184013,-0.00184013
0.03696,-4.98674e-14,5,5.01881,-4.06707,-0.0018808,-0.0018808
0.03697,-3.35467e-14,5,5.01921,-4.06538,-0.00192145,-0.00192145
0.03698,-1.30071e-14,5,5.01962,-4.06367,-0.00196209,-0.00196209
0.03699,-4.14283e-14,5,5.02003,-4.06192,-0.00200271,-0.00200271
0.037,-5.56386e-14,5,5.02043,-4.06016,-0.00204331,-0.00204331
0.03701,-4.66453e-14,5,5.02084,-4.05836,-0.00208389,-0.00208389
0.03702,-5.96344e-14,5,5.02124,-4.05654,-0.00212446,-0.00212446
0.03703,-5.19179e-14,5,5.02165,-4.05469,-0.002165,-0.002165
0.03704,-3.47644e-14,5,5.02206,-4.05282,-0.00220553,-0.00220553
0.03705,-1.69448e-14,5,5.02246,-4.05091,-0.00224604,-0.00224604
0.03706,-6.12977e-14,5,5.02287,-4.04898,-0.00228653,-0.00228653
0.03707,-5.75223e-14,5,5.02327,-4.04703,-0.002327,-0.002327
0.03708,-3.47067e-14,5,5.02367,-4.04504,-0.00236745,-0.00236745
0.03709,-4.75847e-14,5,5.02408,-4.04303,-0.00240788,-0.00240788
0.0371,-3.48166e-14,5,5.02448,-4.041,-0.00244829,-0.00244829
0.03711,-4.58072e-14,5,5.02489,-4.03894,-0.00248868,-0.00248868
0.03712,-4.20319e-14,5,5.02529,-4.03685,-0.00252905,-0.00252905
0.03713,-3.92557e-14,5,5.02569,-4.03473,-0.0025694,-0.0025694
0.03714,-5.06904e-14,5,5.0261,-4.03259,-0.00260972,-0.00260972
0.03715,-8.655e-14,5,5.0265,-4.03042,-0.00265003,-0.00265003
0.03716,-4.09748e-14,5,5.0269,-4.02822,-0.00269031,-0.00269031
0.03717,-3.2703e-14,5,5.02731,-4.026,-0.00273057,-0.00273057
0.03718,-6.41217e-14,5,5.02771,-4.02375,-0.00277081,-0.00277081
0.03719,-7.82209e-14,5,5.02811,-4.02147,-0.00281102,-0.00281102
0.0372,-1.52151e-14,5,5.02851,-4.01917,-0.00285121,-0.00285121
0.03721,-4.00279e-14,5,5.02891,-4.01684,-0.00289138,-0.00289138
0.03722,-8.77113e-14,5,5.02932,-4.01448,-0.00293153,-0.00293153
0.03723,-9.04862e-14,5,5.02972,-4.0121,-0.00297165,-0.00297165
0.03724,-9.17068e-14,5,5.03012,-4.00969,-0.00301175,-0.00301175
0.03725,-1.32063e-13,5,5.03052,-4.00726,-0.00305182,-0.00305182
0.03726,-7.90489e-14,5,5.03092,-4.0048,-0.00309187,-0.00309187
0.03727,-2.49803e-14,5,5.03132,-4.00231,-0.00313189,-0.00313189
0.03728,-1.16184e-13,5,5.03172,-3.99979,-0.00317189,-0.00317189
0.03729,-9.86422e-14,5,5.03212,-3.99725,-0.00321186,-0.00321186
0.0373,1.6837e-16,5,5.03252,-3.99468,-0.00325181,-0.00325181
0.03731,-1.28783e-13,5,5.03292,-3.99209,-0.00329173,-0.00329173
0.03732,-5.30099e-14,5,5.03332,-3.98947,-0.00333162,-0.00333162
0.03733,-7.62683e-14,5,5.03371,-3.98682,-0.00337149,-0.00337149
0.03734,-4.49593e-14,5,5.03411,-3.98415,-0.00341133,-0.00341133
0.03735,-8.72025e-14,5,5.03451,-3.98145,-0.00345115,-0.00345115
0.03736,-1.00913e-13,5,5.03491,-3.97873,-0.00349093,-0.00349093
0.03737,-9.51391e-14,5,5.03531,-3.97598,-0.00353069,-0.00353069
0.03738,-1.33219e-13,5,5.0357,-3.9732,-0.00357042,-0.00357042
0.03739,-1.05352e-13,5,5.0361,-3.9704,-0.00361013,-0.00361013
0.0374,-1.27026e-14,5,5.0365,-3.96757,-0.0036498,-0.0036498
0.03741,-2.44147e-14,5,5.03689,-3.96471,-0.00368945,-0.00368945
0.03742,-7.96475e-14,5,5.03729,-3.96183,-0.00372907,-0.00372907
0.03743,-5.80528e-14,5,5.03769,-3.95892,-0.00376866,-0.00376866
0.03744,-1.21057e-13,5,5.03808,-3.95598,-0.00380822,-0.00380822
0.03745,-8.61398e-14,5,5.03848,-3.95302,-0.00384775,-0.00384775
0.03746,-5.26658e-14,5,5.03887,-3.95004,-0.00388725,-0.00388725
0.03747,-1.17169e-13,5,5.03927,-3.94702,-0.00392672,-0.00392672
0.03748,-8.9579e-14,5,5.03966,-3.94399,-0.00396616,-0.00396616
0.03749,-1.18277e-13,5,5.04006,-3.94092,-0.00400557,-0.00400557
0.0375,-6.45418e-14,5,5.04045,-3.93783,-0.00404495,-0.00404495
0.03751,-1.48029e-14,5,5.04084,-3.93471,-0.00408429,-0.00408429
0.03752,-5.26051e-14,5,5.04124,-3.93157,-0.00412361,-0.00412361
0.03753,-8.8631e-14,5,5.04163,-3.9284,-0.00416289,-0.00416289
0.03754,-1.4453e-13,5,5.04202,-3.92521,-0.00420215,-0.00420215
0.03755,-6.87562e-14,5,5.04241,-3.92199,-0.00424137,-0.00424137
0.03756,-4.84382e-14,5,5.04281,-3.91875,-0.00428055,-0.00428055
0.03757,-4.06102e-14,5,5.0432,-3.91547,-0.00431971,-0.00431971
0.03758,-5.65965e-14,5,5.04359,-3.91218,-0.00435883,-0.00435883
0.03759,-1.05279e-13,5,5.04398,-3.90885,-0.00439792,-0.00439792
0.0376,-1.3592e-13,5,5.04437,-3.90551,-0.00443697,-0.00443697
0.03761,-9.53405e-14,5,5.04476,-3.90213,-0.00447599,-0.00447599
0.03762,-9.82816e-14,5,5.04515,-3.89873,-0.00451498,-0.00451498
0.03763,-1.433e-13,5,5.04554,-3.89531,-0.00455394,-0.00455394
0.03764,-5.57027e-14,5,5.04593,-3.89185,-0.00459285,-0.00459285
0.03765,-1.13267e-13,5,5.04632,-3.88838,-0.00463174,-0.00463174
0.03766,-1.36192e-13,5,5.04671,-3.88488,-0.00467059,-0.00467059
0.03767,-1.1271e-13,5,5.04709,-3.88135,-0.0047094,-0.0047094
0.03768,-1.42407e-13,5,5.04748,-3.87779,-0.00474818,-0.00474818
0.03769,-1.5151e-13,5,5.04787,-3.87422,-0.00478692,-0.00478692
0.0377,-1.20645e-13,5,5.04826,-3.87061,-0.00482563,-0.00482563
0.03771,-8.48946e-14,5,5.04864,-3.86698,-0.0048643,-0.0048643
0.03772,-1.33355e-13,5,5.04903,-3.86333,-0.00490293,-0.00490293
0.03773,-1.2536e-13,5,5.04942,-3.85965,-0.00494153,-0.00494153
0.03774,-1.45232e-13,5,5.0498,-3.85594,-0.00498009,-0.00498009
0.03775,-1.03986e-13,5,5.05019,-3.85221,-0.00501861,-0.00501861
0.03776,-8.07816e-14,5,5.05057,-3.84845,-0.00505709,-0.00505709
0.03777,-3.84811e-14,5,5.05096,-3.84467,-0.00509554,-0.00509554
0.03778,-1.64879e-13,5,5.05134,-3.84087,-0.00513395,-0.00513395
0.03779,-1.33681e-13,5,5.05172,-3.83703,-0.00517232,-0.00517232
0.0378,-2.41149e-13,5,5.05211,-3.83318,-0.00521065,-0.00521065
0.03781,-1.56049e-13,5,5.05249,-3.8293,-0.00524894,-0.00524894
0.03782,-1.69649e-13,5,5.05287,-3.82539,-0.0052872,-0.0052872
0.03783,-1.1619e-13,5,5.05325,-3.82146,-0.00532541,-0.00532541
0.03784,-5.45717e-14,5,5.05364,-3.8175,-0.00536359,-0.00536359
0.03785,-1.55046e-13,5,5.05402,-3.81352,-0.00540172,-0.00540172
0.03786,-1.68219e-14,5,5.0544,-3.80951,-0.00543982,-0.00543982
0.03787,-1.46162e-13,5,5.05478,-3.80548,-0.00547787,-0.00547787
0.03788,-2.3592e-14,5,5.05516,-3.80142,-0.00551588,-0.00551588
0.03789,-3.68025e-14,5,5.05554,-3.79734,-0.00555386,-0.00555386
0.0379,-1.1596e-13,5,5.05592,-3.79323,-0.00559179,-0.00559179
0.03791,-7.53805e-14,5,5.0563,-3.7891,-0.00562968,-0.00562968
0.03792,-6.77743e-14,5,5.05668,-3.78494,-0.00566753,-0.00566753
0.03793,-1.29668e-13,5,5.05705,-3.78076,-0.00570534,-0.00570534
0.03794,-6.7883e-14,5,5.05743,-3.77655,-0.0057431,-0.0057431
0.03795,-1.41268e-13,5,5.05781,-3.77232,-0.00578083,-0.00578083
0.03796,-1.51813e-13,5,5.05819,-3.76806,-0.00581851,-0.00581851
0.03797,-1.26055e-13,5,5.05856,-3.76378,-0.00585615,-0.00585615
0.03798,-8.83063e-14,5,5.05894,-3.75948,-0.00589374,-0.00589374
0.03799,-6.03275e-14,5,5.05931,-3.75515,-0.00593129,-0.00593129
0.038,-1.75123e-13,5,5.05969,-3.7508,-0.0059688,-0.0059688
0.03801,-1.08509e-13,5,5.06006,-3.74642,-0.00600626,-0.00600626
0.03802,-1.02235e-13,5,5.06044,-3.74201,-0.00604368,-0.00604368
0.03803,-1.68236e-13,5,5.06081,-3.73759,-0.00608106,-0.00608106
0.03804,-2.02485e-13,5,5.06118,-3.73313,-0.00611839,-0.00611839
0.03805,-2.11866e-13,5,5.06156,-3.72866,-0.00615568,-0.00615568
0.03806,-8.74638e-14,5,5.06193,-3.72416,-0.00619292,-0.00619292
0.03807,-5.88743e-14,5,5.0623,-3.71963,-0.00623012,-0.00623012
0.03808,-1.2582e-13,5,5.06267,-3.71508,-0.00626727,-0.00626727
0.03809,-5.82057e-14,5,5.06304,-3.71051,-0.00630437,-0.00630437
0.0381,-7.84659e-14,5,5.06341,-3.70591,-0.00634143,-0.00634143
0.03811,-1.79106e-13,5,5.06378,-3.70129,-0.00637844,-0.00637844
0.03812,-2.36337e-13,5,5.06415,-3.69664,-0.00641541,-0.00641541
0.03813,-1.24314e-13,5,5.06452,-3.69197,-0.00645233,-0.00645233
0.03814,-5.56457e-14,5,5.06489,-3.68727,-0.0064892,-0.0064892
0.03815,-1.31228e-14,5,5.06526,-3.68255,-0.00652603,-0.00652603
0.03816,-2.04635e-13,5,5.06563,-3.67781,-0.00656281,-0.00656281
0.03817,-3.971e-14,5,5.066,-3.67304,-0.00659954,-0.00659954
0.03818,-1.76155e-13,5,5.06636,-3.66825,-0.00663622,-0.00663622
0.03819,-2.46153e-13,5,5.06673,-3.66344,-0.00667285,-0.00667285
0.0382,-1.0693e-13,5,5.06709,-3.6586,-0.00670944,-0.00670944
0.03821,-6.79598e-14,5,5.06746,-3.65374,-0.00674598,-0.00674598
0.03822,-9.5381e-14,5,5.06782,-3.64885,-0.00678247,-0.00678247
0.03823,-2.6652e-13,5,5.06819,-3.64394,-0.0068189,-0.0068189
0.03824,-8.80508e-14,5,5.06855,-3.63901,-0.00685529,-0.00685529
0.03825,-2.01015e-13,5,5.06892,-3.63405,-0.00689164,-0.00689164
0.03826,-1.07255e-13,5,5.06928,-3.62907,-0.00692793,-0.00692793
0.03827,-1.02091e-13,5,5.06964,-3.62406,-0.00696417,-0.00696417
0.03828,-2.35412e-14,5,5.07,-3.61903,-0.00700036,-0.00700036
0.03829,-2.7606e-13,5,5.07036,-3.61398,-0.0070365,-0.0070365
0.0383,-1.24624e-13,5,5.07073,-3.6089,-0.00707259,-0.00707259
0.03831,-1.96121e-13,5,5.07109,-3.6038,-0.00710862,-0.00710862
0.03832,-9.19253e-14,5,5.07145,-3.59868,-0.00714461,-0.00714461
0.03833,-9.32006e-14,5,5.07181,-3.59354,-0.00718055,-0.00718055
0.03834,-1.37719e-13,5,5.07216,-3.58837,-0.00721643,-0.00721643
0.03835,-1.61032e-13,5,5.07252,-3.58317,-0.00725226,-0.00725226
0.03836,-2.09714e-13,5,5.07288,-3.57796,-0.00728804,-0.00728804
0.03837,-1.00966e-13,5,5.07324,-3.57272,-0.00732377,-0.00732377
0.03838,-2.17927e-13,5,5.07359,-3.56745,-0.00735944,-0.00735944
0.03839,-1.45705e-13,5,5.07395,-3.56217,-0.00739506,-0.00739506
0.0384,-3.54033e-14,5,5.07431,-3.55686,-0.00743063,-0.00743063
0.03841,-1.49699e-13,5,5.07466,-3.55153,-0.00746615,-0.00746615
0.03842,-1.80173e-13,5,5.07502,-3.54617,-0.00750161,-0.00750161
0.03843,-4.39476e-14,5,5.07537,-3.54079,-0.00753702,-0.00753702
0.03844,-1.10115e-13,5,5.07572,-3.53539,-0.00757237,-0.00757237
0.03845,-6.37065e-14,5,5.07608,-3.52996,-0.00760767,-0.00760767
0.03846,-2.69429e-13,5,5.07643,-3.52452,-0.00764292,-0.00764292
0.03847,-1.8011e-13,5,5.07678,-3.51905,-0.00767811,-0.00767811
0.03848,-1.56017e-13,5,5.07713,-3.51355,-0.00771324,-0.00771324
0.03849,-2.13858e-13,5,5.07748,-3.50804,-0.00774832,-0.00774832
0.0385,-1.40859e-13,5,5.07783,-3.5025,-0.00778335,-0.00778335
0.03851,-6.28091e-14,5,5.07818,-3.49693,-0.00781832,-0.00781832
0.03852,-2.17184e-13,5,5.07853,-3.49135,-0.00785323,-0.00785323
0.03853,-1.56842e-13,5,5.07888,-3.48574,-0.00788809,-0.00788809
0.03854,-2.28394e-13,5,5.07923,-3.48011,-0.00792289,-0.00792289
0.03855,-9.38336e-14,5,5.07958,-3.47446,-0.00795763,-0.00795763
0.03856,-9.52198e-14,5,5.07992,-3.46879,-0.00799232,-0.00799232
0.03857,-2.31221e-13,5,5.08027,-3.46309,-0.00802695,-0.00802695
0.03858,-2.70798e-13,5,5.08062,-3.45737,-0.00806153,-0.00806153
0.03859,-2.08236e-13,5,5.08096,-3.45162,-0.00809604,-0.00809604
0.0386,-1.49059e-13,5,5.08131,-3.44586,-0.0081305,-0.0081305
0.03861,-3.10484e-13,5,5.08165,-3.44007,-0.0081649,-0.0081649
0.03862,-2.25106e-13,5,5.08199,-3.43426,-0.00819924,-0.00819924
0.03863,-1.05589e-13,5,5.08234,-3.42843,-0.00823353,-0.00823353
0.03864,-4.86331e-14,5,5.08268,-3.42258,-0.00826775,-0.00826775
0.03865,-1.48718e-13,5,5.08302,-3.4167,-0.00830192,-0.00830192
0.03866,-4.34118e-14,5,5.08336,-3.4108,-0.00833603,-0.00833603
0.03867,-1.63814e-13,5,5.0837,-3.40488,-0.00837008,-0.00837008
0.03868,-2.56682e-13,5,5.08404,-3.39894,-0.00840407,-0.00840407
0.03869,-1.80408e-13,5,5.08438,-3.39297,-0.008438,-0.008438
0.0387,-2.45632e-13,5,5.08472,-3.38699,-0.00847187,-0.00847187
0.03871,-1.92784e-13,5,5.08506,-3.38098,-0.00850568,-0.00850568
0.03872,-1.00745e-13,5,5.08539,-3.37495,-0.00853943,-0.00853943
0.03873,-2.73882e-13,5,5.08573,-3.3689,-0.00857312,-0.00857312
0.03874,-1.04738e-13,5,5.08607,-3.36282,-0.00860674,-0.00860674
0.03875,-1.20557e-13,5,5.0864,-3.35673,-0.00864031,-0.00864031
0.03876,-1.64465e-13,5,5.08674,-3.35061,-0.00867382,-0.00867382
0.03877,-7.70331e-14,5,5.08707,-3.34447,-0.00870726,-0.00870726
0.03878,-1.51916e-13,5,5.08741,-3.33831,-0.00874064,-0.00874064
0.03879,-1.1178e-13,5,5.08774,-3.33213,-0.00877397,-0.00877397
0.0388,-2.45671e-13,5,5.08807,-3.32592,-0.00880723,-0.00880723
0.03881,-1.58517e-13,5,5.0884,-3.3197,-0.00884042,-0.00884042
0.03882,-2.48776e-13,5,5.08874,-3.31345,-0.00887356,-0.00887356
0.03883,-2.30511e-13,5,5.08907,-3.30718,-0.00890663,-0.00890663
0.03884,-1.57013e-13,5,5.0894,-3.30089,-0.00893964,-0.00893964
0.03885,-7.91842e-14,5,5.08973,-3.29458,-0.00897258,-0.00897258
0.03886,-4.59867e-14,5,5.09005,-3.28825,-0.00900547,-0.00900547
0.03887,-1.04105e-13,5,5.09038,-3.28189,-0.00903828,-0.00903828
0.03888,-1.84484e-13,5,5.09071,-3.27552,-0.00907104,-0.00907104
0.03889,-1.02214e-13,5,5.09104,-3.26912,-0.00910373,-0.00910373
0.0389,-2.38881e-13,5,5.09136,-3.26271,-0.00913636,-0.00913636
0.03891,-2.91559e-13,5,5.09169,-3.25627,-0.00916892,-0.00916892
0.03892,-6.91797e-14,5,5.09201,-3.24981,-0.00920142,-0.00920142
0.03893,-1.74261e-13,5,5.09234,-3.24333,-0.00923385,-0.00923385
0.03894,-2.9766e-13,5,5.09266,-3.23683,-0.00926622,-0.00926622
0.03895,-1.28349e-13,5,5.09299,-3.23031,-0.00929852,-0.00929852
0.03896,-1.48775e-13,5,5.09331,-3.22376,-0.00933076,-0.00933076
0.03897,-2.71065e-13,5,5.09363,-3.2172,-0.00936293,-0.00936293
0.03898,-2.91546e-13,5,5.09395,-3.21061,-0.00939504,-0.00939504
0.03899,-2.31815e-13,5,5.09427,-3.20401,-0.00942708,-0.00942708
0.039,-2.2504e-13,5,5.09459,-3.19738,-0.00945905,-0.00945905
0.03901,-1.75079e-13,5,5.09491,-3.19074,-0.00949096,-0.00949096
0.03902,-2.10992e-13,5,5.09523,-3.18407,-0.0095228,-0.0095228
0.03903,-2.32473e-13,5,5.09555,-3.17738,-0.00955458,-0.00955458
0.03904,-1.37159e-13,5,5.09586,-3.17067,-0.00958628,-0.00958628
0.03905,-2.75435e-13,5,5.09618,-3.16395,-0.00961792,-0.00961792
0.03906,-1.99772e-13,5,5.09649,-3.1572,-0.00964949,-0.00964949
0.03907,-2.56447e-13,5,5.09681,-3.15043,-0.009681,-0.009681
0.03908,-2.21195e-13,5,5.09712,-3.14364,-0.00971243,-0.00971243
0.03909,-2.08981e-13,5,5.09744,-3.13683,-0.0097438,-0.0097438
0.0391,-2.1886e-13,5,5.09775,-3.13,-0.0097751,-0.0097751
0.03911,-1.3437e-13,5,5.09806,-3.12315,-0.00980633,-0.00980633
0.03912,-2.91631e-13,5,5.09837,-3.11628,-0.0098375,-0.0098375
0.03913,-1.1527e-13,5,5.09869,-3.10939,-0.00986859,-0.00986859
0.03914,-2.78582e-13,5,5.099,-3.10248,-0.00989962,-0.00989962
0.03915,-2.02364e-13,5,5.09931,-3.09555,-0.00993057,-0.00993057
0.03916,-2.14574e-13,5,5.09961,-3.0886,-0.00996146,-0.00996146
0.03917,-7.31297e-14,5,5.09992,-3.08163,-0.00999227,-0.00999227
0.03918,-2.16013e-13,5,5.10023,-3.07464,-0.010023,-0.010023
0.03919,-2.8318e-13,5,5.10054,-3.06763,-0.0100537,-0.0100537
0.0392,-2.54035e-13,5,5.10084,-3.0606,-0.0100843,-0.0100843
0.03921,-3.33081e-13,5,5.10115,-3.05355,-0.0101148,-0.0101148
0.03922,-2.68242e-13,5,5.10145,-3.04649,-0.0101453,-0.0101453
0.03923,-2.60357e-13,5,5.10176,-3.0394,-0.0101757,-0.0101757
0.03924,-1.66985e-13,5,5.10206,-3.03229,-0.010206,-0.010206
0.03925,-7.13932e-14,5,5.10236,-3.02516,-0.0102363,-0.0102363
0.03926,-1.68369e-13,5,5.10266,-3.01802,-0.0102665,-0.0102665
0.03927,-1.96067e-13,5,5.10297,-3.01085,-0.0102966,-0.0102966
0.03928,-3.45612e-13,5,5.10327,-3.00367,-0.0103266,-0.0103266
0.03929,-1.02674e-14,5,5.10357,-2.99646,-0.0103566,-0.0103566
0.0393,-5.92818e-14,5,5.10386,-2.98924,-0.0103865,-0.0103865
0.03931,-2.23149e-13,5,5.10416,-2.982,-0.0104163,-0.0104163
0.03932,-2.3053e-13,5,5.10446,-2.97474,-0.010446,-0.010446
0.03933,-2.62724e-13,5,5.10476,-2.96746,-0.0104757,-0.0104757
0.03934,-2.72048e-13,5,5.10505,-2.96016,-0.0105053,-0.0105053
0.03935,-4.36081e-13,5,5.10535,-2.95284,-0.0105348,-0.0105348
0.03936,-2.10224e-14,5,5.10564,-2.9455,-0.0105643,-0.0105643
0.03937,-1.10282e-13,5,5.10594,-2.93814,-0.0105937,-0.0105937
0.03938,3.36046e-14,5,5.10623,-2.93077,-0.010623,-0.010623
0.03939,-2.1414e-13,5,5.10652,-2.92338,-0.0106522,-0.0106522
0.0394,-1.1233e-13,5,5.10681,-2.91596,-0.0106814,-0.0106814
0.03941,-2.82026e-13,5,5.1071,-2.90853,-0.0107104,-0.0107104
0.03942,-2.0564e-13,5,5.10739,-2.90108,-0.0107395,-0.0107395
0.03943,-4.5766e-14,5,5.10768,-2.89361,-0.0107684,-0.0107684
0.03944,-1.90759e-13,5,5.10797,-2.88613,-0.0107973,-0.0107973
0.03945,-1.17316e-13,5,5.10826,-2.87862,-0.010826,-0.010826
0.03946,1.73565e-14,5,5.10855,-2.8711,-0.0108548,-0.0108548
0.03947,-1.69381e-13,5,5.10883,-2.86356,-0.0108834,-0.0108834
0.03948,-1.48895e-13,5,5.10912,-2.856,-0.0109119,-0.0109119
0.03949,-7.27873e-14,5,5.1094,-2.84842,-0.0109404,-0.0109404
0.0395,-3.18256e-13,5,5.10969,-2.84082,-0.0109688,-0.0109688
0.03951,-1.23853e-13,5,5.10997,-2.83321,-0.0109972,-0.0109972
0.03952,-9.05446e-14,5,5.11025,-2.82557,-0.0110254,-0.0110254
0.03953,-3.62658e-13,5,5.11054,-2.81792,-0.0110536,-0.0110536
0.03954,-1.73363e-13,5,5.11082,-2.81025,-0.0110817,-0.0110817
0.03955,-1.18183e-13,5,5.1111,-2.80257,-0.0111097,-0.0111097
0.03956,-3.36228e-13,5,5.11138,-2.79486,-0.0111377,-0.0111377
0.03957,-5.52288e-14,5,5.11166,-2.78714,-0.0111656,-0.0111656
0.03958,-9.26967e-14,5,5.11193,-2.7794,-0.0111934,-0.0111934
0.03959,-1.27667e-13,5,5.11221,-2.77164,-0.0112211,-0.0112211
0.0396,-2.91977e-13,5,5.11249,-2.76387,-0.0112487,-0.0112487
0.03961,-2.61222e-13,5,5.11276,-2.75607,-0.0112763,-0.0112763
0.03962,-3.9106e-13,5,5.11304,-2.74826,-0.0113037,-0.0113037
0.03963,-1.26048e-13,5,5.11331,-2.74043,-0.0113312,-0.0113312
0.03964,-2.73317e-13,5,5.11358,-2.73259,-0.0113585,-0.0113585
0.03965,-2.73925e-13,5,5.11386,-2.72473,-0.0113857,-0.0113857
0.03966,-2.49332e-13,5,5.11413,-2.71685,-0.0114129,-0.0114129
0.03967,-9.17889e-14,5,5.1144,-2.70895,-0.01144,-0.01144
0.03968,-3.74172e-13,5,5.11467,-2.70103,-0.011467,-0.011467
0.03969,-3.03282e-13,5,5.11494,-2.6931,-0.0114939,-0.0114939
0.0397,6.30592e-15,5,5.11521,-2.68515,-0.0115208,-0.0115208
0.03971,-2.40328e-13,5,5.11548,-2.67719,-0.0115475,-0.0115475
0.03972,-2.44989e-13,5,5.11574,-2.6692,-0.0115742,-0.0115742
0.03973,-1.17089e-13,5,5.11601,-2.6612,-0.0116009,-0.0116009
0.03974,-1.91804e-13,5,5.11627,-2.65319,-0.0116274,-0.0116274
0.03975,-3.47955e-13,5,5.11654,-2.64515,-0.0116538,-0.0116538
0.03976,-2.35099e-13,5,5.1168,-2.6371,-0.0116802,-0.0116802
0.03977,-1.83527e-13,5,5.11706,-2.62904,-0.0117065,-0.0117065
0.03978,-2.94158e-13,5,5.11733,-2.62095,-0.0117327,-0.0117327
0.03979,-4.39206e-13,5,5.11759,-2.61285,-0.0117588,-0.0117588
0.0398,-2.6168e-13,5,5.11785,-2.60473,-0.0117849,-0.0117849
0.03981,-8.50408e-14,5,5.11811,-2.5966,-0.0118108,-0.0118108
0.03982,-2.31144e-13,5,5.11837,-2.58845,-0.0118367,-0.0118367
0.03983,-3.38167e-13,5,5.11863,-2.58028,-0.0118625,-0.0118625
0.03984,-4.9726e-13,5,5.11888,-2.5721,-0.0118883,-0.0118883
0.03985,-3.43325e-13,5,5.11914,-2.5639,-0.0119139,-0.0119139
0.03986,-1.91611e-13,5,5.11939,-2.55569,-0.0119395,-0.0119395
0.03987,-1.28548e-13,5,5.11965,-2.54746,-0.0119649,-0.0119649
0.03988,-2.38902e-13,5,5.1199,-2.53921,-0.0119903,-0.0119903
0.03989,-3.78344e-13,5,5.12016,-2.53094,-0.0120156,-0.0120156
0.0399,-1.73727e-13,5,5.12041,-2.52266,-0.0120409,-0.0120409
0.03991,-1.59736e-13,5,5.12066,-2.51437,-0.012066,-0.012066
0.03992,4.0051e-14,5,5.12091,-2.50606,-0.0120911,-0.0120911
0.03993,-1.05941e-13,5,5.12116,-2.49773,-0.012116,-0.012116
0.03994,-2.18182e-13,5,5.12141,-2.48939,-0.0121409,-0.0121409
0.03995,-3.70169e-13,5,5.12166,-2.48103,-0.0121657,-0.0121657
0.03996,-1.7932e-13,5,5.1219,-2.47266,-0.0121905,-0.0121905
0.03997,-1.70935e-13,5,5.12215,-2.46427,-0.0122151,-0.0122151
0.03998,4.08421e-14,5,5.1224,-2.45586,-0.0122397,-0.0122397
0.03999,-6.61256e-14,5,5.12264,-2.44744,-0.0122641,-0.0122641
0.04,-1.02983e-13,5,5.12289,-2.439,-0.0122885,-0.0122885
0.04001,-3.61385e-13,5,5.12313,-2.43055,-0.0123128,-0.0123128
0.04002,5.2688e-15,5,5.12337,-2.42208,-0.0123371,-0.0123371
0.04003,-4.28382e-13,5,5.12361,-2.4136,-0.0123612,-0.0123612
0.04004,-3.57991e-13,5,5.12385,-2.4051,-0.0123852,-0.0123852
0.04005,-2.96538e-13,5,5.12409,-2.39659,-0.0124092,-0.0124092
0.04006,-3.00699e-13,5,5.12433,-2.38806,-0.0124331,-0.0124331
0.04007,-1.98334e-13,5,5.12457,-2.37952,-0.0124569,-0.0124569
0.04008,-4.97981e-13,5,5.12481,-2.37096,-0.0124806,-0.0124806
0.04009,-1.14952e-13,5,5.12504,-2.36239,-0.0125042,-0.0125042
0.0401,-4.64337e-13,5,5.12528,-2.35381,-0.0125278,-0.0125278
0.04011,-2.31132e-13,5,5.12551,-2.3452,-0.0125512,-0.0125512
0.04012,-1.45254e-13,5,5.12575,-2.33659,-0.0125746,-0.0125746
0.04013,-4.80428e-13,5,5.12598,-2.32796,-0.0125979,-0.0125979
0.04014,-3.72178e-13,5,5.12621,-2.31931,-0.0126211,-0.0126211
0.04015,-3.18552e-13,5,5.12644,-2.31065,-0.0126442,-0.0126442
0.04016,-3.61627e-13,5,5.12667,-2.30197,-0.0126672,-0.0126672
0.04017,-8.71215e-14,5,5.1269,-2.29328,-0.0126901,-0.0126901
0.04018,-2.16294e-13,5,5.12713,-2.28458,-0.012713,-0.012713
0.04019,-3.32143e-13,5,5.12736,-2.27586,-0.0127357,-0.0127357
0.0402,-2.43489e-13,5,5.12758,-2.26713,-0.0127584,-0.0127584
0.04021,-4.39885e-13,5,5.12781,-2.25838,-0.012781,-0.012781
0.04022,-2.72739e-13,5,5.12803,-2.24962,-0.0128035,-0.0128035
0.04023,-1.34218e-15,5,5.12826,-2.24085,-0.0128259,-0.0128259
0.04024,-3.3857e-13,5,5.12848,-2.23206,-0.0128482,-0.0128482
0.04025,-4.04015e-13,5,5.1287,-2.22326,-0.0128704,-0.0128704
0.04026,-2.25655e-13,5,5.12893,-2.21444,-0.0128926,-0.0128926
0.04027,-2.8455e-13,5,5.12915,-2.20561,-0.0129146,-0.0129146
0.04028,-3.78473e-13,5,5.12937,-2.19677,-0.0129366,-0.0129366
0.04029,-3.03808e-13,5,5.12958,-2.18791,-0.0129585,-0.0129585
0.0403,-3.10245e-13,5,5.1298,-2.17904,-0.0129803,-0.0129803
0.04031,-4.18711e-13,5,5.13002,-2.17015,-0.013002,-0.013002
0.04032,-1.9411e-13,5,5.13024,-2.16125,-0.0130236,-0.0130236
0.04033,-3.36966e-13,5,5.13045,-2.15234,-0.0130451,-0.0130451
0.04034,-4.09378e-13,5,5.13067,-2.14342,-0.0130665,-0.0130665
0.04035,-1.99598e-13,5,5.13088,-2.13448,-0.0130879,-0.0130879
0.04036,-1.76698e-13,5,5.13109,-2.12553,-0.0131091,-0.0131091
0.04037,-3.53665e-13,5,5.1313,-2.11656,-0.0131303,-0.0131303
0.04038,-2.87354e-13,5,5.13151,-2.10758,-0.0131514,-0.0131514
0.04039,-4.42894e-13,5,5.13172,-2.09859,-0.0131724,-0.0131724
0.0404,-1.47183e-13,5,5.13193,-2.08959,-0.0131933,-0.0131933
0.04041,-3.17461e-13,5,5.13214,-2.08057,-0.0132141,-0.0132141
0.04042,-2.78074e-13,5,5.13235,-2.07154,-0.0132348,-0.0132348
0.04043,-4.8893e-13,5,5.13255,-2.0625,-0.0132554,-0.0132554
0.04044,-2.71824e-13,5,5.13276,-2.05344,-0.0132759,-0.0132759
0.04045,-5.38858e-13,5,5.13296,-2.04437,-0.0132964,-0.0132964
0.04046,-3.81842e-13,5,5.13317,-2.03529,-0.0133167,-0.0133167
0.04047,-2.82887e-14,5,5.13337,-2.0262,-0.013337,-0.013337
0.04048,-3.86583e-13,5,5.13357,-2.01709,-0.0133572,-0.0133572
0.04049,-8.99565e-14,5,5.13377,-2.00797,-0.0133773,-0.0133773
0.0405,-4.99099e-13,5,5.13397,-1.99884,-0.0133972,-0.0133972
0.04051,-2.44855e-13,5,5.13417,-1.98969,-0.0134171,-0.0134171
0.04052,-4.5796e-13,5,5.13437,-1.98054,-0.0134369,-0.0134369
0.04053,-2.21619e-13,5,5.13457,-1.97137,-0.0134567,-0.0134567
0.04054,-4.36722e-13,5,5.13476,-1.96219,-0.0134763,-0.0134763
0.04055,-1.84088e-13,5,5.13496,-1.953,-0.0134958,-0.0134958
0.04056,-3.62165e-13,5,5.13515,-1.94379,-0.0135152,-0.0135152
0.04057,-2.76731e-13,5,5.13535,-1.93458,-0.0135346,-0.0135346
0.04058,-3.69155e-13,5,5.13554,-1.92535,-0.0135538,-0.0135538
0.04059,-1.70117e-13,5,5.13573,-1.91611,-0.013573,-0.013573
0.0406,-3.46085e-13,5,5.13592,-1.90686,-0.0135921,-0.0135921
0.04061,-4.2538e-13,5,5.13611,-1.89759,-0.013611,-0.013611
0.04062,-3.89933e-13,5,5.1363,-1.88832,-0.0136299,-0.0136299
0.04063,-2.20566e-13,5,5.13649,-1.87903,-0.0136487,-0.0136487
0.04064,-3.51653e-13,5,5.13667,-1.86973,-0.0136674,-0.0136674
0.04065,-3.06909e-13,5,5.13686,-1.86042,-0.013686,-0.013686
0.04066,-2.9103e-13,5,5.13705,-1.8511,-0.0137045,-0.0137045
0.04067,-5.07632e-13,5,5.13723,-1.84177,-0.013723,-0.013723
0.04068,-4.77043e-13,5,5.13741,-1.83242,-0.0137413,-0.0137413
0.04069,-4.00573e-13,5,5.1376,-1.82307,-0.0137595,-0.0137595
0.0407,-2.51107e-13,5,5.13778,-1.8137,-0.0137776,-0.0137776
0.04071,-2.27706e-13,5,5.13796,-1.80432,-0.0137957,-0.0137957
0.04072,-7.36048e-14,5,5.13814,-1.79493,-0.0138136,-0.0138136
0.04073,-4.40531e-13,5,5.13831,-1.78553,-0.0138315,-0.0138315
0.04074,-3.87432e-13,5,5.13849,-1.77612,-0.0138493,-0.0138493
0.04075,-1.08958e-13,5,5.13867,-1.7667,-0.0138669,-0.0138669
0.04076,-4.80935e-13,5,5.13884,-1.75727,-0.0138845,-0.0138845
0.04077,-1.04317e-13,5,5.13902,-1.74783,-0.013902,-0.013902
0.04078,-3.07569e-13,5,5.13919,-1.73837,-0.0139194,-0.0139194
0.04079,-3.7157e-13,5,5.13937,-1.72891,-0.0139366,-0.0139366
0.0408,-4.85726e-13,5,5.13954,-1.71944,-0.0139538,-0.0139538
0.04081,-1.56376e-13,5,5.13971,-1.70995,-0.0139709,-0.0139709
0.04082,-2.55059e-14,5,5.13988,-1.70046,-0.0139879,-0.0139879
0.04083,-5.06813e-13,5,5.14005,-1.69095,-0.0140049,-0.0140049
0.04084,-4.21351e-13,5,5.14022,-1.68143,-0.0140217,-0.0140217
0.04085,-4.08081e-13,5,5.14038,-1.67191,-0.0140384,-0.0140384
0.04086,-1.95498e-13,5,5.14055,-1.66237,-0.014055,-0.014055
0.04087,-4.20593e-13,5,5.14072,-1.65283,-0.0140715,-0.0140715
0.04088,-1.27742e-13,5,5.14088,-1.64327,-0.014088,-0.014088
0.04089,-4.06655e-13,5,5.14104,-1.6337,-0.0141043,-0.0141043
0.0409,-5.27056e-13,5,5.14121,-1.62413,-0.0141205,-0.0141205
0.04091,-2.12555e-13,5,5.14137,-1.61454,-0.0141367,-0.0141367
0.04092,-9.51459e-14,5,5.14153,-1.60495,-0.0141527,-0.0141527
0.04093,-5.78507e-13,5,5.14169,-1.59534,-0.0141687,-0.0141687
0.04094,-4.7381e-13,5,5.14185,-1.58573,-0.0141846,-0.0141846
0.04095,-4.10136e-13,5,5.142,-1.5761,-0.0142003,-0.0142003
0.04096,-1.06321e-13,5,5.14216,-1.56647,-0.014216,-0.014216
0.04097,-4.16931e-13,5,5.14232,-1.55682,-0.0142315,-0.0142315
0.04098,-3.7671e-13,5,5.14247,-1.54717,-0.014247,-0.014247
0.04099,-1.563e-13,5,5.14262,-1.53751,-0.0142624,-0.0142624
0.041,-1.52828e-13,5,5.14278,-1.52784,-0.0142777,-0.0142777
0.04101,-8.03836e-14,5,5.14293,-1.51816,-0.0142929,-0.0142929
0.04102,-1.0686e-13,5,5.14308,-1.50847,-0.0143079,-0.0143079
0.04103,-3.99262e-13,5,5.14323,-1.49877,-0.0143229,-0.0143229
0.04104,-2.14241e-13,5,5.14338,-1.48906,-0.0143378,-0.0143378
0.04105,-3.99118e-13,5,5.14353,-1.47935,-0.0143526,-0.0143526
0.04106,-2.08767e-13,5,5.14367,-1.46962,-0.0143673,-0.0143673
0.04107,-2.61362e-13,5,5.14382,-1.45989,-0.0143819,-0.0143819
0.04108,-2.64828e-13,5,5.14396,-1.45014,-0.0143964,-0.0143964
0.04109,-1.5347e-13,5,5.14411,-1.44039,-0.0144108,-0.0144108
0.0411,-5.42906e-13,5,5.14425,-1.43063,-0.0144251,-0.0144251
0.04111,-2.28988e-13,5,5.14439,-1.42086,-0.0144393,-0.0144393
0.04112,-2.80361e-13,5,5.14453,-1.41109,-0.0144534,-0.0144534
0.04113,-1.73221e-13,5,5.14467,-1.4013,-0.0144675,-0.0144675
0.04114,-2.92512e-13,5,5.14481,-1.39151,-0.0144814,-0.0144814
0.04115,-3.40221e-13,5,5.14495,-1.38171,-0.0144952,-0.0144952
0.04116,-2.44739e-13,5,5.14509,-1.3719,-0.0145089,-0.0145089
0.04117,-6.16023e-13,5,5.14523,-1.36208,-0.0145225,-0.0145225
0.04118,-2.44012e-13,5,5.14536,-1.35225,-0.014536,-0.014536
0.04119,-4.19064e-13,5,5.14549,-1.34242,-0.0145495,-0.0145495
0.0412,-1.56993e-13,5,5.14563,-1.33258,-0.0145628,-0.0145628
0.04121,-6.44531e-14,5,5.14576,-1.32273,-0.014576,-0.014576
0.04122,-5.19947e-13,5,5.14589,-1.31287,-0.0145892,-0.0145892
0.04123,-3.09585e-13,5,5.14602,-1.30301,-0.0146022,-0.0146022
0.04124,-2.65062e-13,5,5.14615,-1.29313,-0.0146151,-0.0146151
0.04125,-3.07859e-13,5,5.14628,-1.28325,-0.0146279,-0.0146279
0.04126,-3.58649e-13,5,5.14641,-1.27337,-0.0146407,-0.0146407
0.04127,-3.37441e-13,5,5.14653,-1.26347,-0.0146533,-0.0146533
0.04128,-3.90812e-13,5,5.14666,-1.25357,-0.0146658,-0.0146658
0.04129,-2.09898e-13,5,5.14678,-1.24366,-0.0146783,-0.0146783
0.0413,-3.94581e-13,5,5.14691,-1.23374,-0.0146906,-0.0146906
0.04131,-1.79833e-13,5,5.14703,-1.22382,-0.0147029,-0.0147029
0.04132,-1.64093e-13,5,5.14715,-1.21388,-0.014715,-0.014715
0.04133,-3.56376e-14,5,5.14727,-1.20395,-0.014727,-0.014727
0.04134,-3.91517e-13,5,5.14739,-1.194,-0.014739,-0.014739
0.04135,-2.36527e-13,5,5.14751,-1.18405,-0.0147508,-0.0147508
0.04136,-3.93732e-13,5,5.14763,-1.17409,-0.0147626,-0.0147626
0.04137,-5.48688e-13,5,5.14774,-1.16412,-0.0147742,-0.0147742
0.04138,-6.13578e-13,5,5.14786,-1.15415,-0.0147857,-0.0147857
0.04139,-4.99972e-13,5,5.14797,-1.14417,-0.0147972,-0.0147972
0.0414,-3.46175e-13,5,5.14809,-1.13419,-0.0148085,-0.0148085
0.04141,-5.17202e-13,5,5.1482,-1.12419,-0.0148198,-0.0148198
0.04142,-2.40532e-13,5,5.14831,-1.1142,-0.0148309,-0.0148309
0.04143,-3.34621e-13,5,5.14842,-1.10419,-0.014842,-0.014842
0.04144,-4.80529e-13,5,5.14853,-1.09418,-0.0148529,-0.0148529
0.04145,-3.58513e-13,5,5.14864,-1.08416,-0.0148637,-0.0148637
0.04146,-5.5785e-13,5,5.14874,-1.07414,-0.0148745,-0.0148745
0.04147,-7.55668e-14,5,5.14885,-1.06411,-0.0148851,-0.0148851
0.04148,-1.8184e-13,5,5.14896,-1.05407,-0.0148957,-0.0148957
0.04149,-5.54539e-13,5,5.14906,-1.04403,-0.0149061,-0.0149061
0.0415,-1.88884e-13,5,5.14916,-1.03398,-0.0149164,-0.0149164
0.04151,-3.53292e-13,5,5.14927,-1.02393,-0.0149267,-0.0149267
0.04152,-4.96563e-13,5,5.14937,-1.01387,-0.0149368,-0.0149368
0.04153,-5.21707e-13,5,5.14947,-1.0038,-0.0149469,-0.0149469
0.04154,-3.31121e-13,5,5.14957,-0.993734,-0.0149568,-0.0149568
0.04155,-2.81463e-13,5,5.14967,-0.983658,-0.0149666,-0.0149666
0.04156,-2.74036e-13,5,5.14976,-0.973576,-0.0149764,-0.0149764
0.04157,-4.37e-13,5,5.14986,-0.963489,-0.014986,-0.014986
0.04158,-2.15882e-13,5,5.14996,-0.953397,-0.0149955,-0.0149955
0.04159,-1.92509e-13,5,5.15005,-0.943299,-0.015005,-0.015005
0.0416,-2.661e-13,5,5.15014,-0.933196,-0.0150143,-0.0150143
0.04161,-3.35306e-13,5,5.15024,-0.923088,-0.0150235,-0.0150235
0.04162,-5.25734e-13,5,5.15033,-0.912975,-0.0150327,-0.0150327
0.04163,-2.80275e-13,5,5.15042,-0.902857,-0.0150417,-0.0150417
0.04164,-1.78243e-13,5,5.15051,-0.892734,-0.0150506,-0.0150506
0.04165,-3.43732e-13,5,5.15059,-0.882606,-0.0150594,-0.0150594
0.04166,-2.18191e-13,5,5.15068,-0.872474,-0.0150682,-0.0150682
0.04167,-1.5213e-13,5,5.15077,-0.862336,-0.0150768,-0.0150768
0.04168,-4.95547e-13,5,5.15085,-0.852194,-0.0150853,-0.0150853
0.04169,-2.33809e-13,5,5.15094,-0.842047,-0.0150937,-0.0150937
0.0417,-3.98105e-13,5,5.15102,-0.831896,-0.0151021,-0.0151021
0.04171,-2.00261e-13,5,5.1511,-0.821741,-0.0151103,-0.0151103
0.04172,-2.15884e-13,5,5.15118,-0.81158,-0.0151184,-0.0151184
0.04173,-3.37978e-13,5,5.15126,-0.801416,-0.0151264,-0.0151264
0.04174,-4.59212e-13,5,5.15134,-0.791247,-0.0151343,-0.0151343
0.04175,-4.71768e-13,5,5.15142,-0.781074,-0.0151421,-0.0151421
0.04176,-2.67443e-13,5,5.1515,-0.770898,-0.0151498,-0.0151498
0.04177,-1.92361e-13,5,5.15157,-0.760716,-0.0151574,-0.0151574
0.04178,-3.64887e-13,5,5.15165,-0.750531,-0.0151649,-0.0151649
0.04179,-2.20861e-13,5,5.15172,-0.740343,-0.0151723,-0.0151723
0.0418,-1.05256e-13,5,5.1518,-0.73015,-0.0151796,-0.0151796
0.04181,-3.6263e-13,5,5.15187,-0.719953,-0.0151868,-0.0151868
0.04182,-2.00341e-13,5,5.15194,-0.709753,-0.0151939,-0.0151939
0.04183,-1.89597e-13,5,5.15201,-0.699549,-0.0152009,-0.0152009
0.04184,-2.19126e-13,5,5.15208,-0.689342,-0.0152078,-0.0152078
0.04185,-4.04724e-13,5,5.15215,-0.679131,-0.0152146,-0.0152146
0.04186,-6.34399e-13,5,5.15221,-0.668916,-0.0152213,-0.0152213
0.04187,-1.13757e-13,5,5.15228,-0.658698,-0.0152279,-0.0152279
0.04188,-5.49156e-13,5,5.15234,-0.648477,-0.0152344,-0.0152344
0.04189,-2.36042e-13,5,5.15241,-0.638253,-0.0152408,-0.0152408
0.0419,-4.25402e-13,5,5.15247,-0.628025,-0.015247,-0.015247
0.04191,-5.48898e-13,5,5.15253,-0.617795,-0.0152532,-0.0152532
0.04192,-4.92648e-13,5,5.15259,-0.607561,-0.0152593,-0.0152593
0.04193,-3.69896e-13,5,5.15265,-0.597325,-0.0152653,-0.0152653
0.04194,-5.20884e-13,5,5.15271,-0.587085,-0.0152711,-0.0152711
0.04195,-6.03537e-13,5,5.15277,-0.576843,-0.0152769,-0.0152769
0.04196,-5.02795e-13,5,5.15283,-0.566598,-0.0152826,-0.0152826
0.04197,-3.30777e-13,5,5.15288,-0.55635,-0.0152881,-0.0152881
0.04198,-4.2667e-13,5,5.15294,-0.5461,-0.0152936,-0.0152936
0.04199,-4.47317e-13,5,5.15299,-0.535847,-0.015299,-0.015299
0.042,-2.76659e-13,5,5.15304,-0.525591,-0.0153042,-0.0153042
0.04201,-2.53133e-13,5,5.15309,-0.515334,-0.0153094,-0.0153094
0.04202,-2.6025e-13,5,5.15314,-0.505073,-0.0153144,-0.0153144
0.04203,-4.08601e-13,5,5.15319,-0.494811,-0.0153194,-0.0153194
0.04204,-3.5385e-13,5,5.15324,-0.484546,-0.0153242,-0.0153242
0.04205,-4.33568e-13,5,5.15329,-0.47428,-0.015329,-0.015329
0.04206,-3.02982e-13,5,5.15334,-0.464011,-0.0153336,-0.0153336
0.04207,-2.99239e-13,5,5.15338,-0.45374,-0.0153381,-0.0153381
0.04208,-7.72056e-14,5,5.15343,-0.443467,-0.0153426,-0.0153426
0.04209,-4.28373e-13,5,5.15347,-0.433193,-0.0153469,-0.0153469
0.0421,-5.52486e-13,5,5.15351,-0.422916,-0.0153511,-0.0153511
0.04211,-5.58604e-13,5,5.15355,-0.412638,-0.0153553,-0.0153553
0.04212,-3.28216e-13,5,5.15359,-0.402359,-0.0153593,-0.0153593
0.04213,-1.97449e-13,5,5.15363,-0.392077,-0.0153632,-0.0153632
0.04214,-2.74864e-13,5,5.15367,-0.381794,-0.015367,-0.015367
0.04215,-2.14139e-13,5,5.15371,-0.37151,-0.0153707,-0.0153707
0.04216,-5.78324e-13,5,5.15374,-0.361224,-0.0153744,-0.0153744
0.04217,-3.38714e-13,5,5.15378,-0.350937,-0.0153779,-0.0153779
0.04218,-2.85455e-13,5,5.15381,-0.340649,-0.0153813,-0.0153813
0.04219,-2.99108e-13,5,5.15385,-0.33036,-0.0153846,-0.0153846
0.0422,-3.27277e-14,5,5.15388,-0.320069,-0.0153878,-0.0153878
0.04221,-2.76141e-13,5,5.15391,-0.309778,-0.0153909,-0.0153909
0.04222,-4.54829e-13,5,5.15394,-0.299485,-0.0153939,-0.0153939
0.04223,-2.21575e-13,5,5.15397,-0.289192,-0.0153968,-0.0153968
0.04224,-3.65929e-13,5,5.154,-0.278897,-0.0153995,-0.0153995
0.04225,-3.13135e-13,5,5.15402,-0.268602,-0.0154022,-0.0154022
0.04226,-3.97863e-13,5,5.15405,-0.258307,-0.0154048,-0.0154048
0.04227,-2.72571e-13,5,5.15407,-0.24801,-0.0154073,-0.0154073
0.04228,-4.99207e-13,5,5.1541,-0.237713,-0.0154097,-0.0154097
0.04229,-4.80092e-14,5,5.15412,-0.227416,-0.0154119,-0.0154119
0.0423,-1.62942e-13,5,5.15414,-0.217118,-0.0154141,-0.0154141
0.04231,-4.96298e-13,5,5.15416,-0.20682,-0.0154162,-0.0154162
0.04232,-2.45596e-13,5,5.15418,-0.196522,-0.0154181,-0.0154181
0.04233,-4.2734e-13,5,5.1542,-0.186223,-0.01542,-0.01542
0.04234,-2.39012e-13,5,5.15422,-0.175924,-0.0154218,-0.0154218
0.04235,-2.4234e-13,5,5.15423,-0.165626,-0.0154234,-0.0154234
0.04236,-3.16927e-13,5,5.15425,-0.155327,-0.015425,-0.015425
0.04237,-3.42383e-13,5,5.15426,-0.145028,-0.0154264,-0.0154264
0.04238,-4.25699e-13,5,5.15428,-0.134729,-0.0154278,-0.0154278
0.04239,-2.19146e-13,5,5.15429,-0.124431,-0.015429,-0.015429
0.0424,-2.84514e-13,5,5.1543,-0.114133,-0.0154302,-0.0154302
0.04241,-5.01504e-13,5,5.15431,-0.103835,-0.0154312,-0.0154312
0.04242,-2.95115e-13,5,5.15432,-0.0935373,-0.0154321,-0.0154321
0.04243,-2.2726e-13,5,5.15433,-0.0832403,-0.015433,-0.015433
0.04244,-1.77779e-13,5,5.15434,-0.0729439,-0.0154337,-0.0154337
0.04245,-2.53955e-13,5,5.15434,-0.0626481,-0.0154343,-0.0154343
0.04246,-1.08391e-13,5,5.15435,-0.0523529,-0.0154348,-0.0154348
0.04247,-5.30625e-13,5,5.15435,-0.0420586,-0.0154353,-0.0154353
0.04248,-4.91298e-13,5,5.15436,-0.031765,-0.0154356,-0.0154356
0.04249,-5.5275e-13,5,5.15436,-0.0214723,-0.0154358,-0.0154358
0.0425,-3.67921e-13,5,5.15436,-0.0111806,-0.0154359,-0.0154359
0.04251,-4.46035e-14,5,5.15436,-0.00088987,-0.0154359,-0.0154359
0.04252,-1.45444e-13,5,5.15436,0.00939974,-0.0154358,-0.0154358
0.04253,-3.23711e-13,5,5.15436,0.0196882,-0.0154356,-0.0154356
0.04254,-4.60172e-13,5,5.15435,0.0299754,-0.0154353,-0.0154353
0.04255,-2.08348e-13,5,5.15435,0.0402613,-0.0154349,-0.0154349
0.04256,-3.58765e-13,5,5.15434,0.0505459,-0.0154344,-0.0154344
0.04257,-3.37851e-13,5,5.15434,0.060829,-0.0154338,-0.0154338
0.04258,-4.81678e-13,5,5.15433,0.0711107,-0.0154331,-0.0154331
0.04259,-2.16982e-13,5,5.15432,0.0813907,-0.0154323,-0.0154323
0.0426,-3.34903e-13,5,5.15431,0.0916691,-0.0154314,-0.0154314
0.04261,-2.62511e-13,5,5.1543,0.101946,-0.0154304,-0.0154304
0.04262,-5.63922e-13,5,5.15429,0.112221,-0.0154292,-0.0154292
0.04263,-2.11821e-13,5,5.15428,0.122494,-0.015428,-0.015428
0.04264,-2.25444e-13,5,5.15427,0.132765,-0.0154267,-0.0154267
0.04265,-3.26148e-14,5,5.15425,0.143034,-0.0154252,-0.0154252
0.04266,-4.256e-13,5,5.15424,0.153301,-0.0154237,-0.0154237
0.04267,-6.05264e-13,5,5.15422,0.163566,-0.0154221,-0.0154221
0.04268,-4.5481e-13,5,5.1542,0.173829,-0.0154203,-0.0154203
0.04269,-3.12411e-13,5,5.15419,0.18409,-0.0154185,-0.0154185
0.0427,-2.89107e-13,5,5.15417,0.194348,-0.0154166,-0.0154166
0.04271,-2.68794e-13,5,5.15415,0.204604,-0.0154145,-0.0154145
0.04272,-3.62994e-13,5,5.15412,0.214857,-0.0154124,-0.0154124
0.04273,-2.28725e-13,5,5.1541,0.225108,-0.0154101,-0.0154101
0.04274,-4.32774e-13,5,5.15408,0.235357,-0.0154078,-0.0154078
0.04275,-6.32688e-13,5,5.15405,0.245602,-0.0154053,-0.0154053
0.04276,-4.86285e-13,5,5.15403,0.255845,-0.0154027,-0.0154027
0.04277,-3.338e-13,5,5.154,0.266085,-0.0154001,-0.0154001
0.04278,-2.88361e-13,5,5.15397,0.276323,-0.0153973,-0.0153973
0.04279,-2.36025e-13,5,5.15394,0.286557,-0.0153945,-0.0153945
0.0428,-2.90524e-13,5,5.15391,0.296788,-0.0153915,-0.0153915
0.04281,-1.11147e-13,5,5.15388,0.307016,-0.0153884,-0.0153884
0.04282,-4.94372e-13,5,5.15385,0.317242,-0.0153852,-0.0153852
0.04283,-4.17993e-13,5,5.15382,0.327463,-0.015382,-0.015382
0.04284,-4.51762e-13,5,5.15379,0.337682,-0.0153786,-0.0153786
0.04285,-4.83633e-13,5,5.15375,0.347897,-0.0153751,-0.0153751
0.04286,-1.74544e-13,5,5.15372,0.358109,-0.0153715,-0.0153715
0.04287,-3.22624e-13,5,5.15368,0.368318,-0.0153678,-0.0153678
0.04288,-3.62138e-13,5,5.15364,0.378522,-0.0153641,-0.0153641
0.04289,-1.82446e-13,5,5.1536,0.388724,-0.0153602,-0.0153602
0.0429,-3.55388e-13,5,5.15356,0.398921,-0.0153562,-0.0153562
0.04291,-5.43721e-13,5,5.15352,0.409115,-0.0153521,-0.0153521
0.04292,-6.37913e-13,5,5.15348,0.419305,-0.0153479,-0.0153479
0.04293,-5.28852e-13,5,5.15344,0.429491,-0.0153436,-0.0153436
0.04294,-3.35171e-13,5,5.15339,0.439673,-0.0153392,-0.0153392
0.04295,-4.03294e-13,5,5.15335,0.449852,-0.0153347,-0.0153347
0.04296,-3.97934e-13,5,5.1533,0.460026,-0.0153301,-0.0153301
0.04297,-4.38947e-13,5,5.15325,0.470196,-0.0153254,-0.0153254
0.04298,-1.91892e-13,5,5.15321,0.480361,-0.0153206,-0.0153206
0.04299,-2.32225e-13,5,5.15316,0.490523,-0.0153157,-0.0153157
0.043,-4.53739e-13,5,5.15311,0.50068,-0.0153107,-0.0153107
0.04301,-2.95897e-13,5,5.15306,0.510832,-0.0153056,-0.0153056
0.04302,-1.08128e-13,5,5.153,0.520981,-0.0153004,-0.0153004
0.04303,-4.67685e-13,5,5.15295,0.531124,-0.0152951,-0.0152951
0.04304,-5.88023e-13,5,5.1529,0.541263,-0.0152897,-0.0152897
0.04305,-3.6522e-13,5,5.15284,0.551397,-0.0152841,-0.0152841
0.04306,-3.77915e-13,5,5.15279,0.561527,-0.0152785,-0.0152785
0.04307,-6.8382e-14,5,5.15273,0.571652,-0.0152728,-0.0152728
0.04308,-2.43628e-13,5,5.15267,0.581771,-0.015267,-0.015267
0.04309,-3.46911e-13,5,5.15261,0.591886,-0.0152611,-0.0152611
0.0431,-2.76721e-13,5,5.15255,0.601996,-0.0152551,-0.0152551
0.04311,-6.14205e-13,5,5.15249,0.612101,-0.0152489,-0.0152489
0.04312,-3.49393e-13,5,5.15243,0.6222,-0.0152427,-0.0152427
0.04313,-2.91825e-13,5,5.15236,0.632295,-0.0152364,-0.0152364
0.04314,-3.42102e-13,5,5.1523,0.642384,-0.01523,-0.01523
0.04315,-1.73956e-13,5,5.15223,0.652468,-0.0152234,-0.0152234
0.04316,-3.71142e-13,5,5.15217,0.662546,-0.0152168,-0.0152168
0.04317,-1.538e-13,5,5.1521,0.672619,-0.0152101,-0.0152101
0.04318,-1.06779e-13,5,5.15203,0.682686,-0.0152033,-0.0152033
0.04319,-5.88155e-13,5,5.15196,0.692748,-0.0151963,-0.0151963
0.0432,-3.64969e-13,5,5.15189,0.702803,-0.0151893,-0.0151893
0.04321,-2.51169e-13,5,5.15182,0.712854,-0.0151822,-0.0151822
0.04322,-1.51829e-13,5,5.15175,0.722898,-0.0151749,-0.0151749
0.04323,-1.99954e-13,5,5.15168,0.732936,-0.0151676,-0.0151676
0.04324,-7.4413e-14,5,5.1516,0.742969,-0.0151602,-0.0151602
0.04325,-3.64165e-13,5,5.15153,0.752995,-0.0151527,-0.0151527
0.04326,-2.94551e-13,5,5.15145,0.763016,-0.015145,-0.015145
0.04327,-2.28351e-13,5,5.15137,0.77303,-0.0151373,-0.0151373
0.04328,-3.01678e-13,5,5.15129,0.783038,-0.0151295,-0.0151295
0.04329,-1.96426e-13,5,5.15122,0.79304,-0.0151215,-0.0151215
0.0433,-5.04691e-13,5,5.15114,0.803035,-0.0151135,-0.0151135
0.04331,-2.27577e-13,5,5.15105,0.813024,-0.0151054,-0.0151054
0.04332,-4.13161e-13,5,5.15097,0.823006,-0.0150971,-0.0150971
0.04333,-2.91256e-13,5,5.15089,0.832982,-0.0150888,-0.0150888
0.04334,-2.29164e-13,5,5.1508,0.842952,-0.0150804,-0.0150804
0.04335,-5.94841e-13,5,5.15072,0.852914,-0.0150719,-0.0150719
0.04336,-3.92695e-13,5,5.15063,0.86287,-0.0150632,-0.0150632
0.04337,-4.46829e-13,5,5.15054,0.872819,-0.0150545,-0.0150545
0.04338,-4.45119e-13,5,5.15046,0.882761,-0.0150457,-0.0150457
0.04339,-3.03521e-13,5,5.15037,0.892697,-0.0150367,-0.0150367
0.0434,-1.66101e-13,5,5.15028,0.902625,-0.0150277,-0.0150277
0.04341,-4.04949e-13,5,5.15019,0.912546,-0.0150186,-0.0150186
0.04342,-2.56079e-13,5,5.15009,0.92246,-0.0150094,-0.0150094
0.04343,-3.20372e-13,5,5.15,0.932367,-0.015,-0.015
0.04344,-2.90018e-13,5,5.14991,0.942266,-0.0149906,-0.0149906
0.04345,-8.52906e-14,5,5.14981,0.952158,-0.0149811,-0.0149811
0.04346,-3.09289e-13,5,5.14971,0.962043,-0.0149715,-0.0149715
0.04347,-2.01692e-13,5,5.14962,0.971921,-0.0149618,-0.0149618
0.04348,-3.67085e-13,5,5.14952,0.98179,-0.0149519,-0.0149519
0.04349,-2.74031e-13,5,5.14942,0.991653,-0.014942,-0.014942
0.0435,-3.01299e-13,5,5.14932,1.00151,-0.014932,-0.014932
0.04351,-1.46309e-13,5,5.14922,1.01135,-0.0149219,-0.0149219
0.04352,-4.16798e-13,5,5.14912,1.02119,-0.0149117,-0.0149117
0.04353,-1.29608e-13,5,5.14901,1.03102,-0.0149014,-0.0149014
0.04354,-3.48819e-13,5,5.14891,1.04085,-0.014891,-0.014891
0.04355,-3.20228e-13,5,5.1488,1.05066,-0.0148805,-0.0148805
0.04356,-4.2739e-13,5,5.1487,1.06047,-0.0148699,-0.0148699
0.04357,-3.72486e-13,5,5.14859,1.07027,-0.0148592,-0.0148592
0.04358,-8.59213e-14,5,5.14848,1.08006,-0.0148484,-0.0148484
0.04359,-4.08411e-13,5,5.14837,1.08984,-0.0148375,-0.0148375
0.0436,-5.89902e-13,5,5.14826,1.09962,-0.0148265,-0.0148265
0.04361,-1.0852e-13,5,5.14815,1.10938,-0.0148154,-0.0148154
0.04362,-3.48818e-14,5,5.14804,1.11914,-0.0148042,-0.0148042
0.04363,-3.03567e-13,5,5.14793,1.12889,-0.0147929,-0.0147929
0.04364,-3.95283e-13,5,5.14781,1.13863,-0.0147815,-0.0147815
0.04365,-2.46302e-13,5,5.1477,1.14836,-0.01477,-0.01477
0.04366,-4.75963e-13,5,5.14758,1.15808,-0.0147584,-0.0147584
0.04367,-1.12778e-13,5,5.14747,1.1678,-0.0147468,-0.0147468
0.04368,-2.32569e-13,5,5.14735,1.1775,-0.014735,-0.014735
0.04369,-3.20398e-13,5,5.14723,1.1872,-0.0147231,-0.0147231
0.0437,-3.16996e-13,5,5.14711,1.19689,-0.0147111,-0.0147111
0.04371,-1.63949e-13,5,5.14699,1.20657,-0.0146991,-0.0146991
0.04372,-4.85938e-13,5,5.14687,1.21624,-0.0146869,-0.0146869
0.04373,-3.16877e-13,5,5.14675,1.2259,-0.0146747,-0.0146747
0.04374,-5.10663e-13,5,5.14662,1.23555,-0.0146623,-0.0146623
0.04375,-1.03015e-13,5,5.1465,1.24519,-0.0146498,-0.0146498
0.04376,-1.77064e-13,5,5.14637,1.25482,-0.0146373,-0.0146373
0.04377,-2.25217e-13,5,5.14625,1.26445,-0.0146247,-0.0146247
0.04378,-1.95544e-13,5,5.14612,1.27406,-0.0146119,-0.0146119
0.04379,-3.71676e-14,5,5.14599,1.28367,-0.0145991,-0.0145991
0.0438,-3.82139e-13,5,5.14586,1.29326,-0.0145861,-0.0145861
0.04381,-2.72002e-13,5,5.14573,1.30285,-0.0145731,-0.0145731
0.04382,-5.68152e-13,5,5.1456,1.31242,-0.01456,-0.01456
0.04383,-3.14047e-13,5,5.14547,1.32199,-0.0145468,-0.0145468
0.04384,-3.7308e-13,5,5.14533,1.33154,-0.0145335,-0.0145335
0.04385,-4.72775e-13,5,5.1452,1.34109,-0.01452,-0.01452
0.04386,-5.69001e-13,5,5.14507,1.35062,-0.0145065,-0.0145065
0.04387,-6.18709e-13,5,5.14493,1.36015,-0.0144929,-0.0144929
0.04388,-3.52392e-13,5,5.14479,1.36967,-0.0144792,-0.0144792
0.04389,-4.11036e-13,5,5.14465,1.37917,-0.0144654,-0.0144654
0.0439,-2.99928e-13,5,5.14452,1.38867,-0.0144516,-0.0144516
0.04391,-2.07361e-13,5,5.14438,1.39815,-0.0144376,-0.0144376
0.04392,-3.2271e-13,5,5.14424,1.40763,-0.0144235,-0.0144235
0.04393,-3.81633e-13,5,5.14409,1.41709,-0.0144093,-0.0144093
0.04394,-3.48185e-13,5,5.14395,1.42655,-0.0143951,-0.0143951
0.04395,-4.14962e-13,5,5.14381,1.43599,-0.0143807,-0.0143807
0.04396,-5.48075e-13,5,5.14366,1.44542,-0.0143663,-0.0143663
0.04397,-3.26793e-14,5,5.14352,1.45484,-0.0143517,-0.0143517
0.04398,-2.01347e-13,5,5.14337,1.46426,-0.0143371,-0.0143371
0.04399,-1.14026e-13,5,5.14322,1.47366,-0.0143223,-0.0143223
0.044,-1.95874e-13,5,5.14307,1.48305,-0.0143075,-0.0143075
0.04401,-4.18499e-13,5,5.14293,1.49243,-0.0142926,-0.0142926
0.04402,-5.27271e-13,5,5.14278,1.50179,-0.0142776,-0.0142776
0.04403,-2.68447e-13,5,5.14262,1.51115,-0.0142624,-0.0142624
0.04404,-7.17686e-14,5,5.14247,1.5205,-0.0142472,-0.0142472
0.04405,-3.67918e-13,5,5.14232,1.52983,-0.0142319,-0.0142319
0.04406,-2.24502e-13,5,5.14217,1.53916,-0.0142165,-0.0142165
0.04407,-5.29284e-13,5,5.14201,1.54847,-0.0142011,-0.0142011
0.04408,-3.52145e-13,5,5.14185,1.55777,-0.0141855,-0.0141855
0.04409,-5.83069e-13,5,5.1417,1.56706,-0.0141698,-0.0141698
0.0441,-2.94186e-13,5,5.14154,1.57634,-0.014154,-0.014154
0.04411,-3.77811e-13,5,5.14138,1.58561,-0.0141382,-0.0141382
0.04412,-5.90527e-13,5,5.14122,1.59486,-0.0141222,-0.0141222
0.04413,-2.35365e-13,5,5.14106,1.6041,-0.0141062,-0.0141062
0.04414,-2.08023e-13,5,5.1409,1.61334,-0.0140901,-0.0140901
0.04415,-4.95984e-13,5,5.14074,1.62256,-0.0140738,-0.0140738
0.04416,-4.05804e-13,5,5.14058,1.63177,-0.0140575,-0.0140575
0.04417,-1.54669e-13,5,5.14041,1.64096,-0.0140411,-0.0140411
0.04418,-1.88334e-13,5,5.14025,1.65015,-0.0140246,-0.0140246
0.04419,-2.71626e-13,5,5.14008,1.65932,-0.014008,-0.014008
0.0442,-3.97939e-13,5,5.13991,1.66848,-0.0139913,-0.0139913
0.04421,-3.34598e-13,5,5.13975,1.67763,-0.0139746,-0.0139746
0.04422,-3.04786e-13,5,5.13958,1.68677,-0.0139577,-0.0139577
0.04423,-5.32934e-13,5,5.13941,1.69589,-0.0139407,-0.0139407
0.04424,-5.62575e-13,5,5.13924,1.705,-0.0139237,-0.0139237
0.04425,-3.93263e-13,5,5.13907,1.7141,-0.0139065,-0.0139065
0.04426,-4.80524e-13,5,5.13889,1.72319,-0.0138893,-0.0138893
0.04427,-1.44207e-13,5,5.13872,1.73226,-0.013872,-0.013872
0.04428,-6.9709e-14,5,5.13855,1.74133,-0.0138546,-0.0138546
0.04429,-2.61581e-13,5,5.13837,1.75037,-0.0138371,-0.0138371
0.0443,-2.70821e-13,5,5.13819,1.75941,-0.0138195,-0.0138195
0.04431,-3.31881e-13,5,5.13802,1.76844,-0.0138018,-0.0138018
0.04432,-2.25713e-13,5,5.13784,1.77745,-0.013784,-0.013784
0.04433,-4.16669e-13,5,5.13766,1.78645,-0.0137662,-0.0137662
0.04434,-4.60881e-13,5,5.13748,1.79543,-0.0137482,-0.0137482
0.04435,-5.97963e-13,5,5.1373,1.80441,-0.0137302,-0.0137302
0.04436,-1.59229e-13,5,5.13712,1.81337,-0.013712,-0.013712
0.04437,-2.96339e-13,5,5.13694,1.82231,-0.0136938,-0.0136938
0.04438,-3.43326e-13,5,5.13675,1.83125,-0.0136755,-0.0136755
0.04439,-3.17567e-13,5,5.13657,1.84017,-0.0136571,-0.0136571
0.0444,-2.37795e-13,5,5.13639,1.84907,-0.0136386,-0.0136386
0.04441,-3.51479e-13,5,5.1362,1.85797,-0.01362,-0.01362
0.04442,-2.25272e-13,5,5.13601,1.86685,-0.0136013,-0.0136013
0.04443,-3.36625e-13,5,5.13583,1.87572,-0.0135826,-0.0135826
0.04444,-2.75641e-14,5,5.13564,1.88457,-0.0135637,-0.0135637
0.04445,-4.60327e-13,5,5.13545,1.89341,-0.0135448,-0.0135448
0.04446,-2.9751e-13,5,5.13526,1.90224,-0.0135258,-0.0135258
0.04447,-2.19778e-14,5,5.13507,1.91105,-0.0135067,-0.0135067
0.04448,-3.45439e-13,5,5.13487,1.91985,-0.0134875,-0.0134875
0.04449,-3.89207e-13,5,5.13468,1.92864,-0.0134682,-0.0134682
0.0445,-4.12963e-13,5,5.13449,1.93741,-0.0134488,-0.0134488
0.04451,-2.23057e-13,5,5.13429,1.94617,-0.0134294,-0.0134294
0.04452,-3.09208e-13,5,5.1341,1.95491,-0.0134098,-0.0134098
0.04453,-2.53139e-13,5,5.1339,1.96364,-0.0133902,-0.0133902
0.04454,-5.47457e-13,5,5.1337,1.97236,-0.0133704,-0.0133704
0.04455,-9.45393e-14,5,5.13351,1.98106,-0.0133506,-0.0133506
0.04456,-2.9929e-13,5,5.13331,1.98975,-0.0133307,-0.0133307
0.04457,-5.21721e-13,5,5.13311,1.99842,-0.0133108,-0.0133108
0.04458,-3.50549e-13,5,5.13291,2.00708,-0.0132907,-0.0132907
0.04459,-5.81421e-14,5,5.13271,2.01573,-0.0132705,-0.0132705
0.0446,-3.72943e-13,5,5.1325,2.02436,-0.0132503,-0.0132503
0.04461,-4.33337e-13,5,5.1323,2.03298,-0.01323,-0.01323
0.04462,-2.88534e-13,5,5.1321,2.04158,-0.0132095,-0.0132095
0.04463,-4.44046e-13,5,5.13189,2.05017,-0.013189,-0.013189
0.04464,-4.97334e-13,5,5.13168,2.05874,-0.0131684,-0.0131684
0.04465,-4.71921e-14,5,5.13148,2.0673,-0.0131478,-0.0131478
0.04466,-2.85721e-13,5,5.13127,2.07584,-0.013127,-0.013127
0.04467,-1.32536e-13,5,5.13106,2.08437,-0.0131062,-0.0131062
0.04468,-3.27905e-13,5,5.13085,2.09289,-0.0130852,-0.0130852
0.04469,-2.49215e-13,5,5.13064,2.10138,-0.0130642,-0.0130642
0.0447,-1.84903e-13,5,5.13043,2.10987,-0.0130431,-0.0130431
0.04471,-1.9753e-13,5,5.13022,2.11834,-0.0130219,-0.0130219
0.04472,-3.51099e-13,5,5.13001,2.12679,-0.0130007,-0.0130007
0.04473,-4.83796e-13,5,5.12979,2.13523,-0.0129793,-0.0129793
0.04474,-2.07987e-13,5,5.12958,2.14366,-0.0129579,-0.0129579
0.04475,-5.01722e-13,5,5.12936,2.15207,-0.0129364,-0.0129364
0.04476,-2.98215e-13,5,5.12915,2.16046,-0.0129148,-0.0129148
0.04477,-3.51282e-13,5,5.12893,2.16884,-0.0128931,-0.0128931
0.04478,-2.79309e-13,5,5.12871,2.1772,-0.0128713,-0.0128713
0.04479,-3.8439e-13,5,5.12849,2.18555,-0.0128495,-0.0128495
0.0448,-2.8802e-13,5,5.12828,2.19388,-0.0128275,-0.0128275
0.04481,-5.22802e-13,5,5.12805,2.2022,-0.0128055,-0.0128055
0.04482,-2.58622e-13,5,5.12783,2.2105,-0.0127834,-0.0127834
0.04483,-2.58453e-13,5,5.12761,2.21878,-0.0127612,-0.0127612
0.04484,-3.77467e-13,5,5.12739,2.22705,-0.0127389,-0.0127389
0.04485,-4.72389e-13,5,5.12717,2.23531,-0.0127166,-0.0127166
0.04486,-1.74069e-13,5,5.12694,2.24355,-0.0126941,-0.0126941
0.04487,-4.79268e-13,5,5.12672,2.25177,-0.0126716,-0.0126716
0.04488,-3.39932e-13,5,5.12649,2.25998,-0.012649,-0.012649
0.04489,-3.01211e-13,5,5.12626,2.26817,-0.0126263,-0.0126263
0.0449,-3.6599e-16,5,5.12604,2.27634,-0.0126036,-0.0126036
0.04491,-2.13193e-13,5,5.12581,2.2845,-0.0125807,-0.0125807
0.04492,-1.25345e-13,5,5.12558,2.29264,-0.0125578,-0.0125578
0.04493,-5.15864e-13,5,5.12535,2.30077,-0.0125348,-0.0125348
0.04494,-5.73621e-13,5,5.12512,2.30888,-0.0125117,-0.0125117
0.04495,-1.7144e-13,5,5.12489,2.31697,-0.0124885,-0.0124885
0.04496,-3.20485e-13,5,5.12465,2.32505,-0.0124653,-0.0124653
0.04497,-2.14679e-13,5,5.12442,2.33311,-0.012442,-0.012442
0.04498,-1.86255e-13,5,5.12419,2.34116,-0.0124185,-0.0124185
0.04499,-3.41961e-13,5,5.12395,2.34919,-0.0123951,-0.0123951
0.045,-3.35353e-13,5,5.12371,2.3572,-0.0123715,-0.0123715
0.04501,-2.76343e-13,5,5.12348,2.36519,-0.0123478,-0.0123478
0.04502,-2.76563e-13,5,5.12324,2.37317,-0.0123241,-0.0123241
0.04503,-4.49311e-13,5,5.123,2.38113,-0.0123003,-0.0123003
0.04504,5.38431e-17,5,5.12276,2.38908,-0.0122764,-0.0122764
0.04505,-4.09505e-13,5,5.12252,2.39701,-0.0122524,-0.0122524
0.04506,-2.04611e-13,5,5.12228,2.40492,-0.0122284,-0.0122284
0.04507,-4.14663e-13,5,5.12204,2.41281,-0.0122042,-0.0122042
0.04508,-2.46399e-14,5,5.1218,2.42069,-0.01218,-0.01218
0.04509,-5.22129e-13,5,5.12156,2.42855,-0.0121558,-0.0121558
0.0451,-4.40581e-13,5,5.12131,2.4364,-0.0121314,-0.0121314
0.04511,-1.34101e-13,5,5.12107,2.44422,-0.0121069,-0.0121069
0.04512,-1.86113e-13,5,5.12082,2.45203,-0.0120824,-0.0120824
0.04513,-2.72042e-13,5,5.12058,2.45983,-0.0120578,-0.0120578
0.04514,-2.96409e-13,5,5.12033,2.4676,-0.0120332,-0.0120332
0.04515,-3.92941e-13,5,5.12008,2.47536,-0.0120084,-0.0120084
0.04516,-2.42337e-13,5,5.11984,2.4831,-0.0119836,-0.0119836
0.04517,-2.09028e-13,5,5.11959,2.49082,-0.0119587,-0.0119587
0.04518,-4.32015e-13,5,5.11934,2.49853,-0.0119337,-0.0119337
0.04519,-1.42411e-13,5,5.11909,2.50622,-0.0119086,-0.0119086
0.0452,-1.64724e-13,5,5.11883,2.51389,-0.0118835,-0.0118835
0.04521,-1.8837e-13,5,5.11858,2.52154,-0.0118583,-0.0118583
0.04522,-3.59231e-13,5,5.11833,2.52918,-0.011833,-0.011833
0.04523,-3.70276e-13,5,5.11808,2.5368,-0.0118076,-0.0118076
0.04524,-3.70995e-13,5,5.11782,2.5444,-0.0117822,-0.0117822
0.04525,-5.77991e-14,5,5.11757,2.55198,-0.0117566,-0.0117566
0.04526,-3.85347e-14,5,5.11731,2.55954,-0.011731,-0.011731
0.04527,-2.40593e-13,5,5.11705,2.56709,-0.0117054,-0.0117054
0.04528,-3.65824e-13,5,5.1168,2.57462,-0.0116796,-0.0116796
0.04529,-3.45228e-13,5,5.11654,2.58213,-0.0116538,-0.0116538
0.0453,-3.39008e-13,5,5.11628,2.58962,-0.0116279,-0.0116279
0.04531,-5.44004e-14,5,5.11602,2.5971,-0.0116019,-0.0116019
0.04532,-1.10021e-13,5,5.11576,2.60456,-0.0115759,-0.0115759
0.04533,-2.166e-13,5,5.1155,2.61199,-0.0115498,-0.0115498
0.04534,-8.70903e-14,5,5.11524,2.61942,-0.0115236,-0.0115236
0.04535,-1.17897e-13,5,5.11497,2.62682,-0.0114973,-0.0114973
0.04536,-2.52843e-13,5,5.11471,2.6342,-0.011471,-0.011471
0.04537,1.72768e-14,5,5.11445,2.64157,-0.0114445,-0.0114445
0.04538,-1.64465e-13,5,5.11418,2.64891,-0.0114181,-0.0114181
0.04539,-2.92582e-13,5,5.11391,2.65624,-0.0113915,-0.0113915
0.0454,-3.1806e-13,5,5.11365,2.66355,-0.0113649,-0.0113649
0.04541,-4.21364e-13,5,5.11338,2.67084,-0.0113382,-0.0113382
0.04542,-3.29824e-13,5,5.11311,2.67812,-0.0113114,-0.0113114
0.04543,-2.27515e-13,5,5.11285,2.68537,-0.0112845,-0.0112845
0.04544,-7.30257e-14,5,5.11258,2.69261,-0.0112576,-0.0112576
0.04545,-5.40944e-14,5,5.11231,2.69983,-0.0112306,-0.0112306
0.04546,-1.32974e-13,5,5.11204,2.70702,-0.0112035,-0.0112035
0.04547,-4.64299e-14,5,5.11176,2.7142,-0.0111764,-0.0111764
0.04548,-2.15348e-13,5,5.11149,2.72136,-0.0111492,-0.0111492
0.04549,-3.80326e-13,5,5.11122,2.72851,-0.0111219,-0.0111219
0.0455,-2.83679e-13,5,5.11095,2.73563,-0.0110945,-0.0110945
0.04551,-1.24637e-13,5,5.11067,2.74273,-0.0110671,-0.0110671
0.04552,-1.04152e-13,5,5.1104,2.74982,-0.0110396,-0.0110396
0.04553,-1.97852e-13,5,5.11012,2.75688,-0.011012,-0.011012
0.04554,-1.55773e-13,5,5.10984,2.76393,-0.0109844,-0.0109844
0.04555,-1.84692e-13,5,5.10957,2.77096,-0.0109567,-0.0109567
0.04556,-3.85296e-14,5,5.10929,2.77796,-0.0109289,-0.0109289
0.04557,-1.55212e-13,5,5.10901,2.78495,-0.0109011,-0.0109011
0.04558,-2.92545e-13,5,5.10873,2.79192,-0.0108731,-0.0108731
0.04559,-4.37705e-13,5,5.10845,2.79887,-0.0108451,-0.0108451
0.0456,-1.24897e-13,5,5.10817,2.8058,-0.0108171,-0.0108171
0.04561,-2.73068e-14,5,5.10789,2.81272,-0.010789,-0.010789
0.04562,-3.6509e-13,5,5.10761,2.81961,-0.0107608,-0.0107608
0.04563,-2.23757e-13,5,5.10733,2.82648,-0.0107325,-0.0107325
0.04564,-5.48346e-14,5,5.10704,2.83333,-0.0107042,-0.0107042
0.04565,-8.45311e-14,5,5.10676,2.84017,-0.0106758,-0.0106758
0.04566,-3.13568e-13,5,5.10647,2.84698,-0.0106473,-0.0106473
0.04567,-2.9003e-13,5,5.10619,2.85377,-0.0106188,-0.0106188
0.04568,-4.7327e-13,5,5.1059,2.86055,-0.0105902,-0.0105902
0.04569,-4.15315e-13,5,5.10561,2.8673,-0.0105615,-0.0105615
0.0457,-1.24767e-13,5,5.10533,2.87404,-0.0105327,-0.0105327
0.04571,-6.70894e-14,5,5.10504,2.88075,-0.0105039,-0.0105039
0.04572,-4.82255e-13,5,5.10475,2.88744,-0.0104751,-0.0104751
0.04573,-4.75481e-13,5,5.10446,2.89412,-0.0104461,-0.0104461
0.04574,-2.90794e-13,5,5.10417,2.90077,-0.0104171,-0.0104171
0.04575,-1.74163e-13,5,5.10388,2.90741,-0.010388,-0.010388
0.04576,-1.46295e-13,5,5.10359,2.91402,-0.0103589,-0.0103589
0.04577,-2.29837e-13,5,5.1033,2.92062,-0.0103297,-0.0103297
0.04578,5.19898e-15,5,5.103,2.92719,-0.0103004,-0.0103004
0.04579,-1.49953e-13,5,5.10271,2.93375,-0.0102711,-0.0102711
0.0458,-2.693e-13,5,5.10242,2.94028,-0.0102417,-0.0102417
0.04581,-3.83596e-13,5,5.10212,2.94679,-0.0102122,-0.0102122
0.04582,-1.84642e-13,5,5.10183,2.95329,-0.0101827,-0.0101827
0.04583,-1.61992e-13,5,5.10153,2.95976,-0.0101531,-0.0101531
0.04584,-2.38873e-13,5,5.10123,2.96621,-0.0101234,-0.0101234
0.04585,-1.13083e-13,5,5.10094,2.97264,-0.0100937,-0.0100937
0.04586,-2.80503e-13,5,5.10064,2.97905,-0.0100639,-0.0100639
0.04587,-2.15553e-13,5,5.10034,2.98544,-0.010034,-0.010034
0.04588,-1.90793e-13,5,5.10004,2.99182,-0.0100041,-0.0100041
0.04589,-2.53408e-13,5,5.09974,2.99816,-0.00997414,-0.00997414
0.0459,-1.11409e-13,5,5.09944,3.00449,-0.0099441,-0.0099441
0.04591,-2.71001e-13,5,5.09914,3.0108,-0.00991399,-0.00991399
0.04592,-2.17098e-13,5,5.09884,3.01709,-0.00988382,-0.00988382
0.04593,-2.32473e-13,5,5.09854,3.02336,-0.00985359,-0.00985359
0.04594,-2.60949e-13,5,5.09823,3.0296,-0.00982329,-0.00982329
0.04595,-2.48457e-13,5,5.09793,3.03583,-0.00979293,-0.00979293
0.04596,-1.43039e-13,5,5.09763,3.04203,-0.00976251,-0.00976251
0.04597,-2.35852e-13,5,5.09732,3.04821,-0.00973203,-0.00973203
0.04598,-2.51727e-13,5,5.09701,3.05438,-0.00970149,-0.00970149
0.04599,-1.45088e-13,5,5.09671,3.06052,-0.00967088,-0.00967088
0.046,-2.13199e-13,5,5.0964,3.06664,-0.00964021,-0.00964021
0.04601,-3.01016e-13,5,5.09609,3.07274,-0.00960949,-0.00960949
0.04602,-1.41864e-13,5,5.09579,3.07882,-0.0095787,-0.0095787
0.04603,-1.53075e-13,5,5.09548,3.08487,-0.00954785,-0.00954785
0.04604,-1.86047e-13,5,5.09517,3.09091,-0.00951694,-0.00951694
0.04605,-9.39524e-14,5,5.09486,3.09692,-0.00948597,-0.00948597
0.04606,-7.33006e-14,5,5.09455,3.10291,-0.00945494,-0.00945494
0.04607,-2.09079e-13,5,5.09424,3.10889,-0.00942385,-0.00942385
0.04608,-1.33638e-13,5,5.09393,3.11484,-0.00939271,-0.00939271
0.04609,-1.63557e-13,5,5.09361,3.12077,-0.0093615,-0.0093615
0.0461,-2.7652e-13,5,5.0933,3.12667,-0.00933023,-0.00933023
0.04611,-2.24949e-13,5,5.09299,3.13256,-0.00929891,-0.00929891
0.04612,-2.18286e-13,5,5.09268,3.13842,-0.00926752,-0.00926752
0.04613,-2.40544e-13,5,5.09236,3.14427,-0.00923608,-0.00923608
0.04614,-2.78068e-13,5,5.09205,3.15009,-0.00920458,-0.00920458
0.04615,-9.20487e-14,5,5.09173,3.15589,-0.00917302,-0.00917302
0.04616,-1.2763e-13,5,5.09141,3.16167,-0.0091414,-0.0091414
0.04617,-2.64186e-13,5,5.0911,3.16742,-0.00910973,-0.00910973
0.04618,-2.69069e-13,5,5.09078,3.17316,-0.009078,-0.009078
0.04619,-1.39504e-13,5,5.09046,3.17887,-0.00904621,-0.00904621
0.0462,-1.02199e-13,5,5.09014,3.18456,-0.00901436,-0.00901436
0.04621,-1.58653e-13,5,5.08982,3.19023,-0.00898246,-0.00898246
0.04622,-1.98897e-13,5,5.08951,3.19588,-0.0089505,-0.0089505
0.04623,-2.28705e-13,5,5.08918,3.2015,-0.00891849,-0.00891849
0.04624,-2.56292e-13,5,5.08886,3.20711,-0.00888641,-0.00888641
0.04625,-1.78131e-13,5,5.08854,3.21269,-0.00885429,-0.00885429
0.04626,-1.20398e-13,5,5.08822,3.21825,-0.00882211,-0.00882211
0.04627,-3.25288e-13,5,5.0879,3.22379,-0.00878987,-0.00878987
0.04628,-1.27333e-13,5,5.08758,3.2293,-0.00875757,-0.00875757
0.04629,-2.27863e-13,5,5.08725,3.23479,-0.00872523,-0.00872523
0.0463,-7.97574e-14,5,5.08693,3.24027,-0.00869282,-0.00869282
0.04631,-4.76704e-14,5,5.0866,3.24571,-0.00866037,-0.00866037
0.04632,-2.70935e-13,5,5.08628,3.25114,-0.00862786,-0.00862786
0.04633,-2.09149e-13,5,5.08595,3.25655,-0.00859529,-0.00859529
0.04634,-2.33517e-13,5,5.08563,3.26193,-0.00856267,-0.00856267
0.04635,-2.62881e-13,5,5.0853,3.26729,-0.00853,-0.00853
0.04636,-3.3188e-13,5,5.08497,3.27263,-0.00849727,-0.00849727
0.04637,-2.5e-13,5,5.08464,3.27794,-0.00846449,-0.00846449
0.04638,-5.65418e-14,5,5.08432,3.28323,-0.00843166,-0.00843166
0.04639,-2.00695e-14,5,5.08399,3.2885,-0.00839877,-0.00839877
0.0464,-1.84326e-13,5,5.08366,3.29375,-0.00836584,-0.00836584
0.04641,-1.4047e-13,5,5.08333,3.29898,-0.00833285,-0.00833285
0.04642,-1.64061e-13,5,5.083,3.30418,-0.00829981,-0.00829981
0.04643,-7.81284e-14,5,5.08267,3.30936,-0.00826671,-0.00826671
0.04644,-1.62615e-13,5,5.08234,3.31452,-0.00823357,-0.00823357
0.04645,-2.45159e-13,5,5.082,3.31965,-0.00820037,-0.00820037
0.04646,-2.69249e-13,5,5.08167,3.32476,-0.00816712,-0.00816712
0.04647,-1.80763e-13,5,5.08134,3.32985,-0.00813382,-0.00813382
0.04648,-4.1373e-14,5,5.081,3.33492,-0.00810048,-0.00810048
0.04649,-1.42402e-13,5,5.08067,3.33997,-0.00806708,-0.00806708
0.0465,-2.09291e-13,5,5.08034,3.34499,-0.00803363,-0.00803363
0.04651,-8.31132e-14,5,5.08,3.34998,-0.00800013,-0.00800013
0.04652,-1.75815e-13,5,5.07967,3.35496,-0.00796658,-0.00796658
0.04653,-2.19557e-13,5,5.07933,3.35991,-0.00793298,-0.00793298
0.04654,-1.76035e-13,5,5.07899,3.36484,-0.00789933,-0.00789933
0.04655,-2.36763e-13,5,5.07866,3.36975,-0.00786563,-0.00786563
0.04656,-2.54358e-13,5,5.07832,3.37463,-0.00783188,-0.00783188
0.04657,-1.97569e-13,5,5.07798,3.37949,-0.00779809,-0.00779809
0.04658,-1.50938e-13,5,5.07764,3.38433,-0.00776425,-0.00776425
0.04659,-3.15194e-13,5,5.0773,3.38915,-0.00773035,-0.00773035
0.0466,-9.74784e-14,5,5.07696,3.39394,-0.00769642,-0.00769642
0.04661,-1.57818e-13,5,5.07662,3.39871,-0.00766243,-0.00766243
0.04662,-2.49077e-13,5,5.07628,3.40345,-0.00762839,-0.00762839
0.04663,-1.26396e-13,5,5.07594,3.40817,-0.00759431,-0.00759431
0.04664,-1.15681e-13,5,5.0756,3.41287,-0.00756018,-0.00756018
0.04665,-9.0422e-14,5,5.07526,3.41755,-0.00752601,-0.00752601
0.04666,-4.02386e-14,5,5.07492,3.4222,-0.00749179,-0.00749179
0.04667,-7.05464e-14,5,5.07458,3.42683,-0.00745752,-0.00745752
0.04668,-2.89259e-13,5,5.07423,3.43144,-0.0074232,-0.0074232
0.04669,-2.38132e-13,5,5.07389,3.43602,-0.00738884,-0.00738884
0.0467,-1.43373e-13,5,5.07354,3.44058,-0.00735444,-0.00735444
0.04671,-1.19891e-13,5,5.0732,3.44511,-0.00731999,-0.00731999
0.04672,-5.7495e-14,5,5.07285,3.44962,-0.00728549,-0.00728549
0.04673,-7.58679e-14,5,5.07251,3.45411,-0.00725095,-0.00725095
0.04674,-2.96857e-13,5,5.07216,3.45858,-0.00721636,-0.00721636
0.04675,-2.76316e-13,5,5.07182,3.46302,-0.00718173,-0.00718173
0.04676,-2.5461e-13,5,5.07147,3.46744,-0.00714706,-0.00714706
0.04677,-2.47004e-13,5,5.07112,3.47183,-0.00711234,-0.00711234
0.04678,-2.7115e-13,5,5.07078,3.4762,-0.00707758,-0.00707758
0.04679,-6.08309e-15,5,5.07043,3.48055,-0.00704277,-0.00704277
0.0468,-4.25527e-14,5,5.07008,3.48487,-0.00700792,-0.00700792
0.04681,-1.77999e-13,5,5.06973,3.48917,-0.00697303,-0.00697303
0.04682,-9.84501e-14,5,5.06938,3.49345,-0.0069381,-0.0069381
0.04683,-1.74555e-13,5,5.06903,3.4977,-0.00690312,-0.00690312
0.04684,-9.71155e-14,5,5.06868,3.50193,-0.0068681,-0.0068681
0.04685,-1.41251e-14,5,5.06833,3.50613,-0.00683304,-0.00683304
0.04686,-7.58524e-14,5,5.06798,3.51032,-0.00679794,-0.00679794
0.04687,-9.40034e-14,5,5.06763,3.51447,-0.00676279,-0.00676279
0.04688,-2.23676e-13,5,5.06728,3.51861,-0.00672761,-0.00672761
0.04689,-5.39775e-14,5,5.06692,3.52271,-0.00669238,-0.00669238
0.0469,-1.99416e-13,5,5.06657,3.5268,-0.00665711,-0.00665711
0.04691,-1.40351e-13,5,5.06622,3.53086,-0.0066218,-0.0066218
0.04692,-2.68691e-13,5,5.06586,3.5349,-0.00658645,-0.00658645
0.04693,-6.94607e-14,5,5.06551,3.53891,-0.00655106,-0.00655106
0.04694,-1.66882e-13,5,5.06516,3.5429,-0.00651564,-0.00651564
0.04695,-1.64383e-13,5,5.0648,3.54687,-0.00648017,-0.00648017
0.04696,-1.22637e-13,5,5.06445,3.55081,-0.00644466,-0.00644466
0.04697,-2.18282e-13,5,5.06409,3.55473,-0.00640911,-0.00640911
0.04698,-1.75648e-13,5,5.06374,3.55862,-0.00637353,-0.00637353
0.04699,-1.76424e-13,5,5.06338,3.56249,-0.0063379,-0.0063379
0.047,-1.77089e-13,5,5.06302,3.56633,-0.00630224,-0.00630224
0.04701,-2.28782e-14,5,5.06267,3.57015,-0.00626654,-0.00626654
0.04702,-1.63823e-14,5,5.06231,3.57395,-0.0062308,-0.0062308
0.04703,-1.21408e-13,5,5.06195,3.57772,-0.00619502,-0.00619502
0.04704,-1.90463e-13,5,5.06159,3.58147,-0.0061592,-0.0061592
0.04705,-1.92294e-13,5,5.06123,3.58519,-0.00612335,-0.00612335
0.04706,-2.11666e-13,5,5.06087,3.58889,-0.00608746,-0.00608746
0.04707,-1.08526e-13,5,5.06052,3.59257,-0.00605154,-0.00605154
0.04708,-8.60427e-14,5,5.06016,3.59622,-0.00601558,-0.00601558
0.04709,-2.36532e-13,5,5.0598,3.59985,-0.00597958,-0.00597958
0.0471,-8.60407e-14,5,5.05944,3.60345,-0.00594354,-0.00594354
0.04711,-1.86182e-13,5,5.05907,3.60703,-0.00590747,-0.00590747
0.04712,-6.81086e-14,5,5.05871,3.61058,-0.00587137,-0.00587137
0.04713,-6.10022e-14,5,5.05835,3.61411,-0.00583523,-0.00583523
0.04714,-1.55481e-13,5,5.05799,3.61761,-0.00579905,-0.00579905
0.04715,-2.3092e-13,5,5.05763,3.62109,-0.00576284,-0.00576284
0.04716,-5.54482e-14,5,5.05727,3.62455,-0.00572659,-0.00572659
0.04717,-8.19816e-14,5,5.0569,3.62798,-0.00569031,-0.00569031
0.04718,-8.33684e-14,5,5.05654,3.63138,-0.005654,-0.005654
0.04719,-6.26063e-14,5,5.05618,3.63477,-0.00561765,-0.00561765
0.0472,-2.52454e-13,5,5.05581,3.63812,-0.00558127,-0.00558127
0.04721,-2.05879e-13,5,5.05545,3.64145,-0.00554486,-0.00554486
0.04722,-4.68939e-14,5,5.05508,3.64476,-0.00550841,-0.00550841
0.04723,-1.29383e-13,5,5.05472,3.64805,-0.00547193,-0.00547193
0.04724,-2.4107e-13,5,5.05435,3.6513,-0.00543541,-0.00543541
0.04725,-5.8604e-14,5,5.05399,3.65454,-0.00539887,-0.00539887
0.04726,-1.70625e-13,5,5.05362,3.65775,-0.00536229,-0.00536229
0.04727,-3.12353e-14,5,5.05326,3.66093,-0.00532568,-0.00532568
0.04728,-2.34017e-13,5,5.05289,3.66409,-0.00528904,-0.00528904
0.04729,-1.24437e-13,5,5.05252,3.66723,-0.00525237,-0.00525237
0.0473,-1.87275e-13,5,5.05216,3.67034,-0.00521567,-0.00521567
0.04731,-1.13943e-13,5,5.05179,3.67342,-0.00517893,-0.00517893
0.04732,-1.66956e-13,5,5.05142,3.67648,-0.00514217,-0.00514217
0.04733,-1.56297e-13,5,5.05105,3.67952,-0.00510537,-0.00510537
0.04734,-1.22046e-13,5,5.05069,3.68253,-0.00506855,-0.00506855
0.04735,-1.06668e-13,5,5.05032,3.68551,-0.00503169,-0.00503169
0.04736,-1.55018e-13,5,5.04995,3.68848,-0.00499481,-0.00499481
0.04737,-8.72376e-14,5,5.04958,3.69141,-0.00495789,-0.00495789
0.04738,-6.70307e-14,5,5.04921,3.69432,-0.00492095,-0.00492095
0.04739,-1.46688e-13,5,5.04884,3.69721,-0.00488398,-0.00488398
0.0474,-1.53849e-13,5,5.04847,3.70007,-0.00484698,-0.00484698
0.04741,-8.90663e-14,5,5.0481,3.70291,-0.00480995,-0.00480995
0.04742,-6.9137e-14,5,5.04773,3.70572,-0.00477289,-0.00477289
0.04743,-9.96119e-14,5,5.04736,3.7085,-0.00473581,-0.00473581
0.04744,-7.48531e-14,5,5.04699,3.71127,-0.00469869,-0.00469869
0.04745,-1.76105e-13,5,5.04662,3.714,-0.00466155,-0.00466155
0.04746,-7.52402e-14,5,5.04624,3.71671,-0.00462439,-0.00462439
0.04747,-1.28974e-13,5,5.04587,3.7194,-0.00458719,-0.00458719
0.04748,-7.12974e-14,5,5.0455,3.72206,-0.00454997,-0.00454997
0.04749,-9.31126e-14,5,5.04513,3.7247,-0.00451272,-0.00451272
0.0475,-4.72597e-14,5,5.04475,3.72731,-0.00447545,-0.00447545
0.04751,-7.29606e-14,5,5.04438,3.72989,-0.00443815,-0.00443815
0.04752,-8.46728e-14,5,5.04401,3.73245,-0.00440083,-0.00440083
0.04753,-1.13094e-13,5,5.04363,3.73499,-0.00436348,-0.00436348
0.04754,-7.77325e-14,5,5.04326,3.7375,-0.0043261,-0.0043261
0.04755,-1.27914e-13,5,5.04289,3.73998,-0.0042887,-0.0042887
0.04756,-1.31355e-13,5,5.04251,3.74244,-0.00425128,-0.00425128
0.04757,-1.51694e-14,5,5.04214,3.74488,-0.00421383,-0.00421383
0.04758,-4.98632e-14,5,5.04176,3.74729,-0.00417636,-0.00417636
0.04759,-1.10814e-13,5,5.04139,3.74967,-0.00413886,-0.00413886
0.0476,-1.32685e-13,5,5.04101,3.75203,-0.00410134,-0.00410134
0.04761,-5.24703e-14,5,5.04064,3.75437,-0.0040638,-0.0040638
0.04762,-1.51057e-13,5,5.04026,3.75667,-0.00402623,-0.00402623
0.04763,-8.63863e-14,5,5.03989,3.75896,-0.00398864,-0.00398864
0.04764,-3.04859e-14,5,5.03951,3.76122,-0.00395103,-0.00395103
0.04765,-1.01262e-13,5,5.03913,3.76345,-0.00391339,-0.00391339
0.04766,-7.80023e-14,5,5.03876,3.76566,-0.00387574,-0.00387574
0.04767,-2.66539e-14,5,5.03838,3.76784,-0.00383806,-0.00383806
0.04768,-1.29571e-13,5,5.038,3.76999,-0.00380036,-0.00380036
0.04769,-1.16636e-13,5,5.03763,3.77212,-0.00376264,-0.00376264
0.0477,-1.18412e-13,5,5.03725,3.77423,-0.00372489,-0.00372489
0.04771,-1.54216e-13,5,5.03687,3.77631,-0.00368713,-0.00368713
0.04772,-7.53897e-14,5,5.03649,3.77837,-0.00364935,-0.00364935
0.04773,-1.33731e-13,5,5.03612,3.7804,-0.00361154,-0.00361154
0.04774,-7.18914e-14,5,5.03574,3.7824,-0.00357372,-0.00357372
0.04775,-8.99875e-14,5,5.03536,3.78438,-0.00353588,-0.00353588
0.04776,-1.06363e-13,5,5.03498,3.78633,-0.00349801,-0.00349801
0.04777,-4.18583e-14,5,5.0346,3.78826,-0.00346013,-0.00346013
0.04778,-4.72979e-14,5,5.03422,3.79016,-0.00342223,-0.00342223
0.04779,-4.86296e-14,5,5.03384,3.79204,-0.00338431,-0.00338431
0.0478,-8.8153e-14,5,5.03346,3.79389,-0.00334637,-0.00334637
0.04781,-9.69233e-14,5,5.03308,3.79572,-0.00330841,-0.00330841
0.04782,-1.22291e-13,5,5.0327,3.79752,-0.00327044,-0.00327044
0.04783,-1.00308e-13,5,5.03232,3.79929,-0.00323244,-0.00323244
0.04784,-8.35991e-14,5,5.03194,3.80104,-0.00319443,-0.00319443
0.04785,-1.3266e-14,5,5.03156,3.80277,-0.00315641,-0.00315641
0.04786,-6.06166e-14,5,5.03118,3.80446,-0.00311836,-0.00311836
0.04787,-1.15184e-13,5,5.0308,3.80614,-0.0030803,-0.0030803
0.04788,-1.25897e-13,5,5.03042,3.80779,-0.00304222,-0.00304222
0.04789,-1.01138e-13,5,5.03004,3.80941,-0.00300413,-0.00300413
0.0479,-1.08632e-13,5,5.02966,3.811,-0.00296602,-0.00296602
0.04791,-4.81799e-14,5,5.02928,3.81257,-0.00292789,-0.00292789
0.04792,7.38722e-15,5,5.0289,3.81412,-0.00288975,-0.00288975
0.04793,-1.73148e-14,5,5.02852,3.81564,-0.00285159,-0.00285159
0.04794,-8.67034e-14,5,5.02813,3.81713,-0.00281342,-0.00281342
0.04795,-5.38403e-14,5,5.02775,3.8186,-0.00277524,-0.00277524
0.04796,-5.87249e-14,5,5.02737,3.82004,-0.00273704,-0.00273704
0.04797,-1.65361e-14,5,5.02699,3.82146,-0.00269882,-0.00269882
0.04798,-7.22134e-14,5,5.02661,3.82285,-0.00266059,-0.00266059
0.04799,-3.24115e-14,5,5.02622,3.82422,-0.00262235,-0.00262235
0.048,-4.73436e-14,5,5.02584,3.82556,-0.0025841,-0.0025841
0.04801,-4.24028e-14,5,5.02546,3.82687,-0.00254583,-0.00254583
0.04802,-3.07451e-14,5,5.02508,3.82816,-0.00250755,-0.00250755
0.04803,-5.6724e-14,5,5.02469,3.82942,-0.00246925,-0.00246925
0.04804,-8.16481e-14,5,5.02431,3.83066,-0.00243094,-0.00243094
0.04805,-6.97129e-14,5,5.02393,3.83187,-0.00239263,-0.00239263
0.04806,-7.27657e-14,5,5.02354,3.83306,-0.0023543,-0.0023543
0.04807,-6.00533e-14,5,5.02316,3.83422,-0.00231595,-0.00231595
0.04808,-3.18533e-14,5,5.02278,3.83536,-0.0022776,-0.0022776
0.04809,-1.9252e-14,5,5.02239,3.83646,-0.00223923,-0.00223923
0.0481,-5.60001e-14,5,5.02201,3.83755,-0.00220086,-0.00220086
0.04811,-6.47706e-14,5,5.02162,3.83861,-0.00216247,-0.00216247
0.04812,-5.61105e-14,5,5.02124,3.83964,-0.00212408,-0.00212408
0.04813,-4.29541e-14,5,5.02086,3.84064,-0.00208567,-0.00208567
0.04814,-6.93772e-14,5,5.02047,3.84163,-0.00204725,-0.00204725
0.04815,-3.99005e-14,5,5.02009,3.84258,-0.00200883,-0.00200883
0.04816,-3.21287e-14,5,5.0197,3.84351,-0.00197039,-0.00197039
0.04817,-4.09547e-14,5,5.01932,3.84441,-0.00193195,-0.00193195
0.04818,-6.39361e-14,5,5.01893,3.84529,-0.0018935,-0.0018935
0.04819,-1.58077e-14,5,5.01855,3.84614,-0.00185503,-0.00185503
0.0482,-6.97088e-14,5,5.01817,3.84697,-0.00181656,-0.00181656
0.04821,-3.18499e-14,5,5.01778,3.84777,-0.00177809,-0.00177809
0.04822,-2.38561e-14,5,5.0174,3.84854,-0.0017396,-0.0017396
0.04823,-5.59414e-14,5,5.01701,3.84929,-0.00170111,-0.00170111
0.04824,-2.73529e-14,5,5.01663,3.85002,-0.00166261,-0.00166261
0.04825,-1.04774e-14,5,5.01624,3.85071,-0.0016241,-0.0016241
0.04826,-5.17775e-14,5,5.01586,3.85139,-0.00158559,-0.00158559
0.04827,-2.98504e-14,5,5.01547,3.85203,-0.00154707,-0.00154707
0.04828,-5.31094e-14,5,5.01509,3.85265,-0.00150854,-0.00150854
0.04829,-5.31413e-15,5,5.0147,3.85325,-0.00147001,-0.00147001
0.0483,-2.84621e-14,5,5.01431,3.85382,-0.00143147,-0.00143147
0.04831,-3.97863e-14,5,5.01393,3.85436,-0.00139293,-0.00139293
0.04832,-1.60829e-14,5,5.01354,3.85488,-0.00135438,-0.00135438
0.04833,-5.02221e-14,5,5.01316,3.85537,-0.00131582,-0.00131582
0.04834,-1.02539e-14,5,5.01277,3.85584,-0.00127727,-0.00127727
0.04835,-2.29103e-14,5,5.01239,3.85628,-0.0012387,-0.0012387
0.04836,-1.81363e-14,5,5.012,3.85669,-0.00120014,-0.00120014
0.04837,-2.81837e-14,5,5.01162,3.85708,-0.00116157,-0.00116157
0.04838,-1.68038e-14,5,5.01123,3.85744,-0.00112299,-0.00112299
0.04839,-2.11891e-14,5,5.01084,3.85778,-0.00108441,-0.00108441
0.0484,-2.46307e-14,5,5.01046,3.85809,-0.00104583,-0.00104583
0.04841,-1.25847e-14,5,5.01007,3.85838,-0.00100725,-0.00100725
0.04842,-3.02372e-14,5,5.00969,3.85864,-0.000968662,-0.000968662
0.04843,-2.56297e-14,5,5.0093,3.85887,-0.000930073,-0.000930073
0.04844,-2.06337e-14,5,5.00891,3.85908,-0.000891483,-0.000891483
0.04845,-1.12522e-14,5,5.00853,3.85926,-0.00085289,-0.00085289
0.04846,-2.42973e-14,5,5.00814,3.85942,-0.000814296,-0.000814296
0.04847,-3.25684e-14,5,5.00776,3.85955,-0.0007757,-0.0007757
0.04848,-1.11411e-14,5,5.00737,3.85965,-0.000737104,-0.000737104
0.04849,-9.03166e-15,5,5.00699,3.85973,-0.000698507,-0.000698507
0.0485,-6.58916e-15,5,5.0066,3.85979,-0.000659909,-0.000659909
0.04851,-1.51934e-14,5,5.00621,3.85982,-0.000621311,-0.000621311
0.04852,-1.3306e-14,5,5.00583,3.85982,-0.000582712,-0.000582712
0.04853,-1.03084e-14,5,5.00544,3.8598,-0.000544114,-0.000544114
0.04854,-4.09119e-15,5,5.00506,3.85975,-0.000505517,-0.000505517
0.04855,-9.14273e-15,5,5.00467,3.85967,-0.00046692,-0.00046692
0.04856,-1.41388e-14,5,5.00428,3.85957,-0.000428324,-0.000428324
0.04857,-1.04751e-14,5,5.0039,3.85945,-0.00038973,-0.00038973
0.04858,9.04675e-16,5,5.00351,3.85929,-0.000351137,-0.000351137
0.04859,-1.20295e-14,5,5.00313,3.85912,-0.000312546,-0.000312546
0.0486,-5.53473e-15,5,5.00274,3.85891,-0.000273957,-0.000273957
0.04861,-6.08991e-15,5,5.00235,3.85868,-0.00023537,-0.00023537
0.04862,-7.20021e-15,5,5.00197,3.85843,-0.000196786,-0.000196786
0.04863,-1.42713e-15,5,5.00158,3.85815,-0.000158204,-0.000158204
0.04864,-3.3146e-15,5,5.0012,3.85784,-0.000119626,-0.000119626
0.04865,-1.64936e-15,5,5.00081,3.85751,-8.10507e-05,-8.10507e-05
0.04866,-2.06177e-16,5,5.00042,3.85715,-4.24791e-05,-4.24791e-05
0.04867,8.48425e-16,5,5.00004,3.85677,-3.91144e-06,-3.91144e-06
0.04868,1.01484e-15,5,4.99965,3.85636,3.46522e-05,3.46522e-05
0.04869,1.62534e-15,5,4.99927,3.85593,7.32114e-05,7.32114e-05
0.0487,2.45787e-15,5,4.99888,3.85547,0.000111766,0.000111766
0.04871,3.06836e-15,5,4.9985,3.85498,0.000150316,0.000150316
0.04872,4.17843e-15,5,4.99811,3.85447,0.000188861,0.000188861
0.04873,4.62237e-15,5,4.99773,3.85393,0.0002274,0.0002274
0.04874,6.62061e-15,5,4.99734,3.85337,0.000265934,0.000265934
0.04875,4.73306e-15,5,4.99696,3.85278,0.000304461,0.000304461
0.04876,8.61867e-15,5,4.99657,3.85217,0.000342983,0.000342983
0.04877,1.11165e-14,5,4.99619,3.85153,0.000381498,0.000381498
0.04878,9.72852e-15,5,4.9958,3.85086,0.000420007,0.000420007
0.04879,1.35586e-14,5,4.99541,3.85017,0.000458509,0.000458509
0.0488,1.48351e-14,5,4.99503,3.84946,0.000497003,0.000497003
0.04881,1.7555e-14,5,4.99465,3.84871,0.000535491,0.000535491
0.04882,1.61115e-14,5,4.99426,3.84795,0.00057397,0.00057397
0.04883,9.22787e-15,5,4.99388,3.84715,0.000612442,0.000612442
0.04884,1.46677e-14,5,4.99349,3.84634,0.000650905,0.000650905
0.04885,1.89974e-14,5,4.99311,3.84549,0.00068936,0.00068936
0.04886,2.04959e-14,5,4.99272,3.84462,0.000727806,0.000727806
0.04887,2.205e-14,5,4.99234,3.84373,0.000766243,0.000766243
0.04888,3.1098e-14,5,4.99195,3.84281,0.000804671,0.000804671
0.04889,9.78149e-15,5,4.99157,3.84186,0.00084309,0.00084309
0.0489,3.14861e-14,5,4.99119,3.84089,0.000881499,0.000881499
0.04891,2.48245e-14,5,4.9908,3.83989,0.000919898,0.000919898
0.04892,1.39846e-15,5,4.99042,3.83887,0.000958286,0.000958286
0.04893,2.67668e-14,5,4.99003,3.83782,0.000996665,0.000996665
0.04894,3.62034e-14,5,4.98965,3.83675,0.00103503,0.00103503
0.04895,1.93277e-14,5,4.98927,3.83565,0.00107339,0.00107339
0.04896,3.41488e-14,5,4.98888,3.83452,0.00111173,0.00111173
0.04897,2.25467e-14,5,4.9885,3.83337,0.00115007,0.00115007
0.04898,2.3268e-14,5,4.98812,3.8322,0.00118839,0.00118839
0.04899,4.41398e-14,5,4.98773,3.831,0.0012267,0.0012267
0.049,1.9326e-14,5,4.98735,3.82977,0.001265,0.001265
0.04901,3.68672e-14,5,4.98697,3.82852,0.00130328,0.00130328
0.04902,4.0142e-14,5,4.98658,3.82724,0.00134155,0.00134155
0.04903,5.50741e-14,5,4.9862,3.82594,0.00137981,0.00137981
0.04904,3.42571e-14,5,4.98582,3.82461,0.00141806,0.00141806
0.04905,4.13621e-14,5,4.98544,3.82326,0.00145629,0.00145629
0.04906,5.21864e-14,5,4.98505,3.82188,0.00149451,0.00149451
0.04907,1.14963e-14,5,4.98467,3.82048,0.00153272,0.00153272
0.04908,3.23681e-14,5,4.98429,3.81905,0.00157091,0.00157091
0.04909,5.44056e-14,5,4.98391,3.81759,0.00160908,0.00160908
0.0491,4.34695e-14,5,4.98353,3.81611,0.00164724,0.00164724
0.04911,1.95438e-14,5,4.98315,3.81461,0.00168539,0.00168539
0.04912,5.69579e-14,5,4.98276,3.81308,0.00172352,0.00172352
0.04913,5.69574e-14,5,4.98238,3.81152,0.00176164,0.00176164
0.04914,3.6663e-15,5,4.982,3.80994,0.00179974,0.00179974
0.04915,4.90185e-14,5,4.98162,3.80833,0.00183782,0.00183782
0.04916,2.99777e-14,5,4.98124,3.8067,0.00187589,0.00187589
0.04917,8.16133e-15,5,4.98086,3.80505,0.00191394,0.00191394
0.04918,7.1277e-14,5,4.98048,3.80336,0.00195197,0.00195197
0.04919,7.70497e-14,5,4.9801,3.80166,0.00198999,0.00198999
0.0492,5.12365e-14,5,4.97972,3.79993,0.00202799,0.00202799
0.04921,4.54629e-14,5,4.97934,3.79817,0.00206597,0.00206597
0.04922,5.20682e-14,5,4.97896,3.79639,0.00210393,0.00210393
0.04923,3.24168e-14,5,4.97858,3.79458,0.00214188,0.00214188
0.04924,5.90061e-14,5,4.9782,3.79275,0.0021798,0.0021798
0.04925,5.98382e-14,5,4.97782,3.79089,0.00221771,0.00221771
0.04926,7.39931e-14,5,4.97744,3.78901,0.0022556,0.0022556
0.04927,5.27873e-14,5,4.97707,3.7871,0.00229347,0.00229347
0.04928,5.87264e-14,5,4.97669,3.78517,0.00233133,0.00233133
0.04929,6.67195e-14,5,4.97631,3.78321,0.00236916,0.00236916
0.0493,4.87333e-14,5,4.97593,3.78123,0.00240697,0.00240697
0.04931,3.16353e-14,5,4.97555,3.77922,0.00244476,0.00244476
0.04932,6.77725e-14,5,4.97517,3.77718,0.00248253,0.00248253
0.04933,6.51629e-14,5,4.9748,3.77513,0.00252029,0.00252029
0.04934,7.12686e-14,5,4.97442,3.77304,0.00255802,0.00255802
0.04935,4.58994e-14,5,4.97404,3.77094,0.00259573,0.00259573
0.04936,3.15769e-14,5,4.97367,3.7688,0.00263341,0.00263341
0.04937,3.99585e-14,5,4.97329,3.76665,0.00267108,0.00267108
0.04938,8.01479e-14,5,4.97291,3.76446,0.00270872,0.00270872
0.04939,1.01963e-13,5,4.97254,3.76226,0.00274635,0.00274635
0.0494,5.28352e-14,5,4.97216,3.76003,0.00278395,0.00278395
0.04941,4.80606e-14,5,4.97178,3.75777,0.00282153,0.00282153
0.04942,8.68068e-14,5,4.97141,3.75549,0.00285908,0.00285908
0.04943,5.22227e-14,5,4.97103,3.75318,0.00289661,0.00289661
0.04944,5.21665e-14,5,4.97066,3.75085,0.00293412,0.00293412
0.04945,1.35322e-13,5,4.97028,3.74849,0.00297161,0.00297161
0.04946,6.75707e-15,5,4.96991,3.74611,0.00300907,0.00300907
0.04947,5.11653e-14,5,4.96953,3.74371,0.0030465,0.0030465
0.04948,2.5574e-14,5,4.96916,3.74128,0.00308392,0.00308392
0.04949,2.56288e-14,5,4.96879,3.73882,0.0031213,0.0031213
0.0495,8.75231e-14,5,4.96841,3.73634,0.00315867,0.00315867
0.04951,1.76893e-14,5,4.96804,3.73384,0.00319601,0.00319601
0.04952,7.48651e-14,5,4.96767,3.73131,0.00323332,0.00323332
0.04953,6.06536e-14,5,4.96729,3.72876,0.00327061,0.00327061
0.04954,5.81548e-14,5,4.96692,3.72618,0.00330787,0.00330787
0.04955,3.46174e-14,5,4.96655,3.72358,0.0033451,0.0033451
0.04956,6.83674e-14,5,4.96618,3.72095,0.00338231,0.00338231
0.04957,6.47585e-14,5,4.96581,3.7183,0.0034195,0.0034195
0.04958,1.54242e-13,5,4.96543,3.71562,0.00345665,0.00345665
0.04959,6.65333e-14,5,4.96506,3.71292,0.00349378,0.00349378
0.0496,4.09419e-14,5,4.96469,3.7102,0.00353088,0.00353088
0.04961,8.65713e-14,5,4.96432,3.70745,0.00356796,0.00356796
0.04962,9.66181e-14,5,4.96395,3.70467,0.00360501,0.00360501
0.04963,7.55785e-14,5,4.96358,3.70188,0.00364202,0.00364202
0.04964,8.21281e-14,5,4.96321,3.69905,0.00367901,0.00367901
0.04965,5.90346e-14,5,4.96284,3.69621,0.00371598,0.00371598
0.04966,1.17043e-13,5,4.96247,3.69334,0.00375291,0.00375291
0.04967,8.02383e-14,5,4.9621,3.69044,0.00378981,0.00378981
0.04968,5.45358e-14,5,4.96173,3.68752,0.00382669,0.00382669
0.04969,1.43464e-13,5,4.96136,3.68458,0.00386354,0.00386354
0.0497,1.63891e-13,5,4.961,3.68161,0.00390035,0.00390035
0.04971,4.38752e-14,5,4.96063,3.67861,0.00393714,0.00393714
0.04972,5.01471e-14,5,4.96026,3.6756,0.00397389,0.00397389
0.04973,4.92026e-14,5,4.95989,3.67256,0.00401062,0.00401062
0.04974,7.55695e-14,5,4.95953,3.66949,0.00404731,0.00404731
0.04975,4.76465e-14,5,4.95916,3.6664,0.00408398,0.00408398
0.04976,5.20311e-14,5,4.95879,3.66329,0.00412061,0.00412061
0.04977,1.15979e-13,5,4.95843,3.66015,0.00415721,0.00415721
0.04978,3.70968e-14,5,4.95806,3.65699,0.00419378,0.00419378
0.04979,1.22083e-13,5,4.9577,3.6538,0.00423032,0.00423032
0.0498,1.06762e-13,5,4.95733,3.65059,0.00426683,0.00426683
0.04981,1.22581e-13,5,4.95697,3.64736,0.0043033,0.0043033
0.04982,1.27965e-13,5,4.9566,3.6441,0.00433974,0.00433974
0.04983,7.89477e-14,5,4.95624,3.64082,0.00437615,0.00437615
0.04984,1.56662e-13,5,4.95587,3.63752,0.00441252,0.00441252
0.04985,8.49411e-14,5,4.95551,3.63419,0.00444887,0.00444887
0.04986,4.00316e-14,5,4.95515,3.63083,0.00448517,0.00448517
0.04987,1.39118e-13,5,4.95479,3.62746,0.00452145,0.00452145
0.04988,9.87605e-14,5,4.95442,3.62406,0.00455769,0.00455769
0.04989,8.82124e-14,5,4.95406,3.62063,0.0045939,0.0045939
0.0499,4.68557e-14,5,4.9537,3.61718,0.00463007,0.00463007
0.04991,1.38948e-13,5,4.95334,3.61371,0.00466621,0.00466621
0.04992,7.18337e-14,5,4.95298,3.61021,0.00470231,0.00470231
0.04993,1.75639e-13,5,4.95262,3.6067,0.00473837,0.00473837
0.04994,9.60346e-14,5,4.95226,3.60315,0.00477441,0.00477441
0.04995,1.58484e-13,5,4.9519,3.59959,0.0048104,0.0048104
0.04996,1.17571e-13,5,4.95154,3.59599,0.00484636,0.00484636
0.04997,6.66662e-14,5,4.95118,3.59238,0.00488229,0.00488229
0.04998,1.5354e-13,5,4.95082,3.58874,0.00491817,0.00491817
0.04999,1.25895e-13,5,4.95046,3.58508,0.00495402,0.00495402
0.05,6.98273e-14,5,4.9501,3.5814,0.00498984,0.00498984
0.05001,6.93822e-14,5,4.94974,3.57769,0.00502561,0.00502561
0.05002,9.23628e-14,5,4.94939,3.57396,0.00506135,0.00506135
0.05003,1.61251e-13,5,4.94903,3.5702,0.00509706,0.00509706
0.05004,6.87129e-14,5,4.94867,3.56642,0.00513272,0.00513272
0.05005,1.16618e-13,5,4.94832,3.56262,0.00516835,0.00516835
0.05006,3.62368e-14,5,4.94796,3.5588,0.00520393,0.00520393
0.05007,6.79326e-14,5,4.94761,3.55495,0.00523948,0.00523948
0.05008,1.65576e-13,5,4.94725,3.55108,0.00527499,0.00527499
0.05009,1.67129e-13,5,4.9469,3.54718,0.00531047,0.00531047
0.0501,1.35375e-13,5,4.94654,3.54326,0.0053459,0.0053459
0.05011,1.7302e-14,5,4.94619,3.53932,0.00538129,0.00538129
0.05012,2.12201e-13,5,4.94583,3.53536,0.00541665,0.00541665
0.05013,9.40162e-14,5,4.94548,3.53137,0.00545196,0.00545196
0.05014,1.70954e-13,5,4.94513,3.52736,0.00548723,0.00548723
0.05015,3.98906e-14,5,4.94478,3.52332,0.00552247,0.00552247
0.05016,9.07377e-14,5,4.94442,3.51927,0.00555766,0.00555766
0.05017,1.42917e-13,5,4.94407,3.51519,0.00559281,0.00559281
0.05018,1.27151e-13,5,4.94372,3.51108,0.00562792,0.00562792
0.05019,8.56273e-14,5,4.94337,3.50696,0.00566299,0.00566299
0.0502,1.71779e-13,5,4.94302,3.50281,0.00569802,0.00569802
0.05021,8.22388e-14,5,4.94267,3.49864,0.00573301,0.00573301
0.05022,7.95731e-14,5,4.94232,3.49444,0.00576795,0.00576795
0.05023,8.31246e-14,5,4.94197,3.49022,0.00580285,0.00580285
0.05024,9.84869e-15,5,4.94162,3.48598,0.00583771,0.00583771
0.05025,1.15541e-13,5,4.94127,3.48172,0.00587253,0.00587253
0.05026,8.5397e-14,5,4.94093,3.47744,0.0059073,0.0059073
0.05027,1.70605e-13,5,4.94058,3.47313,0.00594204,0.00594204
0.05028,1.65331e-13,5,4.94023,3.4688,0.00597672,0.00597672
0.05029,-2.46297e-14,5,4.93989,3.46444,0.00601137,0.00601137
0.0503,1.86145e-13,5,4.93954,3.46006,0.00604597,0.00604597
0.05031,1.30299e-13,5,4.93919,3.45567,0.00608053,0.00608053
0.05032,4.78642e-14,5,4.93885,3.45124,0.00611504,0.00611504
0.05033,6.27954e-14,5,4.9385,3.4468,0.00614951,0.00614951
0.05034,6.9511e-14,5,4.93816,3.44233,0.00618393,0.00618393
0.05035,1.87471e-13,5,4.93782,3.43784,0.00621831,0.00621831
0.05036,1.92854e-13,5,4.93747,3.43333,0.00625264,0.00625264
0.05037,2.0068e-13,5,4.93713,3.4288,0.00628693,0.00628693
0.05038,2.1006e-13,5,4.93679,3.42424,0.00632117,0.00632117
0.05039,2.17886e-13,5,4.93645,3.41966,0.00635537,0.00635537
0.0504,2.18717e-13,5,4.9361,3.41506,0.00638952,0.00638952
0.05041,2.05005e-13,5,4.93576,3.41044,0.00642362,0.00642362
0.05042,1.66812e-13,5,4.93542,3.40579,0.00645768,0.00645768
0.05043,2.05946e-13,5,4.93508,3.40112,0.00649169,0.00649169
0.05044,1.94343e-13,5,4.93474,3.39643,0.00652566,0.00652566
0.05045,1.15571e-13,5,4.9344,3.39172,0.00655957,0.00655957
0.05046,2.91984e-13,5,4.93407,3.38699,0.00659344,0.00659344
0.05047,1.3422e-13,5,4.93373,3.38223,0.00662727,0.00662727
0.05048,7.39894e-14,5,4.93339,3.37745,0.00666104,0.00666104
0.05049,1.99554e-13,5,4.93305,3.37265,0.00669477,0.00669477
0.0505,2.5623e-13,5,4.93272,3.36783,0.00672844,0.00672844
0.05051,2.14207e-13,5,4.93238,3.36298,0.00676207,0.00676207
0.05052,4.16765e-14,5,4.93204,3.35812,0.00679566,0.00679566
0.05053,2.72879e-13,5,4.93171,3.35323,0.00682919,0.00682919
0.05054,1.89555e-13,5,4.93137,3.34832,0.00686267,0.00686267
0.05055,9.43525e-14,5,4.93104,3.34339,0.00689611,0.00689611
0.05056,1.73954e-13,5,4.93071,3.33844,0.00692949,0.00692949
0.05057,4.45562e-14,5,4.93037,3.33346,0.00696282,0.00696282
0.05058,2.19981e-15,5,4.93004,3.32846,0.00699611,0.00699611
0.05059,2.27241e-13,5,4.92971,3.32344,0.00702934,0.00702934
0.0506,2.15693e-13,5,4.92937,3.3184,0.00706253,0.00706253
0.05061,2.97291e-14,5,4.92904,3.31334,0.00709566,0.00709566
0.05062,7.05284e-14,5,4.92871,3.30826,0.00712874,0.00712874
0.05063,5.49284e-14,5,4.92838,3.30315,0.00716177,0.00716177
0.05064,3.88287e-14,5,4.92805,3.29803,0.00719476,0.00719476
0.05065,1.89485e-13,5,4.92772,3.29288,0.00722768,0.00722768
0.05066,2.1735e-13,5,4.92739,3.28771,0.00726056,0.00726056
0.05067,1.7194e-13,5,4.92707,3.28252,0.00729339,0.00729339
0.05068,1.00385e-13,5,4.92674,3.27731,0.00732616,0.00732616
0.05069,1.61446e-13,5,4.92641,3.27208,0.00735888,0.00735888
0.0507,1.7077e-13,5,4.92608,3.26682,0.00739155,0.00739155
0.05071,1.69325e-13,5,4.92576,3.26155,0.00742416,0.00742416
0.05072,3.09489e-13,5,4.92543,3.25625,0.00745673,0.00745673
0.05073,5.94657e-14,5,4.92511,3.25093,0.00748924,0.00748924
0.05074,2.4959e-13,5,4.92478,3.24559,0.00752169,0.00752169
0.05075,1.16417e-13,5,4.92446,3.24023,0.00755409,0.00755409
0.05076,1.45115e-13,5,4.92414,3.23485,0.00758644,0.00758644
0.05077,2.28224e-14,5,4.92381,3.22945,0.00761874,0.00761874
0.05078,1.1669e-13,5,4.92349,3.22403,0.00765098,0.00765098
0.05079,1.09639e-13,5,4.92317,3.21858,0.00768316,0.00768316
0.0508,2.51135e-13,5,4.92285,3.21312,0.00771529,0.00771529
0.05081,3.33568e-13,5,4.92253,3.20763,0.00774737,0.00774737
0.05082,2.61013e-13,5,4.92221,3.20212,0.00777939,0.00777939
0.05083,4.92366e-14,5,4.92189,3.1966,0.00781136,0.00781136
0.05084,2.80272e-13,5,4.92157,3.19105,0.00784327,0.00784327
0.05085,1.69915e-13,5,4.92125,3.18548,0.00787512,0.00787512
0.05086,1.82348e-13,5,4.92093,3.17989,0.00790692,0.00790692
0.05087,2.11434e-13,5,4.92061,3.17428,0.00793866,0.00793866
0.05088,2.62447e-13,5,4.9203,3.16865,0.00797035,0.00797035
0.05089,2.25198e-13,5,4.91998,3.163,0.00800198,0.00800198
0.0509,2.14427e-13,5,4.91966,3.15733,0.00803355,0.00803355
0.05091,1.15837e-13,5,4.91935,3.15164,0.00806507,0.00806507
0.05092,1.54028e-13,5,4.91903,3.14592,0.00809653,0.00809653
0.05093,2.1037e-13,5,4.91872,3.14019,0.00812793,0.00812793
0.05094,2.78147e-13,5,4.91841,3.13444,0.00815928,0.00815928
0.05095,1.20938e-13,5,4.91809,3.12867,0.00819056,0.00819056
0.05096,1.82665e-13,5,4.91778,3.12287,0.00822179,0.00822179
0.05097,2.22964e-13,5,4.91747,3.11706,0.00825296,0.00825296
0.05098,2.26904e-13,5,4.91716,3.11123,0.00828407,0.00828407
0.05099,6.38106e-14,5,4.91685,3.10537,0.00831513,0.00831513
0.051,2.83245e-13,5,4.91654,3.0995,0.00834612,0.00834612
0.05101,6.83038e-14,5,4.91623,3.0936,0.00837706,0.00837706
0.05102,1.9187e-13,5,4.91592,3.08769,0.00840794,0.00840794
0.05103,1.7416e-13,5,4.91561,3.08175,0.00843875,0.00843875
0.05104,1.01994e-13,5,4.9153,3.0758,0.00846951,0.00846951
0.05105,2.87455e-13,5,4.915,3.06983,0.00850021,0.00850021
0.05106,2.44876e-13,5,4.91469,3.06383,0.00853085,0.00853085
0.05107,1.68658e-13,5,4.91439,3.05782,0.00856143,0.00856143
0.05108,1.37626e-13,5,4.91408,3.05179,0.00859194,0.00859194
0.05109,1.14975e-13,5,4.91378,3.04573,0.0086224,0.0086224
0.0511,2.89223e-13,5,4.91347,3.03966,0.0086528,0.0086528
0.05111,2.78563e-13,5,4.91317,3.03357,0.00868313,0.00868313
0.05112,2.6757e-13,5,4.91287,3.02746,0.00871341,0.00871341
0.05113,2.11613e-13,5,4.91256,3.02133,0.00874362,0.00874362
0.05114,1.77639e-13,5,4.91226,3.01518,0.00877377,0.00877377
0.05115,1.17186e-13,5,4.91196,3.00901,0.00880386,0.00880386
0.05116,2.07001e-13,5,4.91166,3.00282,0.00883389,0.00883389
0.05117,1.67364e-13,5,4.91136,2.99661,0.00886386,0.00886386
0.05118,1.71137e-13,5,4.91106,2.99038,0.00889376,0.00889376
0.05119,1.62087e-13,5,4.91076,2.98413,0.0089236,0.0089236
0.0512,3.09301e-13,5,4.91047,2.97786,0.00895338,0.00895338
0.05121,2.116e-13,5,4.91017,2.97158,0.0089831,0.0089831
0.05122,1.47927e-13,5,4.90987,2.96527,0.00901275,0.00901275
0.05123,1.6802e-13,5,4.90958,2.95895,0.00904234,0.00904234
0.05124,3.19675e-13,5,4.90928,2.95261,0.00907187,0.00907187
0.05125,1.93996e-13,5,4.90899,2.94624,0.00910133,0.00910133
0.05126,1.76064e-13,5,4.90869,2.93986,0.00913073,0.00913073
0.05127,1.94381e-13,5,4.9084,2.93346,0.00916006,0.00916006
0.05128,1.75394e-13,5,4.90811,2.92704,0.00918933,0.00918933
0.05129,2.71149e-13,5,4.90781,2.92061,0.00921854,0.00921854
0.0513,1.77167e-13,5,4.90752,2.91415,0.00924768,0.00924768
0.05131,2.68869e-13,5,4.90723,2.90767,0.00927676,0.00927676
0.05132,2.38114e-13,5,4.90694,2.90118,0.00930577,0.00930577
0.05133,2.29342e-13,5,4.90665,2.89467,0.00933471,0.00933471
0.05134,2.71528e-13,5,4.90636,2.88814,0.0093636,0.0093636
0.05135,2.78243e-13,5,4.90608,2.88159,0.00939241,0.00939241
0.05136,1.60947e-13,5,4.90579,2.87502,0.00942116,0.00942116
0.05137,2.84291e-13,5,4.9055,2.86843,0.00944985,0.00944985
0.05138,1.01324e-13,5,4.90522,2.86183,0.00947846,0.00947846
0.05139,3.13985e-13,5,4.90493,2.8552,0.00950702,0.00950702
0.0514,2.58084e-13,5,4.90464,2.84856,0.0095355,0.0095355
0.05141,1.77036e-13,5,4.90436,2.8419,0.00956392,0.00956392
0.05142,1.9885e-13,5,4.90408,2.83522,0.00959227,0.00959227
0.05143,1.08698e-13,5,4.90379,2.82853,0.00962056,0.00962056
0.05144,1.44445e-13,5,4.90351,2.82181,0.00964878,0.00964878
0.05145,2.01342e-13,5,4.90323,2.81508,0.00967693,0.00967693
0.05146,1.72696e-13,5,4.90295,2.80833,0.00970501,0.00970501
0.05147,1.77469e-13,5,4.90267,2.80156,0.00973303,0.00973303
0.05148,2.19044e-13,5,4.90239,2.79477,0.00976097,0.00976097
0.05149,2.9909e-13,5,4.90211,2.78797,0.00978885,0.00978885
0.0515,3.03806e-13,5,4.90183,2.78115,0.00981667,0.00981667
0.05151,1.17509e-13,5,4.90156,2.77431,0.00984441,0.00984441
0.05152,1.91281e-13,5,4.90128,2.76745,0.00987208,0.00987208
0.05153,1.78678e-13,5,4.901,2.76057,0.00989969,0.00989969
0.05154,1.86059e-13,5,4.90073,2.75368,0.00992723,0.00992723
0.05155,2.04432e-13,5,4.90045,2.74677,0.00995469,0.00995469
0.05156,2.23137e-13,5,4.90018,2.73984,0.00998209,0.00998209
0.05157,2.29519e-13,5,4.89991,2.73289,0.0100094,0.0100094
0.05158,2.09422e-13,5,4.89963,2.72593,0.0100367,0.0100367
0.05159,1.46803e-13,5,4.89936,2.71895,0.0100639,0.0100639
0.0516,1.37698e-13,5,4.89909,2.71195,0.010091,0.010091
0.05161,2.76196e-13,5,4.89882,2.70493,0.010118,0.010118
0.05162,2.00088e-13,5,4.89855,2.6979,0.010145,0.010145
0.05163,1.13822e-13,5,4.89828,2.69085,0.0101719,0.0101719
0.05164,2.20235e-13,5,4.89801,2.68378,0.0101988,0.0101988
0.05165,2.65474e-13,5,4.89774,2.6767,0.0102255,0.0102255
0.05166,1.07821e-13,5,4.89748,2.66959,0.0102522,0.0102522
0.05167,2.8601e-13,5,4.89721,2.66248,0.0102789,0.0102789
0.05168,2.00021e-13,5,4.89695,2.65534,0.0103054,0.0103054
0.05169,4.41436e-14,5,4.89668,2.64819,0.0103319,0.0103319
0.0517,2.3832e-13,5,4.89642,2.64102,0.0103583,0.0103583
0.05171,6.38461e-14,5,4.89615,2.63383,0.0103846,0.0103846
0.05172,1.64597e-13,5,4.89589,2.62663,0.0104109,0.0104109
0.05173,4.59675e-14,5,4.89563,2.61941,0.0104371,0.0104371
0.05174,1.21239e-13,5,4.89537,2.61217,0.0104632,0.0104632
0.05175,3.47111e-13,5,4.89511,2.60492,0.0104893,0.0104893
0.05176,2.23875e-13,5,4.89485,2.59765,0.0105152,0.0105152
0.05177,3.87297e-13,5,4.89459,2.59036,0.0105411,0.0105411
0.05178,1.06964e-13,5,4.89433,2.58306,0.010567,0.010567
0.05179,1.52021e-14,5,4.89407,2.57574,0.0105927,0.0105927
0.0518,2.87926e-13,5,4.89382,2.5684,0.0106184,0.0106184
0.05181,1.89947e-13,5,4.89356,2.56105,0.010644,0.010644
0.05182,3.48596e-13,5,4.8933,2.55368,0.0106696,0.0106696
0.05183,2.54635e-14,5,4.89305,2.5463,0.010695,0.010695
0.05184,7.20353e-14,5,4.8928,2.5389,0.0107204,0.0107204
0.05185,2.01319e-13,5,4.89254,2.53148,0.0107457,0.0107457
0.05186,1.24822e-13,5,4.89229,2.52405,0.010771,0.010771
0.05187,7.1921e-15,5,4.89204,2.5166,0.0107961,0.0107961
0.05188,2.38616e-13,5,4.89179,2.50913,0.0108212,0.0108212
0.05189,7.10813e-14,5,4.89154,2.50165,0.0108462,0.0108462
0.0519,1.19207e-13,5,4.89129,2.49416,0.0108712,0.0108712
0.05191,5.41035e-13,5,4.89104,2.48664,0.0108961,0.0108961
0.05192,3.56458e-13,5,4.89079,2.47911,0.0109208,0.0109208
0.05193,4.02697e-13,5,4.89054,2.47157,0.0109456,0.0109456
0.05194,1.51062e-13,5,4.8903,2.46401,0.0109702,0.0109702
0.05195,2.08292e-13,5,4.89005,2.45643,0.0109948,0.0109948
0.05196,2.69963e-13,5,4.88981,2.44884,0.0110193,0.0110193
0.05197,4.849e-13,5,4.88956,2.44124,0.0110437,0.0110437
0.05198,3.18365e-13,5,4.88932,2.43362,0.011068,0.011068
0.05199,3.70765e-13,5,4.88908,2.42598,0.0110923,0.0110923
0.052,1.04254e-13,5,4.88884,2.41832,0.0111164,0.0111164
0.05201,1.16187e-13,5,4.88859,2.41066,0.0111406,0.0111406
0.05202,9.29808e-14,5,4.88835,2.40297,0.0111646,0.0111646
0.05203,4.01787e-13,5,4.88811,2.39527,0.0111885,0.0111885
0.05204,2.71001e-13,5,4.88788,2.38756,0.0112124,0.0112124
0.05205,2.92093e-13,5,4.88764,2.37983,0.0112362,0.0112362
0.05206,3.72804e-13,5,4.8874,2.37209,0.0112599,0.0112599
0.05207,1.92002e-13,5,4.88716,2.36433,0.0112836,0.0112836
0.05208,1.09233e-13,5,4.88693,2.35656,0.0113071,0.0113071
0.05209,2.54947e-13,5,4.88669,2.34877,0.0113306,0.0113306
0.0521,7.63102e-14,5,4.88646,2.34096,0.011354,0.011354
0.05211,3.83063e-13,5,4.88623,2.33315,0.0113774,0.0113774
0.05212,3.91942e-13,5,4.88599,2.32531,0.0114006,0.0114006
0.05213,2.27572e-13,5,4.88576,2.31747,0.0114238,0.0114238
0.05214,4.68099e-13,5,4.88553,2.3096,0.0114469,0.0114469
0.05215,3.25766e-13,5,4.8853,2.30173,0.0114699,0.0114699
0.05216,3.75724e-13,5,4.88507,2.29383,0.0114928,0.0114928
0.05217,2.82075e-13,5,4.88484,2.28593,0.0115157,0.0115157
0.05218,-6.50387e-14,5,4.88462,2.27801,0.0115385,0.0115385
0.05219,3.59952e-13,5,4.88439,2.27007,0.0115612,0.0115612
0.0522,8.00075e-14,5,4.88416,2.26213,0.0115838,0.0115838
0.05221,3.45238e-13,5,4.88394,2.25416,0.0116063,0.0116063
0.05222,1.30407e-13,5,4.88371,2.24619,0.0116288,0.0116288
0.05223,2.2816e-13,5,4.88349,2.23819,0.0116512,0.0116512
0.05224,2.92662e-13,5,4.88327,2.23019,0.0116735,0.0116735
0.05225,4.31382e-13,5,4.88304,2.22217,0.0116957,0.0116957
0.05226,2.95822e-13,5,4.88282,2.21414,0.0117179,0.0117179
0.05227,2.18048e-13,5,4.8826,2.20609,0.0117399,0.0117399
0.05228,3.01535e-13,5,4.88238,2.19803,0.0117619,0.0117619
0.05229,4.20881e-13,5,4.88216,2.18995,0.0117838,0.0117838
0.0523,2.21927e-13,5,4.88194,2.18186,0.0118056,0.0118056
0.05231,3.12719e-14,5,4.88173,2.17376,0.0118274,0.0118274
0.05232,1.74322e-13,5,4.88151,2.16565,0.011849,0.011849
0.05233,2.9278e-13,5,4.88129,2.15752,0.0118706,0.0118706
0.05234,4.81849e-13,5,4.88108,2.14937,0.0118921,0.0118921
0.05235,3.80622e-13,5,4.88087,2.14122,0.0119135,0.0119135
0.05236,3.08983e-13,5,4.88065,2.13305,0.0119348,0.0119348
0.05237,3.58108e-13,5,4.88044,2.12486,0.0119561,0.0119561
0.05238,3.90441e-13,5,4.88023,2.11667,0.0119772,0.0119772
0.05239,3.9747e-14,5,4.88002,2.10846,0.0119983,0.0119983
0.0524,5.30158e-13,5,4.87981,2.10024,0.0120193,0.0120193
0.05241,3.55906e-13,5,4.8796,2.092,0.0120402,0.0120402
0.05242,2.83656e-13,5,4.87939,2.08375,0.0120611,0.0120611
0.05243,3.9673e-13,5,4.87918,2.07549,0.0120818,0.0120818
0.05244,9.49414e-14,5,4.87897,2.06721,0.0121025,0.0121025
0.05245,3.68554e-13,5,4.87877,2.05892,0.0121231,0.0121231
0.05246,3.87397e-13,5,4.87856,2.05062,0.0121436,0.0121436
0.05247,2.29688e-13,5,4.87836,2.04231,0.012164,0.012164
0.05248,4.26944e-13,5,4.87816,2.03398,0.0121844,0.0121844
0.05249,1.45334e-13,5,4.87795,2.02565,0.0122046,0.0122046
0.0525,1.41279e-13,5,4.87775,2.01729,0.0122248,0.0122248
0.05251,3.30858e-14,5,4.87755,2.00893,0.0122449,0.0122449
0.05252,3.4736e-13,5,4.87735,2.00055,0.0122649,0.0122649
0.05253,4.72535e-13,5,4.87715,1.99216,0.0122848,0.0122848
0.05254,4.77973e-13,5,4.87695,1.98376,0.0123047,0.0123047
0.05255,-2.29898e-14,5,4.87676,1.97535,0.0123244,0.0123244
0.05256,1.73434e-13,5,4.87656,1.96692,0.0123441,0.0123441
0.05257,4.50738e-13,5,4.87636,1.95848,0.0123637,0.0123637
0.05258,4.1865e-13,5,4.87617,1.95003,0.0123832,0.0123832
0.05259,3.67744e-13,5,4.87597,1.94157,0.0124026,0.0124026
0.0526,1.32763e-13,5,4.87578,1.9331,0.0124219,0.0124219
0.05261,2.29183e-13,5,4.87559,1.92461,0.0124412,0.0124412
0.05262,4.89334e-13,5,4.8754,1.91611,0.0124603,0.0124603
0.05263,6.21455e-14,5,4.87521,1.9076,0.0124794,0.0124794
0.05264,3.69148e-13,5,4.87502,1.89908,0.0124984,0.0124984
0.05265,1.02192e-13,5,4.87483,1.89055,0.0125173,0.0125173
0.05266,4.53076e-13,5,4.87464,1.882,0.0125361,0.0125361
0.05267,3.38693e-13,5,4.87445,1.87344,0.0125548,0.0125548
0.05268,4.93788e-13,5,4.87427,1.86487,0.0125735,0.0125735
0.05269,5.15019e-13,5,4.87408,1.85629,0.0125921,0.0125921
0.0527,-2.01432e-15,5,4.87389,1.8477,0.0126105,0.0126105
0.05271,1.28768e-13,5,4.87371,1.8391,0.0126289,0.0126289
0.05272,5.00579e-13,5,4.87353,1.83048,0.0126472,0.0126472
0.05273,2.50887e-13,5,4.87335,1.82186,0.0126654,0.0126654
0.05274,5.62302e-13,5,4.87316,1.81322,0.0126836,0.0126836
0.05275,3.42615e-13,5,4.87298,1.80457,0.0127016,0.0127016
0.05276,3.17605e-13,5,4.8728,1.79591,0.0127196,0.0127196
0.05277,3.02226e-13,5,4.87263,1.78724,0.0127375,0.0127375
0.05278,3.37889e-13,5,4.87245,1.77856,0.0127552,0.0127552
0.05279,2.37495e-13,5,4.87227,1.76987,0.0127729,0.0127729
0.0528,4.94953e-13,5,4.87209,1.76117,0.0127905,0.0127905
0.05281,1.14484e-14,5,4.87192,1.75245,0.0128081,0.0128081
0.05282,1.88305e-13,5,4.87174,1.74373,0.0128255,0.0128255
0.05283,3.79316e-13,5,4.87157,1.73499,0.0128429,0.0128429
0.05284,1.64624e-13,5,4.8714,1.72625,0.0128601,0.0128601
0.05285,2.60156e-13,5,4.87123,1.71749,0.0128773,0.0128773
0.05286,2.43972e-13,5,4.87106,1.70872,0.0128944,0.0128944
0.05287,1.47797e-13,5,4.87089,1.69994,0.0129114,0.0129114
0.05288,2.29701e-13,5,4.87072,1.69116,0.0129283,0.0129283
0.05289,6.45531e-14,5,4.87055,1.68236,0.0129451,0.0129451
0.0529,1.35771e-13,5,4.87038,1.67355,0.0129619,0.0129619
0.05291,1.6198e-14,5,4.87021,1.66473,0.0129785,0.0129785
0.05292,1.8717e-13,5,4.87005,1.6559,0.0129951,0.0129951
0.05293,2.19558e-13,5,4.86988,1.64706,0.0130115,0.0130115
0.05294,3.65273e-13,5,4.86972,1.63821,0.0130279,0.0130279
0.05295,4.20531e-13,5,4.86956,1.62935,0.0130442,0.0130442
0.05296,1.80554e-13,5,4.8694,1.62049,0.0130604,0.0130604
0.05297,3.49084e-13,5,4.86923,1.61161,0.0130765,0.0130765
0.05298,4.91967e-13,5,4.86907,1.60272,0.0130926,0.0130926
0.05299,1.74108e-13,5,4.86892,1.59382,0.0131085,0.0131085
0.053,3.23708e-13,5,4.86876,1.58491,0.0131243,0.0131243
0.05301,2.76382e-13,5,4.8686,1.57599,0.0131401,0.0131401
0.05302,5.03614e-13,5,4.86844,1.56707,0.0131558,0.0131558
0.05303,3.39077e-13,5,4.86829,1.55813,0.0131714,0.0131714
0.05304,2.50477e-14,5,4.86813,1.54918,0.0131868,0.0131868
0.05305,4.84983e-13,5,4.86798,1.54023,0.0132022,0.0132022
0.05306,1.40201e-13,5,4.86782,1.53126,0.0132176,0.0132176
0.05307,1.39754e-13,5,4.86767,1.52229,0.0132328,0.0132328
0.05308,4.9469e-13,5,4.86752,1.51331,0.0132479,0.0132479
0.05309,3.05838e-13,5,4.86737,1.50431,0.013263,0.013263
0.0531,2.64619e-13,5,4.86722,1.49531,0.0132779,0.0132779
0.05311,1.52151e-13,5,4.86707,1.4863,0.0132928,0.0132928
0.05312,2.03302e-13,5,4.86692,1.47728,0.0133076,0.0133076
0.05313,1.97387e-13,5,4.86678,1.46825,0.0133222,0.0133222
0.05314,3.67527e-13,5,4.86663,1.45922,0.0133368,0.0133368
0.05315,4.91258e-13,5,4.86649,1.45017,0.0133513,0.0133513
0.05316,3.45262e-13,5,4.86634,1.44112,0.0133657,0.0133657
0.05317,3.87392e-13,5,4.8662,1.43205,0.0133801,0.0133801
0.05318,1.65262e-13,5,4.86606,1.42298,0.0133943,0.0133943
0.05319,1.35061e-13,5,4.86592,1.4139,0.0134084,0.0134084
0.0532,2.97373e-13,5,4.86578,1.40481,0.0134225,0.0134225
0.05321,1.97256e-13,5,4.86564,1.39572,0.0134364,0.0134364
0.05322,6.09738e-14,5,4.8655,1.38661,0.0134503,0.0134503
0.05323,1.1404e-13,5,4.86536,1.3775,0.0134641,0.0134641
0.05324,5.81136e-13,5,4.86522,1.36837,0.0134778,0.0134778
0.05325,5.49215e-13,5,4.86509,1.35924,0.0134913,0.0134913
0.05326,4.68693e-13,5,4.86495,1.35011,0.0135049,0.0135049
0.05327,3.34381e-13,5,4.86482,1.34096,0.0135183,0.0135183
0.05328,3.67796e-13,5,4.86468,1.3318,0.0135316,0.0135316
0.05329,3.34793e-13,5,4.86455,1.32264,0.0135448,0.0135448
0.0533,2.27903e-13,5,4.86442,1.31347,0.0135579,0.0135579
0.05331,3.8802e-14,5,4.86429,1.3043,0.013571,0.013571
0.05332,4.40534e-13,5,4.86416,1.29511,0.0135839,0.0135839
0.05333,2.8646e-13,5,4.86403,1.28592,0.0135968,0.0135968
0.05334,2.48099e-13,5,4.8639,1.27672,0.0136096,0.0136096
0.05335,8.67534e-14,5,4.86378,1.26751,0.0136222,0.0136222
0.05336,4.72415e-13,5,4.86365,1.25829,0.0136348,0.0136348
0.05337,4.8282e-13,5,4.86353,1.24907,0.0136473,0.0136473
0.05338,3.31772e-13,5,4.8634,1.23984,0.0136597,0.0136597
0.05339,4.59723e-13,5,4.86328,1.2306,0.013672,0.013672
0.0534,3.96881e-13,5,4.86316,1.22136,0.0136842,0.0136842
0.05341,1.27622e-13,5,4.86304,1.2121,0.0136963,0.0136963
0.05342,3.17523e-13,5,4.86292,1.20284,0.0137084,0.0137084
0.05343,2.67422e-13,5,4.8628,1.19358,0.0137203,0.0137203
0.05344,4.14163e-13,5,4.86268,1.1843,0.0137322,0.0137322
0.05345,5.7168e-14,5,4.86256,1.17502,0.0137439,0.0137439
0.05346,3.14071e-13,5,4.86244,1.16574,0.0137556,0.0137556
0.05347,4.82795e-13,5,4.86233,1.15644,0.0137671,0.0137671
0.05348,8.81633e-14,5,4.86221,1.14714,0.0137786,0.0137786
0.05349,2.45729e-13,5,4.8621,1.13784,0.01379,0.01379
0.0535,2.51555e-13,5,4.86199,1.12852,0.0138013,0.0138013
0.05351,5.37796e-13,5,4.86188,1.1192,0.0138125,0.0138125
0.05352,3.99182e-13,5,4.86176,1.10988,0.0138236,0.0138236
0.05353,4.9402e-13,5,4.86165,1.10054,0.0138346,0.0138346
0.05354,3.43083e-13,5,4.86155,1.0912,0.0138455,0.0138455
0.05355,6.03427e-13,5,4.86144,1.08186,0.0138563,0.0138563
0.05356,5.67204e-13,5,4.86133,1.07251,0.013867,0.013867
0.05357,4.35501e-13,5,4.86122,1.06315,0.0138776,0.0138776
0.05358,1.81368e-13,5,4.86112,1.05378,0.0138882,0.0138882
0.05359,2.32034e-13,5,4.86101,1.04441,0.0138986,0.0138986
0.0536,5.59366e-13,5,4.86091,1.03504,0.013909,0.013909
0.05361,2.25159e-13,5,4.86081,1.02566,0.0139192,0.0139192
0.05362,1.09582e-13,5,4.86071,1.01627,0.0139294,0.0139294
0.05363,4.10158e-13,5,4.86061,1.00687,0.0139395,0.0139395
0.05364,4.14319e-13,5,4.86051,0.997474,0.0139494,0.0139494
0.05365,9.10195e-14,5,4.86041,0.988069,0.0139593,0.0139593
0.05366,3.1821e-13,5,4.86031,0.978659,0.0139691,0.0139691
0.05367,3.81629e-13,5,4.86021,0.969242,0.0139788,0.0139788
0.05368,4.76009e-13,5,4.86012,0.959821,0.0139884,0.0139884
0.05369,5.681e-13,5,4.86002,0.950394,0.0139979,0.0139979
0.0537,6.24191e-13,5,4.85993,0.940962,0.0140073,0.0140073
0.05371,3.82632e-13,5,4.85983,0.931524,0.0140166,0.0140166
0.05372,4.90751e-13,5,4.85974,0.922081,0.0140258,0.0140258
0.05373,2.31123e-13,5,4.85965,0.912633,0.014035,0.014035
0.05374,2.50063e-13,5,4.85956,0.90318,0.014044,0.014044
0.05375,5.11268e-13,5,4.85947,0.893722,0.0140529,0.0140529
0.05376,2.95771e-13,5,4.85938,0.884259,0.0140618,0.0140618
0.05377,4.75819e-13,5,4.85929,0.874792,0.0140705,0.0140705
0.05378,1.04114e-13,5,4.85921,0.865319,0.0140792,0.0140792
0.05379,2.79291e-13,5,4.85912,0.855841,0.0140877,0.0140877
0.0538,2.80481e-13,5,4.85904,0.846359,0.0140962,0.0140962
0.05381,5.23257e-13,5,4.85895,0.836873,0.0141046,0.0141046
0.05382,5.13234e-13,5,4.85887,0.827381,0.0141129,0.0141129
0.05383,4.37709e-13,5,4.85879,0.817886,0.014121,0.014121
0.05384,2.56115e-13,5,4.85871,0.808385,0.0141291,0.0141291
0.05385,1.54846e-13,5,4.85863,0.798881,0.0141371,0.0141371
0.05386,9.25326e-14,5,4.85855,0.789372,0.014145,0.014145
0.05387,2.54692e-13,5,4.85847,0.779859,0.0141528,0.0141528
0.05388,1.44347e-13,5,4.8584,0.770341,0.0141605,0.0141605
0.05389,4.00931e-13,5,4.85832,0.76082,0.0141681,0.0141681
0.0539,5.26661e-13,5,4.85824,0.751294,0.0141756,0.0141756
0.05391,2.32969e-14,5,4.85817,0.741765,0.014183,0.014183
0.05392,2.11241e-13,5,4.8581,0.732231,0.0141904,0.0141904
0.05393,1.36756e-13,5,4.85802,0.722694,0.0141976,0.0141976
0.05394,2.09959e-13,5,4.85795,0.713153,0.0142047,0.0142047
0.05395,3.85857e-13,5,4.85788,0.703608,0.0142118,0.0142118
0.05396,3.91697e-13,5,4.85781,0.694059,0.0142187,0.0142187
0.05397,1.81765e-13,5,4.85774,0.684507,0.0142255,0.0142255
0.05398,3.92081e-13,5,4.85768,0.674951,0.0142323,0.0142323
0.05399,6.67687e-14,5,4.85761,0.665392,0.0142389,0.0142389
0.054,2.95874e-13,5,4.85754,0.65583,0.0142455,0.0142455
0.05401,3.50203e-13,5,4.85748,0.646264,0.014252,0.014252
0.05402,4.09681e-13,5,4.85742,0.636695,0.0142583,0.0142583
0.05403,4.26554e-13,5,4.85735,0.627122,0.0142646,0.0142646
0.05404,3.52749e-13,5,4.85729,0.617546,0.0142708,0.0142708
0.05405,3.67262e-13,5,4.85723,0.607968,0.0142769,0.0142769
0.05406,1.94037e-13,5,4.85717,0.598386,0.0142828,0.0142828
0.05407,4.66206e-13,5,4.85711,0.588801,0.0142887,0.0142887
0.05408,2.25007e-13,5,4.85705,0.579214,0.0142945,0.0142945
0.05409,3.30378e-13,5,4.857,0.569623,0.0143002,0.0143002
0.0541,5.05097e-13,5,4.85694,0.56003,0.0143058,0.0143058
0.05411,1.69711e-14,5,4.85689,0.550434,0.0143113,0.0143113
0.05412,1.79852e-13,5,4.85683,0.540836,0.0143167,0.0143167
0.05413,3.36191e-14,5,4.85678,0.531234,0.014322,0.014322
0.05414,4.36891e-13,5,4.85673,0.521631,0.0143273,0.0143273
0.05415,4.29034e-13,5,4.85668,0.512025,0.0143324,0.0143324
0.05416,1.861e-13,5,4.85663,0.502416,0.0143374,0.0143374
0.05417,3.38573e-13,5,4.85658,0.492805,0.0143423,0.0143423
0.05418,1.52518e-13,5,4.85653,0.483192,0.0143472,0.0143472
0.05419,2.58028e-13,5,4.85648,0.473577,0.0143519,0.0143519
0.0542,3.75473e-13,5,4.85643,0.463959,0.0143565,0.0143565
0.05421,2.25021e-13,5,4.85639,0.45434,0.0143611,0.0143611
0.05422,2.08747e-13,5,4.85634,0.444719,0.0143655,0.0143655
0.05423,4.64363e-14,5,4.8563,0.435095,0.0143699,0.0143699
0.05424,3.67149e-13,5,4.85626,0.42547,0.0143741,0.0143741
0.05425,2.08183e-13,5,4.85622,0.415843,0.0143783,0.0143783
0.05426,4.25639e-13,5,4.85618,0.406214,0.0143824,0.0143824
0.05427,5.64454e-14,5,4.85614,0.396583,0.0143863,0.0143863
0.05428,1.83744e-13,5,4.8561,0.386951,0.0143902,0.0143902
0.05429,2.98906e-13,5,4.85606,0.377317,0.014394,0.014394
0.0543,3.47906e-13,5,4.85602,0.367682,0.0143976,0.0143976
0.05431,2.76557e-13,5,4.85599,0.358046,0.0144012,0.0144012
0.05432,3.05707e-14,5,4.85595,0.348408,0.0144047,0.0144047
0.05433,4.64978e-13,5,4.85592,0.338768,0.0144081,0.0144081
0.05434,1.60996e-13,5,4.85589,0.329128,0.0144114,0.0144114
0.05435,4.28175e-13,5,4.85585,0.319486,0.0144146,0.0144146
0.05436,5.29619e-13,5,4.85582,0.309843,0.0144177,0.0144177
0.05437,4.1042e-13,5,4.85579,0.3002,0.0144207,0.0144207
0.05438,4.70335e-13,5,4.85576,0.290555,0.0144236,0.0144236
0.05439,4.26929e-13,5,4.85574,0.280909,0.0144264,0.0144264
0.0544,4.52392e-13,5,4.85571,0.271263,0.0144291,0.0144291
0.05441,2.6411e-13,5,4.85568,0.261615,0.0144317,0.0144317
0.05442,4.889e-13,5,4.85566,0.251967,0.0144342,0.0144342
0.05443,1.61881e-13,5,4.85563,0.242319,0.0144367,0.0144367
0.05444,3.6448e-13,5,4.85561,0.232669,0.014439,0.014439
0.05445,3.59093e-13,5,4.85559,0.22302,0.0144412,0.0144412
0.05446,3.17554e-13,5,4.85557,0.213369,0.0144434,0.0144434
0.05447,4.11663e-13,5,4.85555,0.203719,0.0144454,0.0144454
0.05448,3.58436e-13,5,4.85553,0.194068,0.0144473,0.0144473
0.05449,1.02239e-13,5,4.85551,0.184416,0.0144492,0.0144492
0.0545,2.6954e-13,5,4.85549,0.174765,0.0144509,0.0144509
0.05451,1.22547e-13,5,4.85547,0.165113,0.0144526,0.0144526
0.05452,2.87711e-13,5,4.85546,0.155462,0.0144541,0.0144541
0.05453,2.54603e-13,5,4.85544,0.14581,0.0144556,0.0144556
0.05454,4.22306e-13,5,4.85543,0.136159,0.014457,0.014457
0.05455,2.8041e-13,5,4.85542,0.126507,0.0144582,0.0144582
0.05456,2.28026e-13,5,4.85541,0.116856,0.0144594,0.0144594
0.05457,2.09538e-13,5,4.8554,0.107205,0.0144605,0.0144605
0.05458,3.96736e-13,5,4.85539,0.0975541,0.0144614,0.0144614
0.05459,5.19569e-14,5,4.85538,0.0879038,0.0144623,0.0144623
0.0546,2.56565e-13,5,4.85537,0.0782539,0.0144631,0.0144631
0.05461,2.72987e-13,5,4.85536,0.0686045,0.0144638,0.0144638
0.05462,5.00588e-13,5,4.85536,0.0589557,0.0144644,0.0144644
0.05463,4.29283e-13,5,4.85535,0.0493075,0.0144649,0.0144649
0.05464,2.31189e-13,5,4.85535,0.0396601,0.0144653,0.0144653
0.05465,3.0587e-13,5,4.85534,0.0300134,0.0144656,0.0144656
0.05466,3.70855e-13,5,4.85534,0.0203675,0.0144658,0.0144658
0.05467,1.43756e-13,5,4.85534,0.0107225,0.0144659,0.0144659
0.05468,4.79157e-13,5,4.85534,0.00107847,0.0144659,0.0144659
0.05469,4.12749e-13,5,4.85534,-0.00856454,0.0144658,0.0144658
0.0547,1.17203e-13,5,4.85534,-0.0182065,0.0144656,0.0144656
0.05471,-7.3264e-15,5,4.85535,-0.0278472,0.0144653,0.0144653
0.05472,4.39445e-13,5,4.85535,-0.0374868,0.014465,0.014465
0.05473,4.93679e-13,5,4.85536,-0.0471251,0.0144645,0.0144645
0.05474,3.28547e-13,5,4.85536,-0.056762,0.0144639,0.0144639
0.05475,5.72103e-13,5,4.85537,-0.0663975,0.0144633,0.0144633
0.05476,2.60935e-13,5,4.85538,-0.0760316,0.0144625,0.0144625
0.05477,2.50774e-13,5,4.85538,-0.0856641,0.0144616,0.0144616
0.05478,4.88013e-13,5,4.85539,-0.0952951,0.0144607,0.0144607
0.05479,4.64469e-13,5,4.8554,-0.104924,0.0144596,0.0144596
0.0548,3.54249e-13,5,4.85542,-0.114552,0.0144585,0.0144585
0.05481,3.31638e-13,5,4.85543,-0.124178,0.0144573,0.0144573
0.05482,1.16364e-13,5,4.85544,-0.133802,0.0144559,0.0144559
0.05483,3.37837e-13,5,4.85546,-0.143423,0.0144545,0.0144545
0.05484,2.61424e-13,5,4.85547,-0.153043,0.0144529,0.0144529
0.05485,2.89569e-13,5,4.85549,-0.162661,0.0144513,0.0144513
0.05486,3.70172e-13,5,4.8555,-0.172277,0.0144496,0.0144496
0.05487,4.51358e-13,5,4.85552,-0.181891,0.0144478,0.0144478
0.05488,4.81472e-13,5,4.85554,-0.191502,0.0144459,0.0144459
0.05489,4.09088e-13,5,4.85556,-0.201111,0.0144439,0.0144439
0.0549,4.10395e-13,5,4.85558,-0.210718,0.0144417,0.0144417
0.05491,2.0707e-13,5,4.8556,-0.220323,0.0144395,0.0144395
0.05492,4.30542e-13,5,4.85563,-0.229924,0.0144372,0.0144372
0.05493,1.20884e-13,5,4.85565,-0.239524,0.0144348,0.0144348
0.05494,3.64769e-13,5,4.85568,-0.24912,0.0144324,0.0144324
0.05495,4.3018e-13,5,4.8557,-0.258714,0.0144298,0.0144298
0.05496,4.94854e-13,5,4.85573,-0.268306,0.0144271,0.0144271
0.05497,5.09434e-13,5,4.85576,-0.277894,0.0144243,0.0144243
0.05498,4.24856e-13,5,4.85579,-0.28748,0.0144214,0.0144214
0.05499,4.19722e-13,5,4.85582,-0.297062,0.0144185,0.0144185
0.055,2.1819e-13,5,4.85585,-0.306642,0.0144154,0.0144154
0.05501,4.54207e-13,5,4.85588,-0.316218,0.0144122,0.0144122
0.05502,1.70438e-13,5,4.85591,-0.325792,0.014409,0.014409
0.05503,4.56207e-13,5,4.85594,-0.335362,0.0144056,0.0144056
0.05504,3.54817e-13,5,4.85598,-0.344929,0.0144022,0.0144022
0.05505,5.0152e-13,5,4.85601,-0.354492,0.0143986,0.0143986
0.05506,1.67645e-13,5,4.85605,-0.364053,0.014395,0.014395
0.05507,4.43873e-13,5,4.85609,-0.37361,0.0143913,0.0143913
0.05508,3.7487e-13,5,4.85613,-0.383163,0.0143874,0.0143874
0.05509,3.69899e-13,5,4.85617,-0.392713,0.0143835,0.0143835
0.0551,1.5647e-13,5,4.85621,-0.402259,0.0143795,0.0143795
0.05511,3.71948e-13,5,4.85625,-0.411801,0.0143754,0.0143754
0.05512,6.24633e-14,5,4.85629,-0.42134,0.0143711,0.0143711
0.05513,3.20893e-13,5,4.85633,-0.430874,0.0143668,0.0143668
0.05514,4.21511e-13,5,4.85638,-0.440405,0.0143624,0.0143624
0.05515,5.48497e-13,5,4.85642,-0.449932,0.0143579,0.0143579
0.05516,2.04277e-13,5,4.85647,-0.459455,0.0143533,0.0143533
0.05517,4.83336e-13,5,4.85651,-0.468974,0.0143486,0.0143486
0.05518,4.34192e-13,5,4.85656,-0.478489,0.0143439,0.0143439
0.05519,4.70029e-13,5,4.85661,-0.487999,0.014339,0.014339
0.0552,3.22332e-13,5,4.85666,-0.497506,0.014334,0.014334
0.05521,4.05145e-13,5,4.85671,-0.507008,0.0143289,0.0143289
0.05522,2.23468e-13,5,4.85676,-0.516505,0.0143238,0.0143238
0.05523,4.19593e-13,5,4.85681,-0.525998,0.0143185,0.0143185
0.05524,4.46542e-14,5,4.85687,-0.535487,0.0143132,0.0143132
0.05525,1.9662e-13,5,4.85692,-0.544971,0.0143077,0.0143077
0.05526,3.82296e-13,5,4.85698,-0.55445,0.0143022,0.0143022
0.05527,3.3633e-13,5,4.85703,-0.563925,0.0142965,0.0142965
0.05528,4.75986e-13,5,4.85709,-0.573395,0.0142908,0.0142908
0.05529,3.09485e-13,5,4.85715,-0.58286,0.014285,0.014285
0.0553,2.5506e-13,5,4.85721,-0.59232,0.014279,0.014279
0.05531,4.93057e-14,5,4.85727,-0.601775,0.014273,0.014273
0.05532,3.38828e-13,5,4.85733,-0.611225,0.0142669,0.0142669
0.05533,1.79099e-13,5,4.85739,-0.62067,0.0142607,0.0142607
0.05534,4.4512e-13,5,4.85746,-0.63011,0.0142544,0.0142544
0.05535,1.93402e-13,5,4.85752,-0.639545,0.014248,0.014248
0.05536,3.00009e-13,5,4.85758,-0.648974,0.0142415,0.0142415
0.05537,5.0462e-13,5,4.85765,-0.658398,0.0142349,0.0142349
0.05538,9.2711e-14,5,4.85772,-0.667817,0.0142282,0.0142282
0.05539,1.69369e-13,5,4.85779,-0.67723,0.0142215,0.0142215
0.0554,2.48526e-13,5,4.85785,-0.686638,0.0142146,0.0142146
0.05541,2.99454e-13,5,4.85792,-0.69604,0.0142077,0.0142077
0.05542,2.92013e-13,5,4.85799,-0.705437,0.0142006,0.0142006
0.05543,1.96559e-13,5,4.85807,-0.714827,0.0141934,0.0141934
0.05544,2.11503e-13,5,4.85814,-0.724212,0.0141862,0.0141862
0.05545,5.35755e-13,5,4.85821,-0.733592,0.0141789,0.0141789
0.05546,2.31995e-13,5,4.85829,-0.742965,0.0141714,0.0141714
0.05547,1.82449e-13,5,4.85836,-0.752332,0.0141639,0.0141639
0.05548,3.60485e-13,5,4.85844,-0.761694,0.0141563,0.0141563
0.05549,5.79324e-14,5,4.85851,-0.771049,0.0141486,0.0141486
0.0555,3.86223e-13,5,4.85859,-0.780398,0.0141408,0.0141408
0.05551,4.11089e-13,5,4.85867,-0.789741,0.0141329,0.0141329
0.05552,3.35702e-13,5,4.85875,-0.799078,0.0141249,0.0141249
0.05553,3.63872e-13,5,4.85883,-0.808408,0.0141168,0.0141168
0.05554,4.72713e-13,5,4.85891,-0.817732,0.0141086,0.0141086
0.05555,1.85204e-13,5,4.859,-0.82705,0.0141004,0.0141004
0.05556,1.61845e-13,5,4.85908,-0.836361,0.014092,0.014092
0.05557,1.54335e-13,5,4.85916,-0.845665,0.0140835,0.0140835
0.05558,1.42328e-13,5,4.85925,-0.854963,0.014075,0.014075
0.05559,1.06243e-13,5,4.85934,-0.864254,0.0140664,0.0140664
0.0556,2.54469e-13,5,4.85942,-0.873539,0.0140576,0.0140576
0.05561,1.14037e-13,5,4.85951,-0.882816,0.0140488,0.0140488
0.05562,5.76803e-13,5,4.8596,-0.892087,0.0140399,0.0140399
0.05563,4.89037e-13,5,4.85969,-0.901351,0.0140309,0.0140309
0.05564,2.89306e-13,5,4.85978,-0.910607,0.0140217,0.0140217
0.05565,1.89494e-13,5,4.85987,-0.919857,0.0140126,0.0140126
0.05566,1.74823e-13,5,4.85997,-0.9291,0.0140033,0.0140033
0.05567,4.58621e-13,5,4.86006,-0.938335,0.0139939,0.0139939
0.05568,3.45431e-13,5,4.86016,-0.947563,0.0139844,0.0139844
0.05569,5.00399e-14,5,4.86025,-0.956784,0.0139748,0.0139748
0.0557,4.70062e-13,5,4.86035,-0.965998,0.0139652,0.0139652
0.05571,2.30155e-13,5,4.86045,-0.975204,0.0139554,0.0139554
0.05572,4.5679e-13,5,4.86054,-0.984402,0.0139456,0.0139456
0.05573,2.30871e-13,5,4.86064,-0.993594,0.0139356,0.0139356
0.05574,4.53052e-13,5,4.86074,-1.00278,0.0139256,0.0139256
0.05575,2.05706e-13,5,4.86085,-1.01195,0.0139155,0.0139155
0.05576,3.91027e-13,5,4.86095,-1.02112,0.0139053,0.0139053
0.05577,9.2999e-14,5,4.86105,-1.03028,0.013895,0.013895
0.05578,4.42717e-13,5,4.86115,-1.03943,0.0138846,0.0138846
0.05579,7.09699e-14,5,4.86126,-1.04858,0.0138741,0.0138741
0.0558,3.37837e-13,5,4.86136,-1.05771,0.0138635,0.0138635
0.05581,5.57825e-13,5,4.86147,-1.06684,0.0138529,0.0138529
0.05582,2.73633e-13,5,4.86158,-1.07596,0.0138421,0.0138421
0.05583,3.93022e-13,5,4.86169,-1.08508,0.0138312,0.0138312
0.05584,5.5512e-15,5,4.8618,-1.09418,0.0138203,0.0138203
0.05585,2.48008e-13,5,4.86191,-1.10328,0.0138093,0.0138093
0.05586,4.39005e-13,5,4.86202,-1.11236,0.0137981,0.0137981
0.05587,1.25364e-13,5,4.86213,-1.12144,0.0137869,0.0137869
0.05588,4.46397e-13,5,4.86224,-1.13051,0.0137756,0.0137756
0.05589,4.10935e-14,5,4.86236,-1.13958,0.0137642,0.0137642
0.0559,2.77846e-13,5,4.86247,-1.14863,0.0137527,0.0137527
0.05591,4.79516e-13,5,4.86259,-1.15767,0.0137412,0.0137412
0.05592,1.97225e-13,5,4.86271,-1.16671,0.0137295,0.0137295
0.05593,3.47158e-13,5,4.86282,-1.17574,0.0137177,0.0137177
0.05594,2.54854e-13,5,4.86294,-1.18476,0.0137059,0.0137059
0.05595,3.83499e-13,5,4.86306,-1.19377,0.013694,0.013694
0.05596,6.04216e-14,5,4.86318,-1.20277,0.0136819,0.0136819
0.05597,4.32732e-13,5,4.8633,-1.21176,0.0136698,0.0136698
0.05598,1.47403e-13,5,4.86342,-1.22074,0.0136576,0.0136576
0.05599,3.53402e-13,5,4.86355,-1.22972,0.0136453,0.0136453
0.056,1.54198e-13,5,4.86367,-1.23868,0.0136329,0.0136329
0.05601,4.73273e-13,5,4.8638,-1.24764,0.0136204,0.0136204
0.05602,4.15983e-13,5,4.86392,-1.25658,0.0136079,0.0136079
0.05603,2.25522e-13,5,4.86405,-1.26552,0.0135952,0.0135952
0.05604,6.0072e-13,5,4.86418,-1.27445,0.0135825,0.0135825
0.05605,4.2236e-13,5,4.8643,-1.28337,0.0135696,0.0135696
0.05606,3.91243e-13,5,4.86443,-1.29227,0.0135567,0.0135567
0.05607,2.99564e-13,5,4.86456,-1.30117,0.0135437,0.0135437
0.05608,1.67861e-13,5,4.86469,-1.31006,0.0135306,0.0135306
0.05609,1.76735e-14,5,4.86483,-1.31894,0.0135174,0.0135174
0.0561,9.88284e-14,5,4.86496,-1.32781,0.0135041,0.0135041
0.05611,2.07461e-13,5,4.86509,-1.33667,0.0134908,0.0134908
0.05612,1.40623e-13,5,4.86523,-1.34552,0.0134773,0.0134773
0.05613,1.5114e-13,5,4.86536,-1.35436,0.0134638,0.0134638
0.05614,2.65491e-13,5,4.8655,-1.36319,0.0134501,0.0134501
0.05615,2.83724e-13,5,4.86564,-1.37201,0.0134364,0.0134364
0.05616,4.6169e-13,5,4.86577,-1.38082,0.0134226,0.0134226
0.05617,1.4669e-13,5,4.86591,-1.38962,0.0134087,0.0134087
0.05618,2.78748e-13,5,4.86605,-1.39841,0.0133947,0.0133947
0.05619,2.07247e-13,5,4.86619,-1.40719,0.0133807,0.0133807
0.0562,4.19492e-13,5,4.86633,-1.41596,0.0133665,0.0133665
0.05621,2.66945e-13,5,4.86648,-1.42472,0.0133523,0.0133523
0.05622,1.15911e-14,5,4.86662,-1.43347,0.0133379,0.0133379
0.05623,3.71273e-13,5,4.86676,-1.44221,0.0133235,0.0133235
0.05624,4.73161e-13,5,4.86691,-1.45094,0.013309,0.013309
0.05625,3.55115e-13,5,4.86706,-1.45965,0.0132944,0.0132944
0.05626,2.83308e-13,5,4.8672,-1.46836,0.0132797,0.0132797
0.05627,5.25113e-13,5,4.86735,-1.47706,0.0132649,0.0132649
0.05628,4.39345e-13,5,4.8675,-1.48574,0.0132501,0.0132501
0.05629,6.814e-14,5,4.86765,-1.49441,0.0132351,0.0132351
0.0563,3.64151e-13,5,4.8678,-1.50308,0.0132201,0.0132201
0.05631,7.43377e-15,5,4.86795,-1.51173,0.013205,0.013205
0.05632,4.07584e-13,5,4.8681,-1.52037,0.0131898,0.0131898
0.05633,2.46821e-13,5,4.86826,-1.529,0.0131745,0.0131745
0.05634,2.75216e-14,5,4.86841,-1.53762,0.0131591,0.0131591
0.05635,2.53117e-13,5,4.86856,-1.54623,0.0131437,0.0131437
0.05636,5.18707e-13,5,4.86872,-1.55482,0.0131281,0.0131281
0.05637,1.93104e-13,5,4.86888,-1.56341,0.0131125,0.0131125
0.05638,2.37927e-13,5,4.86903,-1.57198,0.0130968,0.0130968
0.05639,2.51608e-13,5,4.86919,-1.58055,0.013081,0.013081
0.0564,6.12026e-14,5,4.86935,-1.5891,0.0130651,0.0130651
0.05641,4.0437e-13,5,4.86951,-1.59764,0.0130491,0.0130491
0.05642,2.00836e-13,5,4.86967,-1.60617,0.013033,0.013033
0.05643,-3.66984e-14,5,4.86983,-1.61468,0.0130169,0.0130169
0.05644,4.32785e-13,5,4.86999,-1.62319,0.0130006,0.0130006
0.05645,7.79829e-14,5,4.87016,-1.63168,0.0129843,0.0129843
0.05646,9.70209e-14,5,4.87032,-1.64016,0.0129679,0.0129679
0.05647,3.25114e-13,5,4.87049,-1.64863,0.0129514,0.0129514
0.05648,1.43868e-13,5,4.87065,-1.65709,0.0129349,0.0129349
0.05649,3.00351e-13,5,4.87082,-1.66553,0.0129182,0.0129182
0.0565,1.78585e-13,5,4.87099,-1.67397,0.0129015,0.0129015
0.05651,7.31949e-14,5,4.87115,-1.68239,0.0128846,0.0128846
0.05652,2.80221e-13,5,4.87132,-1.6908,0.0128677,0.0128677
0.05653,1.87238e-13,5,4.87149,-1.6992,0.0128507,0.0128507
0.05654,3.19963e-13,5,4.87166,-1.70758,0.0128337,0.0128337
0.05655,2.95924e-13,5,4.87183,-1.71595,0.0128165,0.0128165
0.05656,1.88535e-13,5,4.87201,-1.72431,0.0127993,0.0127993
0.05657,5.27207e-13,5,4.87218,-1.73266,0.0127819,0.0127819
0.05658,4.7841e-13,5,4.87235,-1.741,0.0127645,0.0127645
0.05659,5.74081e-13,5,4.87253,-1.74932,0.012747,0.012747
0.0566,2.10481e-13,5,4.87271,-1.75763,0.0127295,0.0127295
0.05661,3.76845e-13,5,4.87288,-1.76593,0.0127118,0.0127118
0.05662,2.44643e-13,5,4.87306,-1.77421,0.0126941,0.0126941
0.05663,1.2346e-13,5,4.87324,-1.78249,0.0126762,0.0126762
0.05664,9.67849e-14,5,4.87342,-1.79075,0.0126583,0.0126583
0.05665,2.49438e-13,5,4.8736,-1.79899,0.0126403,0.0126403
0.05666,4.40117e-13,5,4.87378,-1.80723,0.0126223,0.0126223
0.05667,3.01448e-13,5,4.87396,-1.81545,0.0126041,0.0126041
0.05668,1.49484e-13,5,4.87414,-1.82366,0.0125859,0.0125859
0.05669,7.41527e-14,5,4.87432,-1.83185,0.0125676,0.0125676
0.0567,1.66771e-13,5,4.87451,-1.84003,0.0125492,0.0125492
0.05671,2.92529e-13,5,4.87469,-1.8482,0.0125307,0.0125307
0.05672,3.18006e-13,5,4.87488,-1.85636,0.0125121,0.0125121
0.05673,1.11031e-13,5,4.87507,-1.8645,0.0124935,0.0124935
0.05674,2.22939e-13,5,4.87525,-1.87263,0.0124747,0.0124747
0.05675,2.96822e-13,5,4.87544,-1.88075,0.0124559,0.0124559
0.05676,4.32045e-13,5,4.87563,-1.88885,0.012437,0.012437
0.05677,2.74336e-13,5,4.87582,-1.89694,0.0124181,0.0124181
0.05678,1.53041e-13,5,4.87601,-1.90501,0.012399,0.012399
0.05679,1.71469e-13,5,4.8762,-1.91308,0.0123799,0.0123799
0.0568,4.34257e-13,5,4.87639,-1.92112,0.0123607,0.0123607
0.05681,1.37936e-13,5,4.87659,-1.92916,0.0123414,0.0123414
0.05682,2.99415e-13,5,4.87678,-1.93718,0.012322,0.012322
0.05683,3.45321e-13,5,4.87697,-1.94519,0.0123026,0.0123026
0.05684,1.5844e-13,5,4.87717,-1.95318,0.012283,0.012283
0.05685,3.05071e-13,5,4.87737,-1.96116,0.0122634,0.0122634
0.05686,2.15973e-13,5,4.87756,-1.96913,0.0122437,0.0122437
0.05687,2.32902e-13,5,4.87776,-1.97708,0.012224,0.012224
0.05688,2.44196e-13,5,4.87796,-1.98501,0.0122041,0.0122041
0.05689,1.39639e-13,5,4.87816,-1.99294,0.0121842,0.0121842
0.0569,4.92493e-13,5,4.87836,-2.00085,0.0121642,0.0121642
0.05691,5.1328e-13,5,4.87856,-2.00874,0.0121441,0.0121441
0.05692,9.60006e-14,5,4.87876,-2.01662,0.0121239,0.0121239
0.05693,2.7294e-13,5,4.87896,-2.02449,0.0121037,0.0121037
0.05694,2.58949e-13,5,4.87917,-2.03234,0.0120834,0.0120834
0.05695,4.07023e-13,5,4.87937,-2.04018,0.012063,0.012063
0.05696,-6.52125e-14,5,4.87958,-2.048,0.0120425,0.0120425
0.05697,3.35132e-13,5,4.87978,-2.05581,0.0120219,0.0120219
0.05698,3.73821e-13,5,4.87999,-2.06361,0.0120013,0.0120013
0.05699,4.09734e-13,5,4.88019,-2.07139,0.0119806,0.0119806
0.057,1.21074e-13,5,4.8804,-2.07915,0.0119598,0.0119598
0.05701,9.70636e-14,5,4.88061,-2.0869,0.0119389,0.0119389
0.05702,1.88184e-14,5,4.88082,-2.09464,0.011918,0.011918
0.05703,2.51075e-13,5,4.88103,-2.10236,0.0118969,0.0118969
0.05704,2.32828e-14,5,4.88124,-2.11007,0.0118758,0.0118758
0.05705,1.57895e-13,5,4.88145,-2.11776,0.0118547,0.0118547
0.05706,3.41968e-13,5,4.88167,-2.12543,0.0118334,0.0118334
0.05707,3.67379e-14,5,4.88188,-2.1331,0.0118121,0.0118121
0.05708,6.92653e-14,5,4.88209,-2.14074,0.0117907,0.0117907
0.05709,1.31047e-13,5,4.88231,-2.14837,0.0117692,0.0117692
0.0571,3.7002e-13,5,4.88252,-2.15599,0.0117476,0.0117476
0.05711,4.80846e-13,5,4.88274,-2.16359,0.011726,0.011726
0.05712,1.59657e-13,5,4.88296,-2.17118,0.0117043,0.0117043
0.05713,2.41006e-13,5,4.88318,-2.17875,0.0116825,0.0116825
0.05714,1.96817e-13,5,4.88339,-2.1863,0.0116606,0.0116606
0.05715,4.09923e-13,5,4.88361,-2.19384,0.0116387,0.0116387
0.05716,1.27924e-13,5,4.88383,-2.20137,0.0116167,0.0116167
0.05717,1.9151e-13,5,4.88405,-2.20887,0.0115946,0.0115946
0.05718,3.0611e-13,5,4.88428,-2.21637,0.0115724,0.0115724
0.05719,-4.86912e-14,5,4.8845,-2.22385,0.0115502,0.0115502
0.0572,-2.74602e-14,5,4.88472,-2.23131,0.0115279,0.0115279
0.05721,7.98963e-14,5,4.88495,-2.23875,0.0115055,0.0115055
0.05722,-1.50021e-14,5,4.88517,-2.24618,0.011483,0.011483
0.05723,8.32506e-14,5,4.8854,-2.2536,0.0114605,0.0114605
0.05724,3.16867e-13,5,4.88562,-2.261,0.0114379,0.0114379
0.05725,1.74868e-13,5,4.88585,-2.26838,0.0114152,0.0114152
0.05726,2.8475e-13,5,4.88608,-2.27575,0.0113924,0.0113924
0.05727,1.38754e-13,5,4.8863,-2.2831,0.0113696,0.0113696
0.05728,-8.71789e-14,5,4.88653,-2.29044,0.0113467,0.0113467
0.05729,2.39225e-13,5,4.88676,-2.29776,0.0113237,0.0113237
0.0573,-6.70324e-14,5,4.88699,-2.30506,0.0113007,0.0113007
0.05731,8.42335e-14,5,4.88722,-2.31235,0.0112775,0.0112775
0.05732,4.2074e-13,5,4.88746,-2.31962,0.0112543,0.0112543
0.05733,2.16957e-13,5,4.88769,-2.32687,0.0112311,0.0112311
0.05734,3.40633e-13,5,4.88792,-2.33411,0.0112077,0.0112077
0.05735,2.97055e-13,5,4.88816,-2.34133,0.0111843,0.0111843
0.05736,2.75015e-13,5,4.88839,-2.34854,0.0111608,0.0111608
0.05737,2.37765e-13,5,4.88863,-2.35573,0.0111373,0.0111373
0.05738,1.50056e-13,5,4.88886,-2.3629,0.0111136,0.0111136
0.05739,4.33272e-13,5,4.8891,-2.37006,0.0110899,0.0110899
0.0574,1.45944e-13,5,4.88934,-2.3772,0.0110662,0.0110662
0.05741,3.94798e-13,5,4.88958,-2.38432,0.0110423,0.0110423
0.05742,2.41752e-13,5,4.88982,-2.39143,0.0110184,0.0110184
0.05743,3.42114e-13,5,4.89006,-2.39852,0.0109944,0.0109944
0.05744,-1.13826e-14,5,4.8903,-2.40559,0.0109704,0.0109704
0.05745,6.71083e-14,5,4.89054,-2.41264,0.0109463,0.0109463
0.05746,3.28564e-13,5,4.89078,-2.41968,0.0109221,0.0109221
0.05747,2.97975e-13,5,4.89102,-2.42671,0.0108978,0.0108978
0.05748,4.1166e-13,5,4.89127,-2.43371,0.0108735,0.0108735
0.05749,4.25591e-13,5,4.89151,-2.4407,0.010849,0.010849
0.0575,5.51988e-13,5,4.89175,-2.44767,0.0108246,0.0108246
0.05751,3.22836e-13,5,4.892,-2.45463,0.0108,0.0108
0.05752,4.08599e-13,5,4.89225,-2.46156,0.0107754,0.0107754
0.05753,3.44649e-13,5,4.89249,-2.46848,0.0107507,0.0107507
0.05754,3.50087e-13,5,4.89274,-2.47539,0.010726,0.010726
0.05755,1.91101e-13,5,4.89299,-2.48227,0.0107011,0.0107011
0.05756,3.17775e-13,5,4.89324,-2.48914,0.0106763,0.0106763
0.05757,4.48807e-14,5,4.89349,-2.49599,0.0106513,0.0106513
0.05758,2.80635e-13,5,4.89374,-2.50283,0.0106263,0.0106263
0.05759,1.16098e-13,5,4.89399,-2.50964,0.0106012,0.0106012
0.0576,8.23767e-15,5,4.89424,-2.51644,0.010576,0.010576
0.05761,4.15688e-13,5,4.89449,-2.52322,0.0105508,0.0105508
0.05762,4.34615e-13,5,4.89475,-2.52999,0.0105255,0.0105255
0.05763,3.00054e-13,5,4.895,-2.53673,0.0105001,0.0105001
0.05764,2.48482e-13,5,4.89525,-2.54346,0.0104747,0.0104747
0.05765,2.90891e-13,5,4.89551,-2.55017,0.0104492,0.0104492
0.05766,2.12841e-13,5,4.89576,-2.55687,0.0104236,0.0104236
0.05767,2.56137e-13,5,4.89602,-2.56354,0.010398,0.010398
0.05768,2.09728e-13,5,4.89628,-2.5702,0.0103723,0.0103723
0.05769,9.17652e-14,5,4.89654,-2.57684,0.0103465,0.0103465
0.0577,3.76924e-13,5,4.89679,-2.58346,0.0103207,0.0103207
0.05771,4.04733e-13,5,4.89705,-2.59007,0.0102948,0.0102948
0.05772,-2.8644e-14,5,4.89731,-2.59665,0.0102688,0.0102688
0.05773,1.15443e-14,5,4.89757,-2.60322,0.0102428,0.0102428
0.05774,3.25125e-13,5,4.89783,-2.60977,0.0102167,0.0102167
0.05775,2.58787e-13,5,4.8981,-2.6163,0.0101905,0.0101905
0.05776,1.84401e-13,5,4.89836,-2.62282,0.0101643,0.0101643
0.05777,2.48126e-13,5,4.89862,-2.62931,0.010138,0.010138
0.05778,2.5695e-13,5,4.89888,-2.63579,0.0101116,0.0101116
0.05779,1.33436e-13,5,4.89915,-2.64225,0.0100852,0.0100852
0.0578,1.42927e-13,5,4.89941,-2.64869,0.0100587,0.0100587
0.05781,9.80163e-14,5,4.89968,-2.65511,0.0100322,0.0100322
0.05782,2.67657e-13,5,4.89994,-2.66152,0.0100055,0.0100055
0.05783,3.54363e-13,5,4.90021,-2.6679,0.00997886,0.00997886
0.05784,2.89802e-13,5,4.90048,-2.67427,0.00995212,0.00995212
0.05785,2.35011e-13,5,4.90075,-2.68062,0.00992531,0.00992531
0.05786,2.38895e-13,5,4.90102,-2.68695,0.00989845,0.00989845
0.05787,2.38893e-13,5,4.90128,-2.69326,0.00987151,0.00987151
0.05788,1.74054e-13,5,4.90155,-2.69956,0.00984452,0.00984452
0.05789,2.12688e-13,5,4.90183,-2.70583,0.00981746,0.00981746
0.0579,2.9773e-13,5,4.9021,-2.71209,0.00979034,0.00979034
0.05791,1.46516e-13,5,4.90237,-2.71832,0.00976315,0.00976315
0.05792,2.74134e-13,5,4.90264,-2.72454,0.00973591,0.00973591
0.05793,1.74323e-13,5,4.90291,-2.73074,0.0097086,0.0097086
0.05794,1.38461e-13,5,4.90319,-2.73692,0.00968123,0.00968123
0.05795,2.32606e-13,5,4.90346,-2.74308,0.0096538,0.0096538
0.05796,1.83477e-13,5,4.90374,-2.74922,0.00962631,0.00962631
0.05797,1.74538e-13,5,4.90401,-2.75535,0.00959876,0.00959876
0.05798,1.63768e-13,5,4.90429,-2.76145,0.00957114,0.00957114
0.05799,3.38404e-13,5,4.90457,-2.76754,0.00954347,0.00954347
0.058,2.05509e-13,5,4.90484,-2.7736,0.00951573,0.00951573
0.05801,2.97156e-13,5,4.90512,-2.77965,0.00948793,0.00948793
0.05802,1.24292e-13,5,4.9054,-2.78568,0.00946008,0.00946008
0.05803,1.09136e-13,5,4.90568,-2.79169,0.00943216,0.00943216
0.05804,2.21156e-13,5,4.90596,-2.79768,0.00940418,0.00940418
0.05805,3.18132e-13,5,4.90624,-2.80365,0.00937615,0.00937615
0.05806,2.59566e-13,5,4.90652,-2.8096,0.00934805,0.00934805
0.05807,1.34498e-13,5,4.9068,-2.81553,0.0093199,0.0093199
0.05808,2.61284e-13,5,4.90708,-2.82144,0.00929168,0.00929168
0.05809,5.03955e-14,5,4.90737,-2.82734,0.00926341,0.00926341
0.0581,1.65135e-13,5,4.90765,-2.83321,0.00923508,0.00923508
0.05811,2.47568e-13,5,4.90793,-2.83906,0.00920668,0.00920668
0.05812,2.82705e-13,5,4.90822,-2.8449,0.00917824,0.00917824
0.05813,2.5739e-13,5,4.9085,-2.85071,0.00914973,0.00914973
0.05814,2.74264e-13,5,4.90879,-2.85651,0.00912116,0.00912116
0.05815,2.10535e-13,5,4.90907,-2.86228,0.00909254,0.00909254
0.05816,2.86418e-13,5,4.90936,-2.86804,0.00906386,0.00906386
0.05817,1.55743e-13,5,4.90965,-2.87378,0.00903512,0.00903512
0.05818,1.56296e-13,5,4.90994,-2.87949,0.00900633,0.00900633
0.05819,5.94833e-14,5,4.91023,-2.88519,0.00897748,0.00897748
0.0582,9.34546e-14,5,4.91051,-2.89087,0.00894857,0.00894857
0.05821,2.61041e-13,5,4.9108,-2.89652,0.0089196,0.0089196
0.05822,2.25901e-13,5,4.91109,-2.90216,0.00889058,0.00889058
0.05823,2.22069e-13,5,4.91138,-2.90778,0.0088615,0.0088615
0.05824,2.58372e-13,5,4.91168,-2.91337,0.00883237,0.00883237
0.05825,1.18149e-13,5,4.91197,-2.91895,0.00880318,0.00880318
0.05826,1.55174e-13,5,4.91226,-2.92451,0.00877393,0.00877393
0.05827,1.56893e-13,5,4.91255,-2.93004,0.00874463,0.00874463
0.05828,2.53703e-13,5,4.91285,-2.93556,0.00871528,0.00871528
0.05829,2.37104e-13,5,4.91314,-2.94106,0.00868587,0.00868587
0.0583,1.27745e-13,5,4.91344,-2.94653,0.0086564,0.0086564
0.05831,1.75927e-13,5,4.91373,-2.95199,0.00862688,0.00862688
0.05832,1.79145e-13,5,4.91403,-2.95742,0.00859731,0.00859731
0.05833,1.64211e-13,5,4.91432,-2.96284,0.00856768,0.00856768
0.05834,1.60102e-13,5,4.91462,-2.96824,0.008538,0.008538
0.05835,1.97737e-13,5,4.91492,-2.97361,0.00850826,0.00850826
0.05836,1.96403e-13,5,4.91522,-2.97896,0.00847847,0.00847847
0.05837,3.04871e-13,5,4.91551,-2.9843,0.00844863,0.00844863
0.05838,1.05473e-13,5,4.91581,-2.98961,0.00841873,0.00841873
0.05839,2.05614e-13,5,4.91611,-2.9949,0.00838878,0.00838878
0.0584,7.82142e-14,5,4.91641,-3.00018,0.00835878,0.00835878
0.05841,2.21321e-13,5,4.91671,-3.00543,0.00832873,0.00832873
0.05842,2.25205e-13,5,4.91701,-3.01066,0.00829862,0.00829862
0.05843,2.51127e-13,5,4.91732,-3.01587,0.00826846,0.00826846
0.05844,2.34805e-13,5,4.91762,-3.02106,0.00823825,0.00823825
0.05845,2.27699e-13,5,4.91792,-3.02623,0.00820799,0.00820799
0.05846,2.83319e-13,5,4.91822,-3.03138,0.00817768,0.00817768
0.05847,2.30083e-13,5,4.91853,-3.03651,0.00814731,0.00814731
0.05848,1.25554e-13,5,4.91883,-3.04161,0.00811689,0.00811689
0.05849,1.43316e-13,5,4.91914,-3.0467,0.00808643,0.00808643
0.0585,2.31466e-13,5,4.91944,-3.05177,0.00805591,0.00805591
0.05851,1.1306e-13,5,4.91975,-3.05681,0.00802534,0.00802534
0.05852,1.95215e-13,5,4.92005,-3.06183,0.00799472,0.00799472
0.05853,9.11854e-14,5,4.92036,-3.06684,0.00796405,0.00796405
0.05854,2.12476e-13,5,4.92067,-3.07182,0.00793334,0.00793334
0.05855,1.76614e-13,5,4.92097,-3.07678,0.00790257,0.00790257
0.05856,1.71728e-13,5,4.92128,-3.08172,0.00787175,0.00787175
0.05857,4.71041e-14,5,4.92159,-3.08664,0.00784089,0.00784089
0.05858,2.22351e-13,5,4.9219,-3.09154,0.00780997,0.00780997
0.05859,2.09971e-13,5,4.92221,-3.09641,0.00777901,0.00777901
0.0586,9.27857e-14,5,4.92252,-3.10127,0.00774799,0.00774799
0.05861,6.95252e-14,5,4.92283,-3.1061,0.00771693,0.00771693
0.05862,1.13711e-13,5,4.92314,-3.11091,0.00768582,0.00768582
0.05863,2.00862e-13,5,4.92345,-3.11571,0.00765467,0.00765467
0.05864,1.95032e-13,5,4.92377,-3.12048,0.00762346,0.00762346
0.05865,7.60702e-14,5,4.92408,-3.12522,0.00759221,0.00759221
0.05866,1.67052e-13,5,4.92439,-3.12995,0.00756091,0.00756091
0.05867,1.10984e-13,5,4.9247,-3.13466,0.00752956,0.00752956
0.05868,1.21585e-13,5,4.92502,-3.13934,0.00749817,0.00749817
0.05869,1.87143e-13,5,4.92533,-3.14401,0.00746673,0.00746673
0.0587,1.84588e-13,5,4.92565,-3.14865,0.00743524,0.00743524
0.05871,1.06594e-13,5,4.92596,-3.15327,0.00740371,0.00740371
0.05872,1.75426e-13,5,4.92628,-3.15787,0.00737213,0.00737213
0.05873,1.60659e-13,5,4.92659,-3.16245,0.00734051,0.00734051
0.05874,1.75202e-13,5,4.92691,-3.167,0.00730884,0.00730884
0.05875,2.2022e-13,5,4.92723,-3.17154,0.00727712,0.00727712
0.05876,1.85746e-13,5,4.92755,-3.17605,0.00724536,0.00724536
0.05877,7.72206e-14,5,4.92786,-3.18054,0.00721356,0.00721356
0.05878,1.29955e-13,5,4.92818,-3.18501,0.00718171,0.00718171
0.05879,1.26457e-13,5,4.9285,-3.18946,0.00714981,0.00714981
0.0588,1.92625e-13,5,4.92882,-3.19388,0.00711787,0.00711787
0.05881,1.15518e-13,5,4.92914,-3.19829,0.00708589,0.00708589
0.05882,1.38832e-13,5,4.92946,-3.20267,0.00705386,0.00705386
0.05883,1.67752e-13,5,4.92978,-3.20703,0.00702179,0.00702179
0.05884,1.09298e-13,5,4.9301,-3.21137,0.00698968,0.00698968
0.05885,1.00415e-13,5,4.93042,-3.21568,0.00695752,0.00695752
0.05886,2.79936e-13,5,4.93075,-3.21998,0.00692532,0.00692532
0.05887,2.20538e-13,5,4.93107,-3.22425,0.00689308,0.00689308
0.05888,1.79237e-13,5,4.93139,-3.2285,0.00686079,0.00686079
0.05889,1.88006e-13,5,4.93172,-3.23273,0.00682847,0.00682847
0.0589,1.67022e-13,5,4.93204,-3.23694,0.0067961,0.0067961
0.05891,1.52699e-13,5,4.93236,-3.24112,0.00676369,0.00676369
0.05892,2.97027e-13,5,4.93269,-3.24529,0.00673123,0.00673123
0.05893,1.86003e-13,5,4.93301,-3.24943,0.00669874,0.00669874
0.05894,2.03433e-13,5,4.93334,-3.25355,0.0066662,0.0066662
0.05895,1.67238e-13,5,4.93366,-3.25764,0.00663363,0.00663363
0.05896,2.38236e-13,5,4.93399,-3.26172,0.00660101,0.00660101
0.05897,1.24881e-13,5,4.93432,-3.26577,0.00656835,0.00656835
0.05898,-7.29206e-15,5,4.93464,-3.2698,0.00653565,0.00653565
0.05899,1.2288e-13,5,4.93497,-3.27381,0.00650292,0.00650292
0.059,1.16995e-13,5,4.9353,-3.27779,0.00647014,0.00647014
0.05901,1.47026e-13,5,4.93563,-3.28176,0.00643732,0.00643732
0.05902,4.62718e-14,5,4.93596,-3.2857,0.00640446,0.00640446
0.05903,1.05002e-13,5,4.93628,-3.28962,0.00637157,0.00637157
0.05904,1.60956e-13,5,4.93661,-3.29351,0.00633863,0.00633863
0.05905,2.81414e-13,5,4.93694,-3.29739,0.00630566,0.00630566
0.05906,1.94982e-13,5,4.93727,-3.30124,0.00627265,0.00627265
0.05907,2.00754e-13,5,4.9376,-3.30507,0.0062396,0.0062396
0.05908,3.18325e-14,5,4.93793,-3.30888,0.00620651,0.00620651
0.05909,2.19182e-13,5,4.93827,-3.31266,0.00617338,0.00617338
0.0591,4.56527e-14,5,4.9386,-3.31642,0.00614022,0.00614022
0.05911,1.60449e-13,5,4.93893,-3.32016,0.00610702,0.00610702
0.05912,7.81802e-14,5,4.93926,-3.32388,0.00607378,0.00607378
0.05913,1.11597e-13,5,4.93959,-3.32757,0.0060405,0.0060405
0.05914,2.34498e-13,5,4.93993,-3.33124,0.00600719,0.00600719
0.05915,1.9575e-13,5,4.94026,-3.33489,0.00597384,0.00597384
0.05916,8.7391e-14,5,4.9406,-3.33852,0.00594045,0.00594045
0.05917,2.31219e-13,5,4.94093,-3.34212,0.00590703,0.00590703
0.05918,2.69077e-13,5,4.94126,-3.3457,0.00587358,0.00587358
0.05919,7.25665e-14,5,4.9416,-3.34926,0.00584008,0.00584008
0.0592,8.37788e-14,5,4.94193,-3.3528,0.00580656,0.00580656
0.05921,1.78813e-13,5,4.94227,-3.35631,0.00577299,0.00577299
0.05922,2.36155e-13,5,4.94261,-3.3598,0.00573939,0.00573939
0.05923,2.25471e-14,5,4.94294,-3.36327,0.00570576,0.00570576
0.05924,2.16891e-13,5,4.94328,-3.36671,0.00567209,0.00567209
0.05925,2.20456e-14,5,4.94362,-3.37014,0.00563839,0.00563839
0.05926,7.72277e-15,5,4.94395,-3.37353,0.00560466,0.00560466
0.05927,6.36216e-14,5,4.94429,-3.37691,0.00557089,0.00557089
0.05928,8.18838e-14,5,4.94463,-3.38026,0.00553709,0.00553709
0.05929,1.84023e-13,5,4.94497,-3.38359,0.00550325,0.00550325
0.0593,1.53103e-13,5,4.94531,-3.3869,0.00546938,0.00546938
0.05931,2.29041e-13,5,4.94565,-3.39019,0.00543548,0.00543548
0.05932,1.99397e-13,5,4.94598,-3.39345,0.00540154,0.00540154
0.05933,8.13242e-14,5,4.94632,-3.39669,0.00536758,0.00536758
0.05934,1.21624e-13,5,4.94666,-3.3999,0.00533358,0.00533358
0.05935,1.10878e-15,5,4.947,-3.4031,0.00529955,0.00529955
0.05936,8.48742e-14,5,4.94735,-3.40627,0.00526548,0.00526548
0.05937,5.8339e-14,5,4.94769,-3.40941,0.00523139,0.00523139
0.05938,6.38338e-14,5,4.94803,-3.41254,0.00519727,0.00519727
0.05939,1.86468e-14,5,4.94837,-3.41564,0.00516311,0.00516311
0.0594,1.83459e-13,5,4.94871,-3.41871,0.00512892,0.00512892
0.05941,2.5584e-14,5,4.94905,-3.42177,0.0050947,0.0050947
0.05942,9.4417e-14,5,4.9494,-3.4248,0.00506046,0.00506046
0.05943,1.46153e-13,5,4.94974,-3.42781,0.00502618,0.00502618
0.05944,1.66302e-13,5,4.95008,-3.43079,0.00499187,0.00499187
0.05945,2.94665e-14,5,4.95042,-3.43375,0.00495753,0.00495753
0.05946,1.23724e-13,5,4.95077,-3.43669,0.00492317,0.00492317
0.05947,1.57696e-13,5,4.95111,-3.43961,0.00488877,0.00488877
0.05948,6.94321e-14,5,4.95146,-3.4425,0.00485434,0.00485434
0.05949,8.38087e-14,5,4.9518,-3.44537,0.00481989,0.00481989
0.0595,1.43538e-13,5,4.95215,-3.44821,0.00478541,0.00478541
0.05951,1.36931e-13,5,4.95249,-3.45104,0.0047509,0.0047509
0.05952,1.25162e-13,5,4.95284,-3.45383,0.00471636,0.00471636
0.05953,1.14947e-13,5,4.95318,-3.45661,0.00468179,0.00468179
0.05954,1.1528e-13,5,4.95353,-3.45936,0.0046472,0.0046472
0.05955,1.37428e-13,5,4.95387,-3.46209,0.00461258,0.00461258
0.05956,8.13609e-14,5,4.95422,-3.4648,0.00457793,0.00457793
0.05957,1.33707e-13,5,4.95457,-3.46748,0.00454326,0.00454326
0.05958,1.422e-13,5,4.95491,-3.47014,0.00450856,0.00450856
0.05959,7.08115e-14,5,4.95526,-3.47277,0.00447383,0.00447383
0.0596,1.12888e-13,5,4.95561,-3.47538,0.00443907,0.00443907
0.05961,1.2349e-13,5,4.95596,-3.47797,0.00440429,0.00440429
0.05962,7.34184e-14,5,4.95631,-3.48054,0.00436949,0.00436949
0.05963,1.63235e-13,5,4.95665,-3.48308,0.00433466,0.00433466
0.05964,2.74538e-14,5,4.957,-3.4856,0.0042998,0.0042998
0.05965,4.19415e-14,5,4.95735,-3.48809,0.00426492,0.00426492
0.05966,1.64057e-14,5,4.9577,-3.49056,0.00423002,0.00423002
0.05967,1.04057e-13,5,4.95805,-3.49301,0.00419509,0.00419509
0.05968,6.24786e-14,5,4.9584,-3.49543,0.00416013,0.00416013
0.05969,1.06443e-13,5,4.95875,-3.49783,0.00412515,0.00412515
0.0597,1.11827e-13,5,4.9591,-3.50021,0.00409015,0.00409015
0.05971,7.07478e-14,5,4.95945,-3.50256,0.00405513,0.00405513
0.05972,3.45539e-14,5,4.9598,-3.50489,0.00402008,0.00402008
0.05973,5.67577e-14,5,4.96015,-3.5072,0.003985,0.003985
0.05974,7.97387e-14,5,4.9605,-3.50948,0.00394991,0.00394991
0.05975,4.80967e-14,5,4.96085,-3.51174,0.00391479,0.00391479
0.05976,7.93489e-14,5,4.9612,-3.51398,0.00387965,0.00387965
0.05977,6.61366e-14,5,4.96156,-3.51619,0.00384449,0.00384449
0.05978,7.38521e-14,5,4.96191,-3.51837,0.00380931,0.00380931
0.05979,1.13542e-13,5,4.96226,-3.52054,0.0037741,0.0037741
0.0598,2.78876e-14,5,4.96261,-3.52268,0.00373887,0.00373887
0.05981,1.16927e-13,5,4.96296,-3.5248,0.00370363,0.00370363
0.05982,5.75849e-14,5,4.96332,-3.52689,0.00366836,0.00366836
0.05983,9.77745e-14,5,4.96367,-3.52896,0.00363307,0.00363307
0.05984,8.97803e-14,5,4.96402,-3.531,0.00359776,0.00359776
0.05985,1.15703e-13,5,4.96438,-3.53302,0.00356243,0.00356243
0.05986,3.24917e-14,5,4.96473,-3.53502,0.00352708,0.00352708
0.05987,9.74947e-14,5,4.96508,-3.537,0.00349171,0.00349171
0.05988,1.15757e-13,5,4.96544,-3.53895,0.00345632,0.00345632
0.05989,1.21974e-13,5,4.96579,-3.54087,0.00342091,0.00342091
0.0599,3.94839e-14,5,4.96615,-3.54278,0.00338548,0.00338548
0.05991,1.3524e-13,5,4.9665,-3.54465,0.00335003,0.00335003
0.05992,5.31942e-14,5,4.96685,-3.54651,0.00331457,0.00331457
0.05993,6.49065e-14,5,4.96721,-3.54834,0.00327909,0.00327909
0.05994,4.65318e-14,5,4.96756,-3.55015,0.00324358,0.00324358
0.05995,1.0393e-13,5,4.96792,-3.55193,0.00320807,0.00320807
0.05996,6.11303e-14,5,4.96827,-3.55369,0.00317253,0.00317253
0.05997,8.56102e-14,5,4.96863,-3.55543,0.00313697,0.00313697
0.05998,6.30167e-14,5,4.96899,-3.55714,0.0031014,0.0031014
0.05999,5.1914e-14,5,4.96934,-3.55883,0.00306581,0.00306581
0.06,1.13364e-13,5,4.9697,-3.56049,0.00303021,0.00303021
0.06001,8.31659e-14,5,4.97005,-3.56213,0.00299459,0.00299459
0.06002,8.41091e-14,5,4.97041,-3.56375,0.00295895,0.00295895
0.06003,7.05085e-14,5,4.97077,-3.56534,0.0029233,0.0029233
0.06004,1.12919e-13,5,4.97112,-3.56691,0.00288763,0.00288763
0.06005,5.69074e-14,5,4.97148,-3.56845,0.00285194,0.00285194
0.06006,9.15459e-14,5,4.97184,-3.56997,0.00281624,0.00281624
0.06007,6.70651e-14,5,4.97219,-3.57147,0.00278053,0.00278053
0.06008,1.20522e-13,5,4.97255,-3.57294,0.0027448,0.0027448
0.06009,-6.65453e-15,5,4.97291,-3.57439,0.00270906,0.00270906
0.0601,5.45739e-14,5,4.97327,-3.57582,0.0026733,0.0026733
0.06011,1.07476e-13,5,4.97362,-3.57722,0.00263753,0.00263753
0.06012,1.42165e-14,5,4.97398,-3.57859,0.00260174,0.00260174
0.06013,3.75308e-14,5,4.97434,-3.57995,0.00256594,0.00256594
0.06014,4.45249e-14,5,4.9747,-3.58127,0.00253013,0.00253013
0.06015,4.6856e-14,5,4.97506,-3.58258,0.0024943,0.0024943
0.06016,5.85685e-14,5,4.97542,-3.58386,0.00245846,0.00245846
0.06017,3.92502e-14,5,4.97577,-3.58512,0.00242261,0.00242261
0.06018,3.62523e-14,5,4.97613,-3.58635,0.00238675,0.00238675
0.06019,7.07244e-14,5,4.97649,-3.58756,0.00235087,0.00235087
0.0602,5.27385e-14,5,4.97685,-3.58874,0.00231499,0.00231499
0.06021,3.67509e-14,5,4.97721,-3.5899,0.00227909,0.00227909
0.06022,5.1239e-14,5,4.97757,-3.59104,0.00224318,0.00224318
0.06023,4.17463e-14,5,4.97793,-3.59215,0.00220725,0.00220725
0.06024,4.1635e-14,5,4.97829,-3.59324,0.00217132,0.00217132
0.06025,5.8177e-14,5,4.97865,-3.5943,0.00213538,0.00213538
0.06026,4.41879e-14,5,4.97901,-3.59534,0.00209943,0.00209943
0.06027,4.01909e-14,5,4.97937,-3.59636,0.00206346,0.00206346
0.06028,6.06187e-14,5,4.97973,-3.59735,0.00202749,0.00202749
0.06029,3.71927e-14,5,4.98008,-3.59832,0.00199151,0.00199151
0.0603,4.60187e-14,5,4.98044,-3.59926,0.00195551,0.00195551
0.06031,2.3592e-14,5,4.9808,-3.60018,0.00191951,0.00191951
0.06032,5.08477e-14,5,4.98116,-3.60108,0.0018835,0.0018835
0.06033,4.06334e-14,5,4.98153,-3.60195,0.00184748,0.00184748
0.06034,5.03476e-14,5,4.98189,-3.6028,0.00181145,0.00181145
0.06035,5.44552e-14,5,4.98225,-3.60362,0.00177542,0.00177542
0.06036,2.99746e-14,5,4.98261,-3.60442,0.00173937,0.00173937
0.06037,4.14652e-14,5,4.98297,-3.60519,0.00170332,0.00170332
0.06038,4.22422e-14,5,4.98333,-3.60595,0.00166726,0.00166726
0.06039,4.4962e-14,5,4.98369,-3.60667,0.00163119,0.00163119
0.0604,3.61355e-14,5,4.98405,-3.60737,0.00159512,0.00159512
0.06041,3.30822e-14,5,4.98441,-3.60805,0.00155904,0.00155904
0.06042,2.74199e-14,5,4.98477,-3.60871,0.00152295,0.00152295
0.06043,4.1242e-14,5,4.98513,-3.60934,0.00148686,0.00148686
0.06044,4.22966e-14,5,4.98549,-3.60994,0.00145076,0.00145076
0.06045,2.93623e-14,5,4.98585,-3.61053,0.00141466,0.00141466
0.06046,3.19157e-14,5,4.98621,-3.61108,0.00137854,0.00137854
0.06047,2.48101e-14,5,4.98658,-3.61162,0.00134243,0.00134243
0.06048,1.41518e-14,5,4.98694,-3.61213,0.00130631,0.00130631
0.06049,3.65227e-14,5,4.9873,-3.61261,0.00127018,0.00127018
0.0605,1.73712e-14,5,4.98766,-3.61307,0.00123405,0.00123405
0.06051,2.66415e-14,5,4.98802,-3.61351,0.00119791,0.00119791
0.06052,2.30886e-14,5,4.98838,-3.61392,0.00116178,0.00116178
0.06053,2.45873e-14,5,4.98874,-3.61431,0.00112563,0.00112563
0.06054,2.3144e-14,5,4.98911,-3.61468,0.00108949,0.00108949
0.06055,2.73072e-14,5,4.98947,-3.61502,0.00105334,0.00105334
0.06056,1.95356e-14,5,4.98983,-3.61534,0.00101718,0.00101718
0.06057,2.75846e-14,5,4.99019,-3.61563,0.000981026,0.000981026
0.06058,1.03206e-14,5,4.99055,-3.6159,0.000944867,0.000944867
0.06059,1.42618e-14,5,4.99091,-3.61614,0.000908705,0.000908705
0.0606,1.76479e-14,5,4.99127,-3.61636,0.000872542,0.000872542
0.06061,1.49278e-14,5,4.99164,-3.61656,0.000836376,0.000836376
0.06062,1.73703e-14,5,4.992,-3.61673,0.000800209,0.000800209
0.06063,2.44201e-14,5,4.99236,-3.61688,0.00076404,0.00076404
0.06064,9.59863e-15,5,4.99272,-3.617,0.00072787,0.00072787
0.06065,5.54629e-15,5,4.99308,-3.6171,0.000691699,0.000691699
0.06066,1.88134e-14,5,4.99344,-3.61717,0.000655527,0.000655527
0.06067,1.60379e-14,5,4.99381,-3.61723,0.000619355,0.000619355
0.06068,8.65489e-15,5,4.99417,-3.61725,0.000583183,0.000583183
0.06069,1.05423e-14,5,4.99453,-3.61726,0.00054701,0.00054701
0.0607,1.6815e-14,5,4.99489,-3.61723,0.000510838,0.000510838
0.06071,1.77032e-14,5,4.99525,-3.61719,0.000474666,0.000474666
0.06072,5.93489e-15,5,4.99562,-3.61712,0.000438495,0.000438495
0.06073,5.10226e-15,5,4.99598,-3.61703,0.000402324,0.000402324
0.06074,5.71291e-15,5,4.99634,-3.61691,0.000366155,0.000366155
0.06075,1.46503e-14,5,4.9967,-3.61677,0.000329988,0.000329988
0.06076,-1.05935e-15,5,4.99706,-3.6166,0.000293822,0.000293822
0.06077,5.82409e-15,5,4.99742,-3.61641,0.000257657,0.000257657
0.06078,3.6037e-15,5,4.99779,-3.6162,0.000221495,0.000221495
0.06079,1.7164e-15,5,4.99815,-3.61596,0.000185336,0.000185336
0.0608,1.54994e-15,5,4.99851,-3.6157,0.000149179,0.000149179
0.06081,3.27087e-15,5,4.99887,-3.61541,0.000113025,0.000113025
0.06082,7.17445e-16,5,4.99923,-3.6151,7.68738e-05,7.68738e-05
0.06083,5.51008e-16,5,4.99959,-3.61477,4.07261e-05,4.07261e-05
0.06084,-3.92578e-16,5,4.99995,-3.61441,4.58205e-06,4.58205e-06
0.06085,-9.47579e-16,5,5.00032,-3.61403,-3.15582e-05,-3.15582e-05
0.06086,-1.66911e-15,5,5.00068,-3.61362,-6.76944e-05,-6.76944e-05
0.06087,-2.7237e-15,5,5.00104,-3.61319,-0.000103826,-0.000103826
0.06088,-3.66725e-15,5,5.0014,-3.61273,-0.000139954,-0.000139954
0.06089,-3.33405e-15,5,5.00176,-3.61226,-0.000176076,-0.000176076
0.0609,-2.88982e-15,5,5.00212,-3.61175,-0.000212194,-0.000212194
0.06091,-6.60892e-15,5,5.00248,-3.61123,-0.000248306,-0.000248306
0.06092,-3.8332e-15,5,5.00284,-3.61068,-0.000284413,-0.000284413
0.06093,-1.16046e-14,5,5.00321,-3.6101,-0.000320514,-0.000320514
0.06094,-9.21745e-15,5,5.00357,-3.6095,-0.000356609,-0.000356609
0.06095,-1.25479e-14,5,5.00393,-3.60888,-0.000392698,-0.000392698
0.06096,-6.66358e-15,5,5.00429,-3.60823,-0.00042878,-0.00042878
0.06097,-1.68774e-14,5,5.00465,-3.60756,-0.000464856,-0.000464856
0.06098,-1.62666e-14,5,5.00501,-3.60687,-0.000500924,-0.000500924
0.06099,-1.83758e-14,5,5.00537,-3.60615,-0.000536986,-0.000536986
0.061,-1.28245e-14,5,5.00573,-3.60541,-0.00057304,-0.00057304
0.06101,-1.52668e-14,5,5.00609,-3.60464,-0.000609086,-0.000609086
0.06102,-1.78201e-14,5,5.00645,-3.60385,-0.000645125,-0.000645125
0.06103,-2.99837e-15,5,5.00681,-3.60304,-0.000681155,-0.000681155
0.06104,-7.66107e-15,5,5.00717,-3.6022,-0.000717177,-0.000717177
0.06105,-1.67091e-14,5,5.00753,-3.60133,-0.00075319,-0.00075319
0.06106,-1.25456e-14,5,5.00789,-3.60045,-0.000789195,-0.000789195
0.06107,-1.78744e-14,5,5.00825,-3.59954,-0.00082519,-0.00082519
0.06108,-2.45354e-14,5,5.00861,-3.5986,-0.000861176,-0.000861176
0.06109,-2.19817e-14,5,5.00897,-3.59765,-0.000897153,-0.000897153
0.0611,-2.58117e-14,5,5.00933,-3.59666,-0.000933119,-0.000933119
0.06111,-2.06488e-14,5,5.00969,-3.59566,-0.000969076,-0.000969076
0.06112,-1.73179e-14,5,5.01005,-3.59463,-0.00100502,-0.00100502
0.06113,-2.40344e-14,5,5.01041,-3.59358,-0.00104096,-0.00104096
0.06114,-1.84275e-14,5,5.01077,-3.5925,-0.00107688,-0.00107688
0.06115,-1.83162e-14,5,5.01113,-3.5914,-0.0011128,-0.0011128
0.06116,-2.48662e-14,5,5.01149,-3.59027,-0.0011487,-0.0011487
0.06117,-2.27009e-14,5,5.01185,-3.58912,-0.00118459,-0.00118459
0.06118,-3.66894e-14,5,5.0122,-3.58795,-0.00122047,-0.00122047
0.06119,-3.24147e-14,5,5.01256,-3.58676,-0.00125634,-0.00125634
0.0612,-3.00829e-14,5,5.01292,-3.58554,-0.00129219,-0.00129219
0.06121,-4.71394e-15,5,5.01328,-3.58429,-0.00132804,-0.00132804
0.06122,-4.27387e-14,5,5.01364,-3.58302,-0.00136387,-0.00136387
0.06123,-2.92492e-14,5,5.014,-3.58173,-0.00139968,-0.00139968
0.06124,-3.16913e-14,5,5.01435,-3.58042,-0.00143549,-0.00143549
0.06125,-5.82807e-14,5,5.01471,-3.57908,-0.00147128,-0.00147128
0.06126,-1.2704e-15,5,5.01507,-3.57772,-0.00150706,-0.00150706
0.06127,-6.09949e-15,5,5.01543,-3.57633,-0.00154282,-0.00154282
0.06128,-4.5512e-14,5,5.01579,-3.57492,-0.00157857,-0.00157857
0.06129,-6.14988e-14,5,5.01614,-3.57349,-0.0016143,-0.0016143
0.0613,-2.20855e-14,5,5.0165,-3.57203,-0.00165002,-0.00165002
0.06131,-3.47971e-14,5,5.01686,-3.57055,-0.00168573,-0.00168573
0.06132,-3.44636e-14,5,5.01721,-3.56904,-0.00172142,-0.00172142
0.06133,-3.89041e-14,5,5.01757,-3.56752,-0.00175709,-0.00175709
0.06134,-3.50179e-14,5,5.01793,-3.56596,-0.00179275,-0.00179275
0.06135,-3.57946e-14,5,5.01828,-3.56439,-0.0018284,-0.0018284
0.06136,-2.34152e-14,5,5.01864,-3.56279,-0.00186403,-0.00186403
0.06137,-6.30497e-14,5,5.019,-3.56117,-0.00189964,-0.00189964
0.06138,-4.684e-14,5,5.01935,-3.55952,-0.00193523,-0.00193523
0.06139,-6.37149e-14,5,5.01971,-3.55785,-0.00197081,-0.00197081
0.0614,-5.79968e-14,5,5.02006,-3.55616,-0.00200637,-0.00200637
0.06141,-5.69416e-14,5,5.02042,-3.55444,-0.00204192,-0.00204192
0.06142,-5.70521e-14,5,5.02077,-3.5527,-0.00207744,-0.00207744
0.06143,-5.25552e-14,5,5.02113,-3.55094,-0.00211295,-0.00211295
0.06144,-6.36569e-14,5,5.02148,-3.54915,-0.00214845,-0.00214845
0.06145,-5.12774e-14,5,5.02184,-3.54734,-0.00218392,-0.00218392
0.06146,-3.11264e-14,5,5.02219,-3.54551,-0.00221937,-0.00221937
0.06147,-4.47261e-14,5,5.02255,-3.54365,-0.00225481,-0.00225481
0.06148,-4.60578e-14,5,5.0229,-3.54177,-0.00229023,-0.00229023
0.06149,-4.37813e-14,5,5.02326,-3.53986,-0.00232563,-0.00232563
0.0615,-4.38363e-14,5,5.02361,-3.53794,-0.00236101,-0.00236101
0.06151,-5.02196e-14,5,5.02396,-3.53598,-0.00239637,-0.00239637
0.06152,-3.60082e-14,5,5.02432,-3.53401,-0.00243171,-0.00243171
0.06153,-5.71573e-14,5,5.02467,-3.53201,-0.00246703,-0.00246703
0.06154,-5.36041e-14,5,5.02502,-3.52999,-0.00250233,-0.00250233
0.06155,-4.83299e-14,5,5.02538,-3.52795,-0.00253761,-0.00253761
0.06156,-6.19851e-14,5,5.02573,-3.52588,-0.00257286,-0.00257286
0.06157,-8.43e-14,5,5.02608,-3.52379,-0.0026081,-0.0026081
0.06158,-4.59412e-14,5,5.02643,-3.52167,-0.00264332,-0.00264332
0.06159,-1.02729e-13,5,5.02679,-3.51954,-0.00267851,-0.00267851
0.0616,-9.53449e-14,5,5.02714,-3.51737,-0.00271369,-0.00271369
0.06161,-8.96267e-14,5,5.02749,-3.51519,-0.00274884,-0.00274884
0.06162,-9.21796e-14,5,5.02784,-3.51298,-0.00278397,-0.00278397
0.06163,-5.04901e-14,5,5.02819,-3.51075,-0.00281908,-0.00281908
0.06164,-8.02989e-14,5,5.02854,-3.5085,-0.00285416,-0.00285416
0.06165,-1.24374e-13,5,5.02889,-3.50622,-0.00288922,-0.00288922
0.06166,-1.23374e-13,5,5.02924,-3.50392,-0.00292426,-0.00292426
0.06167,-7.23589e-14,5,5.02959,-3.5016,-0.00295928,-0.00295928
0.06168,-7.76318e-14,5,5.02994,-3.49925,-0.00299427,-0.00299427
0.06169,-7.29127e-14,5,5.03029,-3.49688,-0.00302924,-0.00302924
0.0617,-1.03221e-13,5,5.03064,-3.49449,-0.00306419,-0.00306419
0.06171,-9.74473e-14,5,5.03099,-3.49208,-0.00309911,-0.00309911
0.06172,-3.92709e-14,5,5.03134,-3.48964,-0.003134,-0.003134
0.06173,-8.03485e-14,5,5.03169,-3.48718,-0.00316888,-0.00316888
0.06174,-2.9111e-14,5,5.03204,-3.48469,-0.00320372,-0.00320372
0.06175,-3.2774e-14,5,5.03239,-3.48219,-0.00323854,-0.00323854
0.06176,-6.56914e-14,5,5.03273,-3.47966,-0.00327334,-0.00327334
0.06177,-9.99411e-14,5,5.03308,-3.4771,-0.00330811,-0.00330811
0.06178,-4.83705e-14,5,5.03343,-3.47453,-0.00334286,-0.00334286
0.06179,-1.05879e-13,5,5.03378,-3.47193,-0.00337758,-0.00337758
0.0618,-6.71318e-14,5,5.03412,-3.46931,-0.00341227,-0.00341227
0.06181,-6.55768e-14,5,5.03447,-3.46666,-0.00344694,-0.00344694
0.06182,-6.18013e-14,5,5.03482,-3.46399,-0.00348158,-0.00348158
0.06183,-7.10709e-14,5,5.03516,-3.4613,-0.00351619,-0.00351619
0.06184,-4.94208e-14,5,5.03551,-3.45859,-0.00355077,-0.00355077
0.06185,-6.4297e-14,5,5.03585,-3.45585,-0.00358533,-0.00358533
0.06186,-1.03394e-14,5,5.0362,-3.4531,-0.00361986,-0.00361986
0.06187,-6.42955e-14,5,5.03654,-3.45031,-0.00365437,-0.00365437
0.06188,-5.93542e-14,5,5.03689,-3.44751,-0.00368884,-0.00368884
0.06189,-1.10701e-13,5,5.03723,-3.44468,-0.00372329,-0.00372329
0.0619,-1.04095e-13,5,5.03758,-3.44183,-0.00375771,-0.00375771
0.06191,-3.64257e-14,5,5.03792,-3.43896,-0.0037921,-0.0037921
0.06192,-7.30067e-14,5,5.03826,-3.43607,-0.00382646,-0.00382646
0.06193,-9.26014e-14,5,5.03861,-3.43315,-0.00386079,-0.00386079
0.06194,-8.56061e-14,5,5.03895,-3.43021,-0.00389509,-0.00389509
0.06195,-9.67076e-14,5,5.03929,-3.42725,-0.00392936,-0.00392936
0.06196,-5.48513e-14,5,5.03964,-3.42426,-0.00396361,-0.00396361
0.06197,-5.71819e-14,5,5.03998,-3.42126,-0.00399782,-0.00399782
0.06198,-8.49367e-14,5,5.04032,-3.41823,-0.004032,-0.004032
0.06199,-6.02889e-14,5,5.04066,-3.41517,-0.00406615,-0.00406615
0.062,-7.35552e-14,5,5.041,-3.4121,-0.00410027,-0.00410027
0.06201,-9.94225e-14,5,5.04134,-3.409,-0.00413436,-0.00413436
0.06202,-5.31809e-14,5,5.04168,-3.40588,-0.00416842,-0.00416842
0.06203,-7.53844e-14,5,5.04202,-3.40274,-0.00420245,-0.00420245
0.06204,-7.69934e-14,5,5.04236,-3.39958,-0.00423645,-0.00423645
0.06205,-8.04342e-14,5,5.0427,-3.39639,-0.00427041,-0.00427041
0.06206,-1.05913e-13,5,5.04304,-3.39318,-0.00430434,-0.00430434
0.06207,-1.14405e-13,5,5.04338,-3.38995,-0.00433824,-0.00433824
0.06208,-6.49439e-14,5,5.04372,-3.3867,-0.00437211,-0.00437211
0.06209,-8.45384e-14,5,5.04406,-3.38342,-0.00440594,-0.00440594
0.0621,-7.08817e-14,5,5.0444,-3.38012,-0.00443974,-0.00443974
0.06211,-1.46765e-13,5,5.04474,-3.3768,-0.00447351,-0.00447351
0.06212,-9.14745e-14,5,5.04507,-3.37346,-0.00450725,-0.00450725
0.06213,-8.03713e-14,5,5.04541,-3.3701,-0.00454095,-0.00454095
0.06214,-1.15731e-13,5,5.04575,-3.36671,-0.00457461,-0.00457461
0.06215,-8.41442e-14,5,5.04608,-3.3633,-0.00460825,-0.00460825
0.06216,-9.72994e-14,5,5.04642,-3.35987,-0.00464185,-0.00464185
0.06217,-1.50978e-13,5,5.04675,-3.35642,-0.00467541,-0.00467541
0.06218,-6.82096e-14,5,5.04709,-3.35294,-0.00470894,-0.00470894
0.06219,-6.78201e-14,5,5.04742,-3.34945,-0.00474243,-0.00474243
0.0622,-1.3904e-13,5,5.04776,-3.34593,-0.00477589,-0.00477589
0.06221,-9.82937e-14,5,5.04809,-3.34239,-0.00480932,-0.00480932
0.06222,-1.01013e-13,5,5.04843,-3.33883,-0.00484271,-0.00484271
0.06223,-1.29656e-13,5,5.04876,-3.33524,-0.00487606,-0.00487606
0.06224,-5.11618e-14,5,5.04909,-3.33164,-0.00490937,-0.00490937
0.06225,-1.28044e-13,5,5.04943,-3.32801,-0.00494265,-0.00494265
0.06226,-5.19924e-14,5,5.04976,-3.32436,-0.0049759,-0.0049759
0.06227,-8.12458e-14,5,5.05009,-3.32069,-0.0050091,-0.0050091
0.06228,-7.38617e-14,5,5.05042,-3.31699,-0.00504227,-0.00504227
0.06229,-1.69839e-13,5,5.05075,-3.31328,-0.00507541,-0.00507541
0.0623,-5.25434e-14,5,5.05109,-3.30954,-0.0051085,-0.0051085
0.06231,-8.49053e-14,5,5.05142,-3.30578,-0.00514156,-0.00514156
0.06232,-5.96467e-14,5,5.05175,-3.302,-0.00517458,-0.00517458
0.06233,-1.08051e-13,5,5.05208,-3.2982,-0.00520756,-0.00520756
0.06234,-1.83443e-14,5,5.05241,-3.29438,-0.00524051,-0.00524051
0.06235,-2.01974e-13,5,5.05273,-3.29053,-0.00527341,-0.00527341
0.06236,-4.4821e-14,5,5.05306,-3.28667,-0.00530628,-0.00530628
0.06237,-1.81433e-13,5,5.05339,-3.28278,-0.00533911,-0.00533911
0.06238,-1.07047e-13,5,5.05372,-3.27887,-0.0053719,-0.0053719
0.06239,-1.1082e-13,5,5.05405,-3.27494,-0.00540464,-0.00540464
0.0624,-1.3863e-13,5,5.05437,-3.27099,-0.00543735,-0.00543735
0.06241,-1.34133e-13,5,5.0547,-3.26702,-0.00547002,-0.00547002
0.06242,-3.89302e-14,5,5.05503,-3.26302,-0.00550265,-0.00550265
0.06243,-1.33576e-13,5,5.05535,-3.259,-0.00553525,-0.00553525
0.06244,-1.28023e-13,5,5.05568,-3.25497,-0.00556779,-0.00556779
0.06245,-7.10123e-14,5,5.056,-3.25091,-0.0056003,-0.0056003
0.06246,-2.36823e-13,5,5.05633,-3.24683,-0.00563277,-0.00563277
0.06247,-2.15283e-13,5,5.05665,-3.24273,-0.0056652,-0.0056652
0.06248,-4.89154e-14,5,5.05698,-3.23861,-0.00569759,-0.00569759
0.06249,-1.19247e-13,5,5.0573,-3.23446,-0.00572993,-0.00572993
0.0625,-1.23465e-13,5,5.05762,-3.2303,-0.00576223,-0.00576223
0.06251,-2.11393e-13,5,5.05794,-3.22611,-0.00579449,-0.00579449
0.06252,-7.61112e-14,5,5.05827,-3.22191,-0.00582671,-0.00582671
0.06253,-9.0654e-14,5,5.05859,-3.21768,-0.00585889,-0.00585889
0.06254,-1.71199e-13,5,5.05891,-3.21343,-0.00589102,-0.00589102
0.06255,-2.31761e-13,5,5.05923,-3.20916,-0.00592312,-0.00592312
0.06256,-7.07219e-14,5,5.05955,-3.20487,-0.00595516,-0.00595516
0.06257,-1.66477e-13,5,5.05987,-3.20056,-0.00598717,-0.00598717
0.06258,-8.57075e-14,5,5.06019,-3.19622,-0.00601913,-0.00601913
0.06259,-7.52147e-14,5,5.06051,-3.19187,-0.00605105,-0.00605105
0.0626,-1.52374e-13,5,5.06083,-3.1875,-0.00608293,-0.00608293
0.06261,-2.18764e-13,5,5.06115,-3.1831,-0.00611476,-0.00611476
0.06262,-1.73799e-13,5,5.06147,-3.17869,-0.00614654,-0.00614654
0.06263,-2.56065e-13,5,5.06178,-3.17425,-0.00617829,-0.00617829
0.06264,-2.47182e-13,5,5.0621,-3.16979,-0.00620998,-0.00620998
0.06265,-2.67942e-13,5,5.06242,-3.16532,-0.00624164,-0.00624164
0.06266,1.79972e-14,5,5.06273,-3.16082,-0.00627325,-0.00627325
0.06267,-7.44276e-14,5,5.06305,-3.1563,-0.00630481,-0.00630481
0.06268,-9.13018e-14,5,5.06336,-3.15176,-0.00633633,-0.00633633
0.06269,-1.45146e-13,5,5.06368,-3.1472,-0.0063678,-0.0063678
0.0627,-1.18833e-13,5,5.06399,-3.14262,-0.00639922,-0.00639922
0.06271,-2.34406e-13,5,5.06431,-3.13802,-0.0064306,-0.0064306
0.06272,-2.57164e-13,5,5.06462,-3.1334,-0.00646194,-0.00646194
0.06273,-1.77671e-13,5,5.06493,-3.12876,-0.00649323,-0.00649323
0.06274,-9.81774e-14,5,5.06524,-3.12409,-0.00652447,-0.00652447
0.06275,-1.18771e-13,5,5.06556,-3.11941,-0.00655566,-0.00655566
0.06276,-2.24019e-13,5,5.06587,-3.11471,-0.00658681,-0.00658681
0.06277,-1.69061e-13,5,5.06618,-3.10999,-0.00661791,-0.00661791
0.06278,-1.61566e-13,5,5.06649,-3.10524,-0.00664896,-0.00664896
0.06279,-6.6252e-14,5,5.0668,-3.10048,-0.00667997,-0.00667997
0.0628,-2.00699e-13,5,5.06711,-3.0957,-0.00671092,-0.00671092
0.06281,-8.44014e-14,5,5.06742,-3.09089,-0.00674183,-0.00674183
0.06282,-2.58261e-13,5,5.06773,-3.08607,-0.00677269,-0.00677269
0.06283,-1.04579e-14,5,5.06804,-3.08122,-0.0068035,-0.0068035
0.06284,-1.0527e-13,5,5.06834,-3.07636,-0.00683427,-0.00683427
0.06285,-5.4198e-14,5,5.06865,-3.07148,-0.00686498,-0.00686498
0.06286,-1.62665e-13,5,5.06896,-3.06657,-0.00689565,-0.00689565
0.06287,-1.65717e-13,5,5.06926,-3.06165,-0.00692626,-0.00692626
0.06288,-1.37516e-13,5,5.06957,-3.05671,-0.00695683,-0.00695683
0.06289,-1.50005e-13,5,5.06987,-3.05174,-0.00698735,-0.00698735
0.0629,-1.59607e-13,5,5.07018,-3.04676,-0.00701782,-0.00701782
0.06291,-2.34601e-13,5,5.07048,-3.04176,-0.00704823,-0.00704823
0.06292,-9.99295e-14,5,5.07079,-3.03673,-0.0070786,-0.0070786
0.06293,-4.73035e-14,5,5.07109,-3.03169,-0.00710892,-0.00710892
0.06294,-1.38784e-13,5,5.07139,-3.02663,-0.00713918,-0.00713918
0.06295,-2.07395e-13,5,5.07169,-3.02155,-0.0071694,-0.0071694
0.06296,-8.39366e-14,5,5.072,-3.01645,-0.00719956,-0.00719956
0.06297,-5.21273e-14,5,5.0723,-3.01132,-0.00722968,-0.00722968
0.06298,-1.66423e-13,5,5.0726,-3.00618,-0.00725974,-0.00725974
0.06299,-1.38222e-13,5,5.0729,-3.00102,-0.00728975,-0.00728975
0.063,-1.31615e-13,5,5.0732,-2.99585,-0.00731971,-0.00731971
0.06301,-8.1487e-14,5,5.0735,-2.99065,-0.00734962,-0.00734962
0.06302,-1.48154e-13,5,5.07379,-2.98543,-0.00737947,-0.00737947
0.06303,-1.48986e-13,5,5.07409,-2.98019,-0.00740927,-0.00740927
0.06304,-1.29263e-14,5,5.07439,-2.97493,-0.00743902,-0.00743902
0.06305,-1.21949e-13,5,5.07469,-2.96966,-0.00746872,-0.00746872
0.06306,-1.73795e-13,5,5.07498,-2.96436,-0.00749836,-0.00749836
0.06307,-9.18032e-14,5,5.07528,-2.95905,-0.00752795,-0.00752795
0.06308,-1.38376e-13,5,5.07557,-2.95371,-0.00755749,-0.00755749
0.06309,-2.33076e-13,5,5.07587,-2.94836,-0.00758697,-0.00758697
0.0631,-1.79673e-13,5,5.07616,-2.94299,-0.0076164,-0.0076164
0.06311,-2.34905e-13,5,5.07646,-2.9376,-0.00764578,-0.00764578
0.06312,-1.98821e-13,5,5.07675,-2.93219,-0.0076751,-0.0076751
0.06313,-9.70123e-14,5,5.07704,-2.92676,-0.00770437,-0.00770437
0.06314,-1.80444e-13,5,5.07734,-2.92131,-0.00773358,-0.00773358
0.06315,-1.29816e-13,5,5.07763,-2.91584,-0.00776274,-0.00776274
0.06316,-1.92376e-13,5,5.07792,-2.91036,-0.00779184,-0.00779184
0.06317,-1.58735e-13,5,5.07821,-2.90485,-0.00782089,-0.00782089
0.06318,-1.58733e-13,5,5.0785,-2.89933,-0.00784988,-0.00784988
0.06319,-9.28398e-14,5,5.07879,-2.89379,-0.00787882,-0.00787882
0.0632,-8.72316e-14,5,5.07908,-2.88823,-0.0079077,-0.0079077
0.06321,-1.52289e-13,5,5.07937,-2.88265,-0.00793653,-0.00793653
0.06322,-6.93539e-14,5,5.07965,-2.87705,-0.0079653,-0.0079653
0.06323,-1.86203e-13,5,5.07994,-2.87144,-0.00799402,-0.00799402
0.06324,-1.66773e-13,5,5.08023,-2.8658,-0.00802267,-0.00802267
0.06325,-2.41434e-13,5,5.08051,-2.86015,-0.00805128,-0.00805128
0.06326,-1.84145e-13,5,5.0808,-2.85447,-0.00807982,-0.00807982
0.06327,-2.21613e-13,5,5.08108,-2.84878,-0.00810831,-0.00810831
0.06328,-2.3771e-13,5,5.08137,-2.84308,-0.00813674,-0.00813674
0.06329,-1.14418e-13,5,5.08165,-2.83735,-0.00816511,-0.00816511
0.0633,-7.30605e-14,5,5.08193,-2.8316,-0.00819343,-0.00819343
0.06331,-2.19331e-13,5,5.08222,-2.82584,-0.00822169,-0.00822169
0.06332,-8.8767e-14,5,5.0825,-2.82006,-0.00824989,-0.00824989
0.06333,-2.38257e-13,5,5.08278,-2.81426,-0.00827803,-0.00827803
0.06334,-1.99564e-13,5,5.08306,-2.80844,-0.00830611,-0.00830611
0.06335,-1.84907e-13,5,5.08334,-2.8026,-0.00833414,-0.00833414
0.06336,-6.35029e-14,5,5.08362,-2.79675,-0.00836211,-0.00836211
0.06337,-4.40724e-14,5,5.0839,-2.79088,-0.00839002,-0.00839002
0.06338,-2.19542e-13,5,5.08418,-2.78499,-0.00841787,-0.00841787
0.06339,-1.12847e-13,5,5.08446,-2.77908,-0.00844566,-0.00844566
0.0634,-2.68221e-13,5,5.08473,-2.77315,-0.00847339,-0.00847339
0.06341,-9.12503e-14,5,5.08501,-2.76721,-0.00850106,-0.00850106
0.06342,-1.22612e-13,5,5.08529,-2.76124,-0.00852867,-0.00852867
0.06343,-2.18978e-13,5,5.08556,-2.75527,-0.00855623,-0.00855623
0.06344,-2.35463e-13,5,5.08584,-2.74927,-0.00858372,-0.00858372
0.06345,-2.5267e-13,5,5.08611,-2.74325,-0.00861115,-0.00861115
0.06346,-1.22051e-13,5,5.08639,-2.73722,-0.00863852,-0.00863852
0.06347,-1.48028e-13,5,5.08666,-2.73117,-0.00866583,-0.00866583
0.06348,-6.49263e-14,5,5.08693,-2.7251,-0.00869309,-0.00869309
0.06349,-1.73671e-13,5,5.0872,-2.71902,-0.00872028,-0.00872028
0.0635,-2.04978e-13,5,5.08747,-2.71291,-0.00874741,-0.00874741
0.06351,-2.29012e-13,5,5.08774,-2.70679,-0.00877447,-0.00877447
0.06352,-8.66244e-14,5,5.08801,-2.70066,-0.00880148,-0.00880148
0.06353,-2.99341e-13,5,5.08828,-2.6945,-0.00882842,-0.00882842
0.06354,-2.49824e-13,5,5.08855,-2.68833,-0.00885531,-0.00885531
0.06355,-1.14874e-13,5,5.08882,-2.68214,-0.00888213,-0.00888213
0.06356,-2.97116e-13,5,5.08909,-2.67593,-0.00890889,-0.00890889
0.06357,-2.87677e-13,5,5.08936,-2.66971,-0.00893559,-0.00893559
0.06358,-2.5831e-13,5,5.08962,-2.66347,-0.00896222,-0.00896222
0.06359,-1.51671e-13,5,5.08989,-2.65721,-0.00898879,-0.00898879
0.0636,-2.49647e-13,5,5.09015,-2.65093,-0.0090153,-0.0090153
0.06361,-2.64078e-13,5,5.09042,-2.64464,-0.00904175,-0.00904175
0.06362,-2.46202e-13,5,5.09068,-2.63833,-0.00906813,-0.00906813
0.06363,-1.31791e-13,5,5.09094,-2.632,-0.00909445,-0.00909445
0.06364,-3.09703e-13,5,5.09121,-2.62566,-0.00912071,-0.00912071
0.06365,-2.57687e-13,5,5.09147,-2.6193,-0.0091469,-0.0091469
0.06366,-2.47527e-13,5,5.09173,-2.61293,-0.00917303,-0.00917303
0.06367,-3.22021e-13,5,5.09199,-2.60653,-0.0091991,-0.0091991
0.06368,-6.74451e-14,5,5.09225,-2.60012,-0.0092251,-0.0092251
0.06369,-2.05555e-13,5,5.09251,-2.5937,-0.00925103,-0.00925103
0.0637,-2.05498e-13,5,5.09277,-2.58725,-0.00927691,-0.00927691
0.06371,-1.03577e-13,5,5.09303,-2.58079,-0.00930271,-0.00930271
0.06372,-1.61474e-13,5,5.09328,-2.57432,-0.00932846,-0.00932846
0.06373,-1.84787e-13,5,5.09354,-2.56782,-0.00935414,-0.00935414
0.06374,-3.18289e-13,5,5.0938,-2.56131,-0.00937975,-0.00937975
0.06375,-1.36821e-13,5,5.09405,-2.55479,-0.0094053,-0.0094053
0.06376,-3.50426e-13,5,5.09431,-2.54825,-0.00943078,-0.00943078
0.06377,-3.0324e-13,5,5.09456,-2.54169,-0.0094562,-0.0094562
0.06378,-2.47394e-13,5,5.09482,-2.53511,-0.00948155,-0.00948155
0.06379,-2.05814e-13,5,5.09507,-2.52852,-0.00950683,-0.00950683
0.0638,-1.99984e-13,5,5.09532,-2.52192,-0.00953205,-0.00953205
0.06381,-2.49665e-13,5,5.09557,-2.51529,-0.0095572,-0.0095572
0.06382,-2.59488e-13,5,5.09582,-2.50865,-0.00958229,-0.00958229
0.06383,-1.3231e-13,5,5.09607,-2.502,-0.00960731,-0.00960731
0.06384,-2.24124e-13,5,5.09632,-2.49533,-0.00963226,-0.00963226
0.06385,-9.37264e-14,5,5.09657,-2.48864,-0.00965715,-0.00965715
0.06386,-2.07689e-13,5,5.09682,-2.48194,-0.00968197,-0.00968197
0.06387,-1.21423e-13,5,5.09707,-2.47522,-0.00970672,-0.00970672
0.06388,-2.98446e-13,5,5.09731,-2.46848,-0.00973141,-0.00973141
0.06389,-1.77319e-13,5,5.09756,-2.46173,-0.00975602,-0.00975602
0.0639,-1.04708e-13,5,5.09781,-2.45497,-0.00978057,-0.00978057
0.06391,-3.1204e-13,5,5.09805,-2.44819,-0.00980506,-0.00980506
0.06392,-2.33046e-13,5,5.09829,-2.44139,-0.00982947,-0.00982947
0.06393,-2.09841e-13,5,5.09854,-2.43458,-0.00985382,-0.00985382
0.06394,-2.41591e-13,5,5.09878,-2.42775,-0.00987809,-0.00987809
0.06395,-2.12446e-13,5,5.09902,-2.42091,-0.0099023,-0.0099023
0.06396,-2.32317e-13,5,5.09926,-2.41405,-0.00992644,-0.00992644
0.06397,-1.82133e-13,5,5.09951,-2.40717,-0.00995051,-0.00995051
0.06398,-2.8244e-13,5,5.09975,-2.40028,-0.00997452,-0.00997452
0.06399,-1.83739e-13,5,5.09998,-2.39338,-0.00999845,-0.00999845
0.064,-1.03634e-13,5,5.10022,-2.38646,-0.0100223,-0.0100223
0.06401,-2.58009e-13,5,5.10046,-2.37952,-0.0100461,-0.0100461
0.06402,-1.79126e-13,5,5.1007,-2.37257,-0.0100698,-0.0100698
0.06403,-3.07355e-13,5,5.10093,-2.36561,-0.0100935,-0.0100935
0.06404,-1.72016e-13,5,5.10117,-2.35862,-0.0101171,-0.0101171
0.06405,-2.10428e-13,5,5.10141,-2.35163,-0.0101406,-0.0101406
0.06406,-2.89918e-13,5,5.10164,-2.34462,-0.010164,-0.010164
0.06407,-2.76427e-13,5,5.10187,-2.33759,-0.0101874,-0.0101874
0.06408,-2.61659e-13,5,5.10211,-2.33055,-0.0102107,-0.0102107
0.06409,-3.35987e-13,5,5.10234,-2.3235,-0.010234,-0.010234
0.0641,-2.47167e-13,5,5.10257,-2.31643,-0.0102571,-0.0102571
0.06411,-3.10003e-13,5,5.1028,-2.30934,-0.0102802,-0.0102802
0.06412,-1.55458e-13,5,5.10303,-2.30224,-0.0103032,-0.0103032
0.06413,-3.22934e-13,5,5.10326,-2.29513,-0.0103262,-0.0103262
0.06414,-9.94437e-14,5,5.10349,-2.288,-0.0103491,-0.0103491
0.06415,-1.35024e-13,5,5.10372,-2.28086,-0.0103719,-0.0103719
0.06416,5.86005e-14,5,5.10395,-2.2737,-0.0103946,-0.0103946
0.06417,6.18776e-14,5,5.10417,-2.26653,-0.0104173,-0.0104173
0.06418,-8.88887e-14,5,5.1044,-2.25935,-0.0104399,-0.0104399
0.06419,-1.28355e-13,5,5.10462,-2.25215,-0.0104624,-0.0104624
0.0642,-2.44538e-13,5,5.10485,-2.24493,-0.0104848,-0.0104848
0.06421,-1.69429e-13,5,5.10507,-2.2377,-0.0105072,-0.0105072
0.06422,-8.8048e-14,5,5.1053,-2.23046,-0.0105295,-0.0105295
0.06423,-4.11787e-13,5,5.10552,-2.2232,-0.0105518,-0.0105518
0.06424,-1.86077e-13,5,5.10574,-2.21593,-0.0105739,-0.0105739
0.06425,-5.01378e-13,5,5.10596,-2.20865,-0.010596,-0.010596
0.06426,-1.73194e-13,5,5.10618,-2.20135,-0.010618,-0.010618
0.06427,-2.89099e-13,5,5.1064,-2.19404,-0.01064,-0.01064
0.06428,-1.16513e-13,5,5.10662,-2.18671,-0.0106618,-0.0106618
0.06429,-5.82243e-14,5,5.10684,-2.17937,-0.0106836,-0.0106836
0.0643,-6.097e-14,5,5.10705,-2.17202,-0.0107053,-0.0107053
0.06431,-2.97418e-13,5,5.10727,-2.16465,-0.010727,-0.010727
0.06432,-4.84238e-13,5,5.10749,-2.15727,-0.0107486,-0.0107486
0.06433,-1.09203e-13,5,5.1077,-2.14987,-0.0107701,-0.0107701
0.06434,-2.3131e-14,5,5.10791,-2.14246,-0.0107915,-0.0107915
0.06435,-1.65931e-13,5,5.10813,-2.13504,-0.0108128,-0.0108128
0.06436,-2.4878e-13,5,5.10834,-2.1276,-0.0108341,-0.0108341
0.06437,-2.08893e-13,5,5.10855,-2.12016,-0.0108553,-0.0108553
0.06438,-4.36931e-13,5,5.10876,-2.11269,-0.0108764,-0.0108764
0.06439,-1.85352e-13,5,5.10897,-2.10522,-0.0108975,-0.0108975
0.0644,-6.94704e-14,5,5.10918,-2.09773,-0.0109185,-0.0109185
0.06441,-2.48603e-13,5,5.10939,-2.09023,-0.0109394,-0.0109394
0.06442,-1.98641e-13,5,5.1096,-2.08271,-0.0109602,-0.0109602
0.06443,-7.62365e-14,5,5.10981,-2.07518,-0.0109809,-0.0109809
0.06444,-2.64112e-13,5,5.11002,-2.06764,-0.0110016,-0.0110016
0.06445,-2.34245e-13,5,5.11022,-2.06009,-0.0110222,-0.0110222
0.06446,-1.3943e-13,5,5.11043,-2.05252,-0.0110427,-0.0110427
0.06447,-3.58502e-13,5,5.11063,-2.04494,-0.0110632,-0.0110632
0.06448,-1.32209e-13,5,5.11084,-2.03735,-0.0110836,-0.0110836
0.06449,-6.42057e-14,5,5.11104,-2.02974,-0.0111039,-0.0111039
0.0645,-3.0218e-13,5,5.11124,-2.02213,-0.0111241,-0.0111241
0.06451,-8.2992e-14,5,5.11144,-2.01449,-0.0111442,-0.0111442
0.06452,-2.33952e-13,5,5.11164,-2.00685,-0.0111643,-0.0111643
0.06453,-2.1677e-13,5,5.11184,-1.99919,-0.0111843,-0.0111843
0.06454,-1.74052e-13,5,5.11204,-1.99153,-0.0112042,-0.0112042
0.06455,-1.9895e-14,5,5.11224,-1.98384,-0.0112241,-0.0112241
0.06456,-1.21756e-13,5,5.11244,-1.97615,-0.0112438,-0.0112438
0.06457,6.3598e-14,5,5.11263,-1.96845,-0.0112635,-0.0112635
0.06458,-5.11051e-13,5,5.11283,-1.96073,-0.0112831,-0.0112831
0.06459,6.42685e-14,5,5.11303,-1.953,-0.0113026,-0.0113026
0.0646,-1.64741e-13,5,5.11322,-1.94525,-0.0113221,-0.0113221
0.06461,-1.95159e-13,5,5.11341,-1.9375,-0.0113415,-0.0113415
0.06462,-1.59824e-13,5,5.11361,-1.92973,-0.0113608,-0.0113608
0.06463,-4.17698e-13,5,5.1138,-1.92195,-0.01138,-0.01138
0.06464,-1.89712e-13,5,5.11399,-1.91416,-0.0113991,-0.0113991
0.06465,-5.98415e-14,5,5.11418,-1.90636,-0.0114182,-0.0114182
0.06466,-1.56068e-13,5,5.11437,-1.89855,-0.0114372,-0.0114372
0.06467,-3.77888e-13,5,5.11456,-1.89072,-0.0114561,-0.0114561
0.06468,-3.96233e-13,5,5.11475,-1.88288,-0.0114749,-0.0114749
0.06469,-3.35557e-13,5,5.11494,-1.87503,-0.0114937,-0.0114937
0.0647,-9.18606e-14,5,5.11512,-1.86717,-0.0115123,-0.0115123
0.06471,-2.42044e-13,5,5.11531,-1.8593,-0.0115309,-0.0115309
0.06472,-2.24972e-13,5,5.11549,-1.85141,-0.0115494,-0.0115494
0.06473,-3.87895e-13,5,5.11568,-1.84352,-0.0115679,-0.0115679
0.06474,-1.67458e-13,5,5.11586,-1.83561,-0.0115862,-0.0115862
0.06475,-3.63299e-13,5,5.11605,-1.82769,-0.0116045,-0.0116045
0.06476,-4.09788e-13,5,5.11623,-1.81976,-0.0116227,-0.0116227
0.06477,-4.22192e-13,5,5.11641,-1.81182,-0.0116408,-0.0116408
0.06478,-6.00073e-14,5,5.11659,-1.80386,-0.0116589,-0.0116589
0.06479,-3.45777e-13,5,5.11677,-1.7959,-0.0116768,-0.0116768
0.0648,-4.81943e-13,5,5.11695,-1.78792,-0.0116947,-0.0116947
0.06481,-3.52073e-13,5,5.11712,-1.77994,-0.0117125,-0.0117125
0.06482,-2.93201e-13,5,5.1173,-1.77194,-0.0117302,-0.0117302
0.06483,4.06732e-14,5,5.11748,-1.76393,-0.0117479,-0.0117479
0.06484,-3.67443e-13,5,5.11765,-1.75591,-0.0117654,-0.0117654
0.06485,-3.24027e-14,5,5.11783,-1.74788,-0.0117829,-0.0117829
0.06486,-1.96602e-13,5,5.118,-1.73984,-0.0118003,-0.0118003
0.06487,-5.47415e-14,5,5.11818,-1.73179,-0.0118176,-0.0118176
0.06488,-3.92275e-13,5,5.11835,-1.72373,-0.0118348,-0.0118348
0.06489,-4.01876e-13,5,5.11852,-1.71566,-0.011852,-0.011852
0.0649,-1.84742e-13,5,5.11869,-1.70757,-0.0118691,-0.0118691
0.06491,-2.95651e-13,5,5.11886,-1.69948,-0.0118861,-0.0118861
0.06492,-1.51542e-13,5,5.11903,-1.69137,-0.011903,-0.011903
0.06493,-7.78207e-14,5,5.1192,-1.68326,-0.0119198,-0.0119198
0.06494,-1.71355e-13,5,5.11937,-1.67513,-0.0119366,-0.0119366
0.06495,-5.28206e-13,5,5.11953,-1.667,-0.0119532,-0.0119532
0.06496,-3.33748e-13,5,5.1197,-1.65885,-0.0119698,-0.0119698
0.06497,-1.3657e-13,5,5.11986,-1.6507,-0.0119863,-0.0119863
0.06498,-2.96257e-14,5,5.12003,-1.64253,-0.0120028,-0.0120028
0.06499,-3.32131e-13,5,5.12019,-1.63435,-0.0120191,-0.0120191
0.065,-4.5281e-13,5,5.12035,-1.62617,-0.0120354,-0.0120354
0.06501,-2.54217e-13,5,5.12052,-1.61797,-0.0120515,-0.0120515
0.06502,-5.25704e-14,5,5.12068,-1.60977,-0.0120676,-0.0120676
0.06503,-1.63119e-13,5,5.12084,-1.60155,-0.0120837,-0.0120837
0.06504,-2.18072e-13,5,5.121,-1.59332,-0.0120996,-0.0120996
0.06505,-3.03335e-13,5,5.12115,-1.58509,-0.0121154,-0.0121154
0.06506,-2.76549e-13,5,5.12131,-1.57684,-0.0121312,-0.0121312
0.06507,5.64445e-15,5,5.12147,-1.56859,-0.0121469,-0.0121469
0.06508,-2.21866e-13,5,5.12162,-1.56032,-0.0121625,-0.0121625
0.06509,-1.31769e-13,5,5.12178,-1.55205,-0.012178,-0.012178
0.0651,-2.59886e-13,5,5.12193,-1.54377,-0.0121935,-0.0121935
0.06511,-4.59086e-13,5,5.12209,-1.53547,-0.0122088,-0.0122088
0.06512,-3.53945e-13,5,5.12224,-1.52717,-0.0122241,-0.0122241
0.06513,-2.50109e-13,5,5.12239,-1.51886,-0.0122393,-0.0122393
0.06514,-2.25044e-13,5,5.12254,-1.51054,-0.0122544,-0.0122544
0.06515,-3.55271e-13,5,5.12269,-1.50221,-0.0122694,-0.0122694
0.06516,-4.88995e-13,5,5.12284,-1.49387,-0.0122843,-0.0122843
0.06517,-2.46187e-13,5,5.12299,-1.48552,-0.0122992,-0.0122992
0.06518,-1.55285e-13,5,5.12314,-1.47717,-0.012314,-0.012314
0.06519,-5.1666e-13,5,5.12329,-1.4688,-0.0123287,-0.0123287
0.0652,-4.9276e-13,5,5.12343,-1.46042,-0.0123433,-0.0123433
0.06521,-1.5475e-13,5,5.12358,-1.45204,-0.0123578,-0.0123578
0.06522,-2.54918e-13,5,5.12372,-1.44365,-0.0123722,-0.0123722
0.06523,-4.07932e-13,5,5.12387,-1.43525,-0.0123866,-0.0123866
0.06524,-2.27546e-13,5,5.12401,-1.42684,-0.0124008,-0.0124008
0.06525,-8.74674e-15,5,5.12415,-1.41842,-0.012415,-0.012415
0.06526,-4.56593e-14,5,5.12429,-1.40999,-0.0124291,-0.0124291
0.06527,-1.76941e-13,5,5.12443,-1.40156,-0.0124431,-0.0124431
0.06528,-2.40221e-13,5,5.12457,-1.39311,-0.0124571,-0.0124571
0.06529,-2.99755e-13,5,5.12471,-1.38466,-0.0124709,-0.0124709
0.0653,-1.91644e-13,5,5.12485,-1.3762,-0.0124847,-0.0124847
0.06531,-4.33143e-13,5,5.12498,-1.36773,-0.0124984,-0.0124984
0.06532,-4.03942e-13,5,5.12512,-1.35925,-0.0125119,-0.0125119
0.06533,-1.64992e-13,5,5.12525,-1.35077,-0.0125255,-0.0125255
0.06534,-2.31187e-13,5,5.12539,-1.34227,-0.0125389,-0.0125389
0.06535,-4.34466e-13,5,5.12552,-1.33377,-0.0125522,-0.0125522
0.06536,-3.78619e-13,5,5.12565,-1.32526,-0.0125655,-0.0125655
0.06537,-3.48808e-13,5,5.12579,-1.31675,-0.0125786,-0.0125786
0.06538,-4.01957e-13,5,5.12592,-1.30822,-0.0125917,-0.0125917
0.06539,-3.66844e-13,5,5.12605,-1.29969,-0.0126047,-0.0126047
0.0654,-2.98924e-13,5,5.12618,-1.29115,-0.0126176,-0.0126176
0.06541,-2.52819e-13,5,5.1263,-1.2826,-0.0126304,-0.0126304
0.06542,-2.82377e-13,5,5.12643,-1.27404,-0.0126432,-0.0126432
0.06543,-2.13346e-13,5,5.12656,-1.26548,-0.0126558,-0.0126558
0.06544,-5.5285e-13,5,5.12668,-1.25691,-0.0126684,-0.0126684
0.06545,-2.15617e-13,5,5.12681,-1.24833,-0.0126809,-0.0126809
0.06546,-3.89393e-13,5,5.12693,-1.23974,-0.0126933,-0.0126933
0.06547,-2.14808e-13,5,5.12706,-1.23115,-0.0127056,-0.0127056
0.06548,-1.95987e-13,5,5.12718,-1.22255,-0.0127178,-0.0127178
0.06549,-3.81697e-13,5,5.1273,-1.21394,-0.01273,-0.01273
0.0655,-3.65069e-13,5,5.12742,-1.20532,-0.012742,-0.012742
0.06551,-4.20828e-13,5,5.12754,-1.1967,-0.012754,-0.012754
0.06552,-1.40688e-13,5,5.12766,-1.18807,-0.0127659,-0.0127659
0.06553,-2.5268e-13,5,5.12778,-1.17944,-0.0127777,-0.0127777
0.06554,-3.47185e-13,5,5.12789,-1.17079,-0.0127894,-0.0127894
0.06555,-2.41295e-13,5,5.12801,-1.16214,-0.012801,-0.012801
0.06556,-4.33583e-13,5,5.12813,-1.15349,-0.0128125,-0.0128125
0.06557,-2.8495e-13,5,5.12824,-1.14482,-0.012824,-0.012824
0.06558,-6.52897e-14,5,5.12835,-1.13615,-0.0128353,-0.0128353
0.06559,-4.37212e-14,5,5.12847,-1.12747,-0.0128466,-0.0128466
0.0656,-4.88724e-13,5,5.12858,-1.11879,-0.0128578,-0.0128578
0.06561,-5.31243e-13,5,5.12869,-1.1101,-0.0128689,-0.0128689
0.06562,1.62103e-14,5,5.1288,-1.1014,-0.0128799,-0.0128799
0.06563,-2.49741e-13,5,5.12891,-1.0927,-0.0128908,-0.0128908
0.06564,-2.30726e-13,5,5.12902,-1.08399,-0.0129017,-0.0129017
0.06565,-4.19462e-13,5,5.12912,-1.07527,-0.0129124,-0.0129124
0.06566,-1.71047e-13,5,5.12923,-1.06655,-0.0129231,-0.0129231
0.06567,-4.31697e-13,5,5.12934,-1.05782,-0.0129337,-0.0129337
0.06568,-3.27958e-13,5,5.12944,-1.04909,-0.0129442,-0.0129442
0.06569,-1.22634e-13,5,5.12955,-1.04035,-0.0129546,-0.0129546
0.0657,-7.7945e-14,5,5.12965,-1.0316,-0.0129649,-0.0129649
0.06571,-4.55529e-13,5,5.12975,-1.02285,-0.0129751,-0.0129751
0.06572,-3.7956e-13,5,5.12985,-1.01409,-0.0129853,-0.0129853
0.06573,-3.37855e-13,5,5.12995,-1.00533,-0.0129953,-0.0129953
0.06574,-3.62916e-13,5,5.13005,-0.996559,-0.0130053,-0.0130053
0.06575,-3.19418e-14,5,5.13015,-0.987783,-0.0130152,-0.0130152
0.06576,-5.83905e-14,5,5.13025,-0.979002,-0.0130249,-0.0130249
0.06577,-2.45752e-13,5,5.13035,-0.970215,-0.0130346,-0.0130346
0.06578,-3.96879e-13,5,5.13044,-0.961423,-0.0130443,-0.0130443
0.06579,-8.67216e-14,5,5.13054,-0.952625,-0.0130538,-0.0130538
0.0658,-4.81334e-13,5,5.13063,-0.943822,-0.0130632,-0.0130632
0.06581,-2.45104e-13,5,5.13073,-0.935013,-0.0130726,-0.0130726
0.06582,-5.43002e-13,5,5.13082,-0.926199,-0.0130818,-0.0130818
0.06583,-2.65749e-13,5,5.13091,-0.91738,-0.013091,-0.013091
0.06584,-1.22528e-13,5,5.131,-0.908556,-0.0131001,-0.0131001
0.06585,-1.39873e-13,5,5.13109,-0.899727,-0.0131091,-0.0131091
0.06586,-3.4386e-13,5,5.13118,-0.890892,-0.013118,-0.013118
0.06587,-5.32637e-13,5,5.13127,-0.882053,-0.0131268,-0.0131268
0.06588,-5.0388e-13,5,5.13136,-0.873208,-0.0131356,-0.0131356
0.06589,-5.09553e-13,5,5.13144,-0.864359,-0.0131442,-0.0131442
0.0659,-5.73708e-13,5,5.13153,-0.855505,-0.0131528,-0.0131528
0.06591,-3.78701e-14,5,5.13161,-0.846646,-0.0131612,-0.0131612
0.06592,-6.2015e-14,5,5.1317,-0.837783,-0.0131696,-0.0131696
0.06593,-2.14071e-13,5,5.13178,-0.828915,-0.0131779,-0.0131779
0.06594,-5.16272e-13,5,5.13186,-0.820042,-0.0131861,-0.0131861
0.06595,-8.08536e-14,5,5.13194,-0.811165,-0.0131942,-0.0131942
0.06596,-2.93403e-13,5,5.13202,-0.802283,-0.0132022,-0.0132022
0.06597,-4.92672e-13,5,5.1321,-0.793397,-0.0132102,-0.0132102
0.06598,-2.44354e-13,5,5.13218,-0.784506,-0.013218,-0.013218
0.06599,-4.77971e-13,5,5.13226,-0.775612,-0.0132258,-0.0132258
0.066,-3.03594e-13,5,5.13233,-0.766713,-0.0132334,-0.0132334
0.06601,3.21958e-14,5,5.13241,-0.75781,-0.013241,-0.013241
0.06602,-3.98832e-13,5,5.13248,-0.748902,-0.0132485,-0.0132485
0.06603,-2.50823e-13,5,5.13256,-0.739991,-0.0132559,-0.0132559
0.06604,3.51781e-15,5,5.13263,-0.731076,-0.0132632,-0.0132632
0.06605,-5.6286e-13,5,5.1327,-0.722157,-0.0132704,-0.0132704
0.06606,-3.75549e-13,5,5.13278,-0.713234,-0.0132776,-0.0132776
0.06607,-3.6085e-13,5,5.13285,-0.704307,-0.0132846,-0.0132846
0.06608,-3.07793e-13,5,5.13292,-0.695376,-0.0132916,-0.0132916
0.06609,-2.32475e-13,5,5.13298,-0.686442,-0.0132984,-0.0132984
0.0661,-1.5058e-13,5,5.13305,-0.677504,-0.0133052,-0.0133052
0.06611,-7.74417e-14,5,5.13312,-0.668563,-0.0133119,-0.0133119
0.06612,-2.55436e-13,5,5.13318,-0.659618,-0.0133185,-0.0133185
0.06613,-2.44484e-13,5,5.13325,-0.650669,-0.013325,-0.013325
0.06614,-2.86239e-13,5,5.13331,-0.641718,-0.0133314,-0.0133314
0.06615,-3.94706e-13,5,5.13338,-0.632763,-0.0133377,-0.0133377
0.06616,-3.56151e-13,5,5.13344,-0.623804,-0.013344,-0.013344
0.06617,-4.11285e-13,5,5.1335,-0.614843,-0.0133501,-0.0133501
0.06618,-1.18378e-13,5,5.13356,-0.605878,-0.0133562,-0.0133562
0.06619,-1.72263e-13,5,5.13362,-0.59691,-0.0133621,-0.0133621
0.0662,-3.57959e-13,5,5.13368,-0.587939,-0.013368,-0.013368
0.06621,-4.60236e-13,5,5.13374,-0.578966,-0.0133738,-0.0133738
0.06622,-3.61279e-14,5,5.1338,-0.569989,-0.0133795,-0.0133795
0.06623,-2.34078e-13,5,5.13385,-0.561009,-0.0133851,-0.0133851
0.06624,-3.83193e-13,5,5.13391,-0.552027,-0.0133906,-0.0133906
0.06625,-2.67102e-13,5,5.13396,-0.543042,-0.0133961,-0.0133961
0.06626,-3.51283e-13,5,5.13401,-0.534054,-0.0134014,-0.0134014
0.06627,-1.91422e-13,5,5.13407,-0.525064,-0.0134067,-0.0134067
0.06628,-2.52495e-13,5,5.13412,-0.516071,-0.0134118,-0.0134118
0.06629,-8.97065e-14,5,5.13417,-0.507076,-0.0134169,-0.0134169
0.0663,-3.94877e-13,5,5.13422,-0.498078,-0.0134219,-0.0134219
0.06631,-4.06574e-14,5,5.13427,-0.489078,-0.0134268,-0.0134268
0.06632,-4.00499e-13,5,5.13432,-0.480076,-0.0134316,-0.0134316
0.06633,-1.19208e-13,5,5.13436,-0.471071,-0.0134363,-0.0134363
0.06634,-3.4245e-13,5,5.13441,-0.462064,-0.0134409,-0.0134409
0.06635,-1.69336e-13,5,5.13445,-0.453055,-0.0134454,-0.0134454
0.06636,-6.3002e-14,5,5.1345,-0.444044,-0.0134499,-0.0134499
0.06637,-2.59002e-13,5,5.13454,-0.435031,-0.0134542,-0.0134542
0.06638,-3.10598e-13,5,5.13458,-0.426016,-0.0134585,-0.0134585
0.06639,-2.25587e-13,5,5.13463,-0.417,-0.0134627,-0.0134627
0.0664,-4.66357e-13,5,5.13467,-0.407981,-0.0134667,-0.0134667
0.06641,-3.58226e-13,5,5.13471,-0.398961,-0.0134707,-0.0134707
0.06642,-1.35852e-13,5,5.13475,-0.389939,-0.0134746,-0.0134746
0.06643,-4.88477e-13,5,5.13478,-0.380915,-0.0134784,-0.0134784
0.06644,-2.86192e-13,5,5.13482,-0.37189,-0.0134821,-0.0134821
0.06645,-2.17918e-13,5,5.13486,-0.362863,-0.0134858,-0.0134858
0.06646,-6.29562e-14,5,5.13489,-0.353835,-0.0134893,-0.0134893
0.06647,-5.5196e-14,5,5.13493,-0.344805,-0.0134928,-0.0134928
0.06648,-4.28395e-13,5,5.13496,-0.335774,-0.0134961,-0.0134961
0.06649,-2.79338e-13,5,5.13499,-0.326742,-0.0134994,-0.0134994
0.0665,-2.96273e-13,5,5.13503,-0.317708,-0.0135026,-0.0135026
0.06651,-2.57857e-13,5,5.13506,-0.308674,-0.0135057,-0.0135057
0.06652,-1.69994e-13,5,5.13509,-0.299638,-0.0135086,-0.0135086
0.06653,-3.85137e-14,5,5.13512,-0.290601,-0.0135116,-0.0135116
0.06654,-9.64995e-14,5,5.13514,-0.281563,-0.0135144,-0.0135144
0.06655,-1.22192e-13,5,5.13517,-0.272525,-0.0135171,-0.0135171
0.06656,-5.75896e-13,5,5.1352,-0.263485,-0.0135197,-0.0135197
0.06657,-5.5355e-13,5,5.13522,-0.254445,-0.0135223,-0.0135223
0.06658,-5.15307e-13,5,5.13525,-0.245404,-0.0135247,-0.0135247
0.06659,-4.66476e-13,5,5.13527,-0.236362,-0.0135271,-0.0135271
0.0666,-4.12329e-13,5,5.13529,-0.22732,-0.0135294,-0.0135294
0.06661,-3.58057e-13,5,5.13532,-0.218277,-0.0135315,-0.0135315
0.06662,-3.08803e-13,5,5.13534,-0.209234,-0.0135336,-0.0135336
0.06663,-4.97077e-13,5,5.13536,-0.20019,-0.0135356,-0.0135356
0.06664,-4.7319e-13,5,5.13538,-0.191146,-0.0135376,-0.0135376
0.06665,-4.69555e-13,5,5.13539,-0.182101,-0.0135394,-0.0135394
0.06666,-4.91195e-13,5,5.13541,-0.173056,-0.0135411,-0.0135411
0.06667,-5.43113e-13,5,5.13543,-0.164012,-0.0135427,-0.0135427
0.06668,-1.75543e-13,5,5.13544,-0.154967,-0.0135443,-0.0135443
0.06669,-7.55862e-14,5,5.13546,-0.145921,-0.0135458,-0.0135458
0.0667,-2.48216e-13,5,5.13547,-0.136876,-0.0135471,-0.0135471
0.06671,-2.43679e-13,5,5.13548,-0.127831,-0.0135484,-0.0135484
0.06672,-2.94334e-13,5,5.1355,-0.118786,-0.0135496,-0.0135496
0.06673,-1.77824e-13,5,5.13551,-0.109742,-0.0135507,-0.0135507
0.06674,-3.53931e-13,5,5.13552,-0.100697,-0.0135517,-0.0135517
0.06675,-3.72972e-13,5,5.13553,-0.0916528,-0.0135526,-0.0135526
0.06676,-4.67422e-13,5,5.13553,-0.082609,-0.0135534,-0.0135534
0.06677,-1.87678e-13,5,5.13554,-0.0735655,-0.0135542,-0.0135542
0.06678,-2.21039e-13,5,5.13555,-0.0645225,-0.0135548,-0.0135548
0.06679,-3.45387e-13,5,5.13555,-0.05548,-0.0135554,-0.0135554
0.0668,-3.38642e-13,5,5.13556,-0.0464382,-0.0135558,-0.0135558
0.06681,-4.33549e-13,5,5.13556,-0.0373969,-0.0135562,-0.0135562
0.06682,-1.80798e-13,5,5.13556,-0.0283564,-0.0135565,-0.0135565
0.06683,-2.68026e-13,5,5.13557,-0.0193167,-0.0135567,-0.0135567
0.06684,-2.46084e-13,5,5.13557,-0.0102778,-0.0135568,-0.0135568
0.06685,-3.4804e-13,5,5.13557,-0.00123985,-0.0135568,-0.0135568
0.06686,-1.24927e-13,5,5.13557,0.00779719,-0.0135567,-0.0135567
0.06687,-2.64755e-13,5,5.13557,0.0168332,-0.0135566,-0.0135566
0.06688,-3.1877e-13,5,5.13556,0.0258682,-0.0135563,-0.0135563
0.06689,-2.9308e-13,5,5.13556,0.034902,-0.0135559,-0.0135559
0.0669,-1.93912e-13,5,5.13556,0.0439346,-0.0135555,-0.0135555
0.06691,-2.54995e-13,5,5.13555,0.0529659,-0.013555,-0.013555
0.06692,-2.8063e-14,5,5.13554,0.061996,-0.0135544,-0.0135544
0.06693,-2.01862e-13,5,5.13554,0.0710246,-0.0135536,-0.0135536
0.06694,-3.28409e-13,5,5.13553,0.0800519,-0.0135528,-0.0135528
0.06695,-1.87246e-13,5,5.13552,0.0890776,-0.013552,-0.013552
0.06696,-2.40193e-13,5,5.13551,0.0981018,-0.013551,-0.013551
0.06697,-2.67108e-13,5,5.1355,0.107124,-0.0135499,-0.0135499
0.06698,-2.75392e-13,5,5.13549,0.116145,-0.0135487,-0.0135487
0.06699,-4.99993e-13,5,5.13547,0.125164,-0.0135475,-0.0135475
0.067,-2.66543e-13,5,5.13546,0.134182,-0.0135462,-0.0135462
0.06701,-4.92476e-13,5,5.13545,0.143197,-0.0135447,-0.0135447
0.06702,-2.76431e-13,5,5.13543,0.152211,-0.0135432,-0.0135432
0.06703,-5.3623e-13,5,5.13542,0.161222,-0.0135416,-0.0135416
0.06704,-3.70908e-13,5,5.1354,0.170232,-0.0135399,-0.0135399
0.06705,-1.65813e-14,5,5.13538,0.179239,-0.0135381,-0.0135381
0.06706,-3.91706e-13,5,5.13536,0.188245,-0.0135362,-0.0135362
0.06707,-1.41214e-13,5,5.13534,0.197248,-0.0135342,-0.0135342
0.06708,-4.11381e-13,5,5.13532,0.206249,-0.0135322,-0.0135322
0.06709,-3.02357e-13,5,5.1353,0.215247,-0.01353,-0.01353
0.0671,-5.13882e-14,5,5.13528,0.224243,-0.0135278,-0.0135278
0.06711,-3.50726e-13,5,5.13525,0.233237,-0.0135254,-0.0135254
0.06712,-3.01246e-13,5,5.13523,0.242228,-0.013523,-0.013523
0.06713,-1.40962e-13,5,5.13521,0.251217,-0.0135205,-0.0135205
0.06714,-1.08138e-13,5,5.13518,0.260202,-0.0135179,-0.0135179
0.06715,-4.41321e-13,5,5.13515,0.269186,-0.0135152,-0.0135152
0.06716,-2.4245e-13,5,5.13512,0.278166,-0.0135124,-0.0135124
0.06717,-2.05373e-13,5,5.1351,0.287144,-0.0135096,-0.0135096
0.06718,-1.14727e-13,5,5.13507,0.296119,-0.0135066,-0.0135066
0.06719,-2.10187e-13,5,5.13504,0.30509,-0.0135036,-0.0135036
0.0672,-4.96042e-14,5,5.135,0.314059,-0.0135004,-0.0135004
0.06721,-1.00641e-13,5,5.13497,0.323025,-0.0134972,-0.0134972
0.06722,-1.49134e-13,5,5.13494,0.331988,-0.0134939,-0.0134939
0.06723,1.87513e-14,5,5.1349,0.340947,-0.0134905,-0.0134905
0.06724,-6.55884e-14,5,5.13487,0.349904,-0.013487,-0.013487
0.06725,-1.88963e-13,5,5.13483,0.358857,-0.0134834,-0.0134834
0.06726,-1.38529e-13,5,5.1348,0.367806,-0.0134797,-0.0134797
0.06727,-1.56519e-13,5,5.13476,0.376753,-0.0134759,-0.0134759
0.06728,-2.58129e-13,5,5.13472,0.385695,-0.0134721,-0.0134721
0.06729,-4.58931e-13,5,5.13468,0.394635,-0.0134681,-0.0134681
0.0673,-5.47469e-13,5,5.13464,0.40357,-0.0134641,-0.0134641
0.06731,-8.52879e-14,5,5.1346,0.412503,-0.01346,-0.01346
0.06732,-2.25895e-13,5,5.13456,0.421431,-0.0134557,-0.0134557
0.06733,-3.04198e-13,5,5.13451,0.430355,-0.0134514,-0.0134514
0.06734,-1.10254e-13,5,5.13447,0.439276,-0.013447,-0.013447
0.06735,-3.4396e-13,5,5.13443,0.448193,-0.0134426,-0.0134426
0.06736,-5.68785e-13,5,5.13438,0.457106,-0.013438,-0.013438
0.06737,-3.48562e-13,5,5.13433,0.466015,-0.0134333,-0.0134333
0.06738,-3.84406e-13,5,5.13429,0.47492,-0.0134286,-0.0134286
0.06739,-2.41005e-13,5,5.13424,0.483821,-0.0134237,-0.0134237
0.0674,-1.65535e-13,5,5.13419,0.492717,-0.0134188,-0.0134188
0.06741,-4.05632e-13,5,5.13414,0.50161,-0.0134138,-0.0134138
0.06742,-2.99853e-13,5,5.13409,0.510498,-0.0134087,-0.0134087
0.06743,-9.66866e-14,5,5.13404,0.519381,-0.0134035,-0.0134035
0.06744,-4.9982e-13,5,5.13398,0.528261,-0.0133982,-0.0133982
0.06745,-3.94374e-13,5,5.13393,0.537136,-0.0133928,-0.0133928
0.06746,-4.84945e-13,5,5.13387,0.546006,-0.0133874,-0.0133874
0.06747,-3.39684e-13,5,5.13382,0.554872,-0.0133818,-0.0133818
0.06748,-4.36729e-13,5,5.13376,0.563733,-0.0133762,-0.0133762
0.06749,-3.45174e-13,5,5.1337,0.572589,-0.0133705,-0.0133705
0.0675,-3.16716e-13,5,5.13365,0.581441,-0.0133647,-0.0133647
0.06751,-3.76173e-13,5,5.13359,0.590288,-0.0133588,-0.0133588
0.06752,-9.40902e-14,5,5.13353,0.59913,-0.0133528,-0.0133528
0.06753,-1.78368e-13,5,5.13347,0.607967,-0.0133467,-0.0133467
0.06754,-4.27936e-13,5,5.13341,0.616799,-0.0133405,-0.0133405
0.06755,-4.1484e-13,5,5.13334,0.625626,-0.0133343,-0.0133343
0.06756,-1.6637e-13,5,5.13328,0.634447,-0.0133279,-0.0133279
0.06757,-3.92492e-13,5,5.13321,0.643264,-0.0133215,-0.0133215
0.06758,-2.12037e-13,5,5.13315,0.652075,-0.013315,-0.013315
0.06759,-1.08645e-13,5,5.13308,0.660882,-0.0133084,-0.0133084
0.0676,-3.39083e-13,5,5.13302,0.669682,-0.0133017,-0.0133017
0.06761,-2.51179e-13,5,5.13295,0.678478,-0.0132949,-0.0132949
0.06762,-1.02809e-13,5,5.13288,0.687268,-0.013288,-0.013288
0.06763,-1.52392e-13,5,5.13281,0.696052,-0.013281,-0.013281
0.06764,2.32204e-14,5,5.13274,0.704831,-0.013274,-0.013274
0.06765,-6.28889e-14,5,5.13267,0.713604,-0.0132669,-0.0132669
0.06766,-2.16083e-13,5,5.1326,0.722372,-0.0132596,-0.0132596
0.06767,-2.4231e-13,5,5.13252,0.731133,-0.0132523,-0.0132523
0.06768,-4.02832e-13,5,5.13245,0.739889,-0.0132449,-0.0132449
0.06769,-5.04734e-13,5,5.13237,0.74864,-0.0132374,-0.0132374
0.0677,-1.28366e-13,5,5.1323,0.757384,-0.0132299,-0.0132299
0.06771,-4.46262e-13,5,5.13222,0.766122,-0.0132222,-0.0132222
0.06772,-1.30457e-13,5,5.13214,0.774854,-0.0132145,-0.0132145
0.06773,-3.54692e-13,5,5.13207,0.78358,-0.0132066,-0.0132066
0.06774,-2.46984e-13,5,5.13199,0.7923,-0.0131987,-0.0131987
0.06775,-7.2815e-14,5,5.13191,0.801014,-0.0131907,-0.0131907
0.06776,-9.82922e-14,5,5.13183,0.809721,-0.0131826,-0.0131826
0.06777,-1.35468e-13,5,5.13174,0.818422,-0.0131744,-0.0131744
0.06778,3.07598e-15,5,5.13166,0.827117,-0.0131661,-0.0131661
0.06779,-1.78124e-13,5,5.13158,0.835805,-0.0131578,-0.0131578
0.0678,-2.65621e-13,5,5.13149,0.844487,-0.0131493,-0.0131493
0.06781,-3.01354e-13,5,5.13141,0.853162,-0.0131408,-0.0131408
0.06782,-1.00609e-13,5,5.13132,0.861831,-0.0131322,-0.0131322
0.06783,-3.88793e-13,5,5.13123,0.870493,-0.0131235,-0.0131235
0.06784,-7.30015e-14,5,5.13115,0.879148,-0.0131147,-0.0131147
0.06785,-3.34762e-13,5,5.13106,0.887796,-0.0131058,-0.0131058
0.06786,-3.09877e-13,5,5.13097,0.896438,-0.0130968,-0.0130968
0.06787,-2.71794e-13,5,5.13088,0.905073,-0.0130878,-0.0130878
0.06788,-2.67184e-13,5,5.13079,0.9137,-0.0130787,-0.0130787
0.06789,-3.43481e-13,5,5.13069,0.922321,-0.0130694,-0.0130694
0.0679,-3.21427e-13,5,5.1306,0.930935,-0.0130601,-0.0130601
0.06791,-4.77259e-13,5,5.13051,0.939541,-0.0130507,-0.0130507
0.06792,-1.7837e-13,5,5.13041,0.948141,-0.0130412,-0.0130412
0.06793,-3.84564e-13,5,5.13032,0.956733,-0.0130317,-0.0130317
0.06794,-2.37332e-13,5,5.13022,0.965318,-0.013022,-0.013022
0.06795,-2.43186e-13,5,5.13012,0.973895,-0.0130123,-0.0130123
0.06796,1.6311e-16,5,5.13002,0.982465,-0.0130025,-0.0130025
0.06797,-4.70042e-13,5,5.12993,0.991028,-0.0129925,-0.0129925
0.06798,-1.16128e-13,5,5.12983,0.999583,-0.0129826,-0.0129826
0.06799,-1.2974e-13,5,5.12972,1.00813,-0.0129725,-0.0129725
0.068,-3.38973e-13,5,5.12962,1.01667,-0.0129623,-0.0129623
0.06801,-5.72742e-13,5,5.12952,1.0252,-0.0129521,-0.0129521
0.06802,-2.05963e-13,5,5.12942,1.03373,-0.0129417,-0.0129417
0.06803,-2.05975e-13,5,5.12931,1.04224,-0.0129313,-0.0129313
0.06804,5.07527e-14,5,5.12921,1.05075,-0.0129208,-0.0129208
0.06805,-4.047e-13,5,5.1291,1.05925,-0.0129102,-0.0129102
0.06806,-4.08776e-14,5,5.129,1.06775,-0.0128995,-0.0128995
0.06807,-5.5669e-14,5,5.12889,1.07623,-0.0128888,-0.0128888
0.06808,-2.8354e-13,5,5.12878,1.08471,-0.0128779,-0.0128779
0.06809,-1.04944e-13,5,5.12867,1.09318,-0.012867,-0.012867
0.0681,-2.6548e-13,5,5.12856,1.10164,-0.012856,-0.012856
0.06811,-1.47267e-13,5,5.12845,1.11009,-0.0128449,-0.0128449
0.06812,-2.70152e-13,5,5.12834,1.11853,-0.0128337,-0.0128337
0.06813,-2.4535e-13,5,5.12822,1.12697,-0.0128224,-0.0128224
0.06814,-3.66959e-13,5,5.12811,1.1354,-0.012811,-0.012811
0.06815,-4.75287e-13,5,5.128,1.14381,-0.0127996,-0.0127996
0.06816,-1.8399e-13,5,5.12788,1.15222,-0.0127881,-0.0127881
0.06817,-4.71951e-13,5,5.12776,1.16063,-0.0127765,-0.0127765
0.06818,-2.7247e-13,5,5.12765,1.16902,-0.0127648,-0.0127648
0.06819,-3.38706e-13,5,5.12753,1.1774,-0.012753,-0.012753
0.0682,-2.87897e-13,5,5.12741,1.18578,-0.0127412,-0.0127412
0.06821,-4.20192e-13,5,5.12729,1.19415,-0.0127292,-0.0127292
0.06822,-1.27202e-13,5,5.12717,1.2025,-0.0127172,-0.0127172
0.06823,-3.92987e-13,5,5.12705,1.21085,-0.0127051,-0.0127051
0.06824,-3.83575e-13,5,5.12693,1.21919,-0.0126929,-0.0126929
0.06825,-4.02697e-13,5,5.12681,1.22752,-0.0126806,-0.0126806
0.06826,-3.00276e-13,5,5.12668,1.23585,-0.0126683,-0.0126683
0.06827,-3.81931e-13,5,5.12656,1.24416,-0.0126558,-0.0126558
0.06828,-2.72016e-13,5,5.12643,1.25246,-0.0126433,-0.0126433
0.06829,-5.053e-13,5,5.12631,1.26076,-0.0126307,-0.0126307
0.0683,-2.53332e-13,5,5.12618,1.26904,-0.012618,-0.012618
0.06831,-2.80114e-13,5,5.12605,1.27732,-0.0126052,-0.0126052
0.06832,-4.41122e-13,5,5.12592,1.28558,-0.0125924,-0.0125924
0.06833,-3.65402e-13,5,5.12579,1.29384,-0.0125794,-0.0125794
0.06834,-1.37721e-13,5,5.12566,1.30209,-0.0125664,-0.0125664
0.06835,-7.1161e-14,5,5.12553,1.31033,-0.0125533,-0.0125533
0.06836,-4.79776e-13,5,5.1254,1.31855,-0.0125401,-0.0125401
0.06837,-3.14295e-13,5,5.12527,1.32677,-0.0125268,-0.0125268
0.06838,-1.18089e-13,5,5.12513,1.33498,-0.0125135,-0.0125135
0.06839,-4.35472e-13,5,5.125,1.34318,-0.0125001,-0.0125001
0.0684,-2.20142e-13,5,5.12487,1.35137,-0.0124866,-0.0124866
0.06841,-1.84395e-14,5,5.12473,1.35955,-0.012473,-0.012473
0.06842,-1.50276e-13,5,5.12459,1.36772,-0.0124593,-0.0124593
0.06843,-2.54413e-13,5,5.12446,1.37588,-0.0124455,-0.0124455
0.06844,-4.25413e-13,5,5.12432,1.38403,-0.0124317,-0.0124317
0.06845,-3.04146e-13,5,5.12418,1.39217,-0.0124178,-0.0124178
0.06846,-2.14494e-13,5,5.12404,1.4003,-0.0124038,-0.0124038
0.06847,-2.54071e-13,5,5.1239,1.40841,-0.0123897,-0.0123897
0.06848,-2.9412e-13,5,5.12376,1.41652,-0.0123755,-0.0123755
0.06849,-2.0691e-13,5,5.12361,1.42462,-0.0123613,-0.0123613
0.0685,-5.47912e-13,5,5.12347,1.43271,-0.0123469,-0.0123469
0.06851,-5.0933e-13,5,5.12333,1.44079,-0.0123325,-0.0123325
0.06852,3.34049e-14,5,5.12318,1.44885,-0.012318,-0.012318
0.06853,-1.60355e-13,5,5.12303,1.45691,-0.0123035,-0.0123035
0.06854,-5.86836e-14,5,5.12289,1.46496,-0.0122888,-0.0122888
0.06855,-4.49591e-13,5,5.12274,1.47299,-0.0122741,-0.0122741
0.06856,-7.58877e-14,5,5.12259,1.48102,-0.0122593,-0.0122593
0.06857,-1.8255e-13,5,5.12244,1.48903,-0.0122444,-0.0122444
0.06858,-4.2391e-13,5,5.12229,1.49703,-0.0122294,-0.0122294
0.06859,-4.5555e-13,5,5.12214,1.50503,-0.0122144,-0.0122144
0.0686,-3.88795e-13,5,5.12199,1.51301,-0.0121992,-0.0121992
0.06861,-1.08656e-13,5,5.12184,1.52098,-0.012184,-0.012184
0.06862,-1.83455e-13,5,5.12169,1.52894,-0.0121687,-0.0121687
0.06863,-2.73048e-13,5,5.12153,1.53689,-0.0121534,-0.0121534
0.06864,-2.65857e-13,5,5.12138,1.54482,-0.0121379,-0.0121379
0.06865,-2.78706e-13,5,5.12122,1.55275,-0.0121224,-0.0121224
0.06866,-2.02153e-13,5,5.12107,1.56067,-0.0121068,-0.0121068
0.06867,-1.55355e-13,5,5.12091,1.56857,-0.0120911,-0.0120911
0.06868,-3.11747e-14,5,5.12075,1.57646,-0.0120753,-0.0120753
0.06869,-1.78305e-13,5,5.12059,1.58434,-0.0120595,-0.0120595
0.0687,-3.71933e-14,5,5.12044,1.59221,-0.0120436,-0.0120436
0.06871,-4.13584e-13,5,5.12028,1.60007,-0.0120276,-0.0120276
0.06872,-6.79976e-14,5,5.12011,1.60792,-0.0120115,-0.0120115
0.06873,-2.63339e-13,5,5.11995,1.61575,-0.0119953,-0.0119953
0.06874,1.02219e-14,5,5.11979,1.62358,-0.0119791,-0.0119791
0.06875,-5.77771e-14,5,5.11963,1.63139,-0.0119628,-0.0119628
0.06876,-1.42041e-13,5,5.11946,1.63919,-0.0119464,-0.0119464
0.06877,-3.73159e-13,5,5.1193,1.64698,-0.0119299,-0.0119299
0.06878,-4.28252e-13,5,5.11913,1.65476,-0.0119134,-0.0119134
0.06879,-4.40268e-13,5,5.11897,1.66252,-0.0118968,-0.0118968
0.0688,-8.8686e-14,5,5.1188,1.67027,-0.01188,-0.01188
0.06881,-4.18392e-13,5,5.11863,1.67801,-0.0118633,-0.0118633
0.06882,-4.29048e-13,5,5.11846,1.68574,-0.0118464,-0.0118464
0.06883,-2.58488e-13,5,5.11829,1.69346,-0.0118295,-0.0118295
0.06884,-5.00459e-13,5,5.11812,1.70117,-0.0118125,-0.0118125
0.06885,-3.8566e-13,5,5.11795,1.70886,-0.0117954,-0.0117954
0.06886,-5.55885e-14,5,5.11778,1.71654,-0.0117782,-0.0117782
0.06887,-3.34974e-13,5,5.11761,1.72421,-0.011761,-0.011761
0.06888,-2.30888e-13,5,5.11744,1.73186,-0.0117436,-0.0117436
0.06889,-3.43185e-13,5,5.11726,1.73951,-0.0117263,-0.0117263
0.0689,-1.36127e-13,5,5.11709,1.74714,-0.0117088,-0.0117088
0.06891,-4.39493e-13,5,5.11691,1.75476,-0.0116912,-0.0116912
0.06892,-4.92615e-13,5,5.11674,1.76236,-0.0116736,-0.0116736
0.06893,-2.18221e-13,5,5.11656,1.76996,-0.0116559,-0.0116559
0.06894,4.85228e-15,5,5.11638,1.77754,-0.0116381,-0.0116381
0.06895,-2.03396e-13,5,5.1162,1.78511,-0.0116203,-0.0116203
0.06896,-3.14749e-13,5,5.11602,1.79266,-0.0116024,-0.0116024
0.06897,-2.57043e-13,5,5.11584,1.8002,-0.0115844,-0.0115844
0.06898,-4.14165e-13,5,5.11566,1.80773,-0.0115663,-0.0115663
0.06899,-3.43559e-14,5,5.11548,1.81525,-0.0115481,-0.0115481
0.069,-4.1355e-13,5,5.1153,1.82276,-0.0115299,-0.0115299
0.06901,-1.20477e-13,5,5.11512,1.83025,-0.0115116,-0.0115116
0.06902,-2.26307e-13,5,5.11493,1.83772,-0.0114932,-0.0114932
0.06903,-2.11844e-13,5,5.11475,1.84519,-0.0114748,-0.0114748
0.06904,-4.6872e-13,5,5.11456,1.85264,-0.0114562,-0.0114562
0.06905,-2.53085e-13,5,5.11438,1.86008,-0.0114376,-0.0114376
0.06906,-1.86525e-13,5,5.11419,1.86751,-0.011419,-0.011419
0.06907,-4.37295e-13,5,5.114,1.87492,-0.0114002,-0.0114002
0.06908,-2.65458e-13,5,5.11381,1.88232,-0.0113814,-0.0113814
0.06909,-2.96598e-13,5,5.11362,1.88971,-0.0113625,-0.0113625
0.0691,-4.75619e-13,5,5.11344,1.89708,-0.0113435,-0.0113435
0.06911,-2.93985e-13,5,5.11324,1.90444,-0.0113245,-0.0113245
0.06912,-3.81274e-13,5,5.11305,1.91178,-0.0113054,-0.0113054
0.06913,-2.31752e-13,5,5.11286,1.91912,-0.0112862,-0.0112862
0.06914,-2.50319e-13,5,5.11267,1.92643,-0.0112669,-0.0112669
0.06915,-3.88651e-13,5,5.11248,1.93374,-0.0112476,-0.0112476
0.06916,-3.72301e-13,5,5.11228,1.94103,-0.0112282,-0.0112282
0.06917,-3.83068e-13,5,5.11209,1.94831,-0.0112087,-0.0112087
0.06918,-1.49281e-13,5,5.11189,1.95557,-0.0111891,-0.0111891
0.06919,-8.27484e-14,5,5.11169,1.96282,-0.0111695,-0.0111695
0.0692,-3.69406e-13,5,5.1115,1.97006,-0.0111498,-0.0111498
0.06921,-2.86998e-13,5,5.1113,1.97728,-0.01113,-0.01113
0.06922,-2.51552e-13,5,5.1111,1.98449,-0.0111102,-0.0111102
0.06923,-2.25765e-13,5,5.1109,1.99168,-0.0110903,-0.0110903
0.06924,-1.73693e-13,5,5.1107,1.99886,-0.0110703,-0.0110703
0.06925,-2.88239e-13,5,5.1105,2.00603,-0.0110502,-0.0110502
0.06926,-3.08915e-13,5,5.1103,2.01318,-0.0110301,-0.0110301
0.06927,-4.31454e-13,5,5.1101,2.02032,-0.0110099,-0.0110099
0.06928,-3.98173e-13,5,5.1099,2.02744,-0.0109896,-0.0109896
0.06929,-4.07691e-13,5,5.10969,2.03455,-0.0109693,-0.0109693
0.0693,-2.0524e-13,5,5.10949,2.04165,-0.0109488,-0.0109488
0.06931,-2.19532e-13,5,5.10928,2.04873,-0.0109284,-0.0109284
0.06932,-4.2617e-13,5,5.10908,2.05579,-0.0109078,-0.0109078
0.06933,-3.47231e-13,5,5.10887,2.06285,-0.0108872,-0.0108872
0.06934,-1.88579e-13,5,5.10866,2.06988,-0.0108665,-0.0108665
0.06935,-1.57352e-13,5,5.10846,2.07691,-0.0108457,-0.0108457
0.06936,-2.34871e-13,5,5.10825,2.08391,-0.0108249,-0.0108249
0.06937,5.08746e-14,5,5.10804,2.09091,-0.0108039,-0.0108039
0.06938,-1.939e-13,5,5.10783,2.09789,-0.010783,-0.010783
0.06939,-2.72752e-13,5,5.10762,2.10485,-0.0107619,-0.0107619
0.0694,-1.72857e-13,5,5.10741,2.1118,-0.0107408,-0.0107408
0.06941,-3.37585e-13,5,5.1072,2.11873,-0.0107196,-0.0107196
0.06942,-3.02389e-13,5,5.10698,2.12565,-0.0106984,-0.0106984
0.06943,-2.86289e-13,5,5.10677,2.13256,-0.010677,-0.010677
0.06944,-2.82373e-13,5,5.10656,2.13945,-0.0106556,-0.0106556
0.06945,-5.12687e-13,5,5.10634,2.14632,-0.0106342,-0.0106342
0.06946,-2.91251e-13,5,5.10613,2.15318,-0.0106126,-0.0106126
0.06947,-2.97799e-13,5,5.10591,2.16003,-0.010591,-0.010591
0.06948,-3.04126e-13,5,5.10569,2.16686,-0.0105694,-0.0105694
0.06949,-8.36059e-14,5,5.10548,2.17367,-0.0105476,-0.0105476
0.0695,-9.30965e-14,5,5.10526,2.18047,-0.0105258,-0.0105258
0.06951,-3.36344e-13,5,5.10504,2.18726,-0.010504,-0.010504
0.06952,-1.36502e-13,5,5.10482,2.19402,-0.010482,-0.010482
0.06953,4.49099e-14,5,5.1046,2.20078,-0.01046,-0.01046
0.06954,-2.78356e-14,5,5.10438,2.20752,-0.0104379,-0.0104379
0.06955,-3.64592e-13,5,5.10416,2.21424,-0.0104158,-0.0104158
0.06956,-2.94646e-13,5,5.10394,2.22094,-0.0103936,-0.0103936
0.06957,-5.83889e-14,5,5.10371,2.22764,-0.0103713,-0.0103713
0.06958,-1.25056e-13,5,5.10349,2.23431,-0.010349,-0.010349
0.06959,-5.6026e-14,5,5.10327,2.24097,-0.0103266,-0.0103266
0.0696,-9.62697e-14,5,5.10304,2.24762,-0.0103041,-0.0103041
0.06961,-3.77036e-14,5,5.10282,2.25425,-0.0102815,-0.0102815
0.06962,-1.28435e-13,5,5.10259,2.26086,-0.0102589,-0.0102589
0.06963,-1.63516e-13,5,5.10236,2.26746,-0.0102363,-0.0102363
0.06964,-2.80559e-13,5,5.10214,2.27404,-0.0102135,-0.0102135
0.06965,-2.77699e-13,5,5.10191,2.2806,-0.0101907,-0.0101907
0.06966,-2.95849e-13,5,5.10168,2.28715,-0.0101678,-0.0101678
0.06967,-2.49995e-13,5,5.10145,2.29369,-0.0101449,-0.0101449
0.06968,-2.84188e-13,5,5.10122,2.30021,-0.0101219,-0.0101219
0.06969,-2.02863e-13,5,5.10099,2.30671,-0.0100988,-0.0100988
0.0697,-2.67032e-13,5,5.10076,2.31319,-0.0100757,-0.0100757
0.06971,-1.70773e-13,5,5.10053,2.31966,-0.0100525,-0.0100525
0.06972,-1.7821e-13,5,5.10029,2.32612,-0.0100292,-0.0100292
0.06973,-2.14124e-13,5,5.10006,2.33255,-0.0100059,-0.0100059
0.06974,-2.0463e-13,5,5.09983,2.33897,-0.00998253,-0.00998253
0.06975,-3.05214e-13,5,5.09959,2.34538,-0.00995907,-0.00995907
0.06976,-1.04373e-13,5,5.09936,2.35177,-0.00993555,-0.00993555
0.06977,-3.29081e-13,5,5.09912,2.35814,-0.00991197,-0.00991197
0.06978,-2.30047e-13,5,5.09888,2.3645,-0.00988833,-0.00988833
0.06979,-3.10259e-13,5,5.09865,2.37084,-0.00986462,-0.00986462
0.0698,-1.64762e-13,5,5.09841,2.37716,-0.00984085,-0.00984085
0.06981,-2.9993e-13,5,5.09817,2.38346,-0.00981701,-0.00981701
0.06982,-2.0023e-13,5,5.09793,2.38975,-0.00979312,-0.00979312
0.06983,-1.47993e-13,5,5.09769,2.39603,-0.00976916,-0.00976916
0.06984,-1.99672e-13,5,5.09745,2.40228,-0.00974513,-0.00974513
0.06985,-7.23276e-14,5,5.09721,2.40852,-0.00972105,-0.00972105
0.06986,-2.80437e-13,5,5.09697,2.41475,-0.0096969,-0.0096969
0.06987,-3.17128e-13,5,5.09673,2.42095,-0.00967269,-0.00967269
0.06988,-1.3183e-13,5,5.09648,2.42714,-0.00964842,-0.00964842
0.06989,-2.44239e-13,5,5.09624,2.43332,-0.00962409,-0.00962409
0.0699,-1.52311e-13,5,5.096,2.43947,-0.00959969,-0.00959969
0.06991,-1.51754e-13,5,5.09575,2.44561,-0.00957524,-0.00957524
0.06992,-3.12346e-13,5,5.09551,2.45173,-0.00955072,-0.00955072
0.06993,-2.51115e-13,5,5.09526,2.45784,-0.00952614,-0.00952614
0.06994,-2.68766e-13,5,5.09502,2.46393,-0.0095015,-0.0095015
0.06995,-9.90669e-14,5,5.09477,2.47,-0.0094768,-0.0094768
0.06996,-2.73703e-13,5,5.09452,2.47605,-0.00945204,-0.00945204
0.06997,-3.02678e-13,5,5.09427,2.48209,-0.00942722,-0.00942722
0.06998,-1.52353e-13,5,5.09402,2.48811,-0.00940234,-0.00940234
0.06999,-2.45832e-13,5,5.09377,2.49411,-0.0093774,-0.0093774
0.07,-3.256e-13,5,5.09352,2.50009,-0.0093524,-0.0093524
0.07001,-1.35916e-13,5,5.09327,2.50606,-0.00932734,-0.00932734
0.07002,-1.0505e-13,5,5.09302,2.51201,-0.00930222,-0.00930222
0.07003,-2.08078e-13,5,5.09277,2.51794,-0.00927704,-0.00927704
0.07004,-3.08107e-13,5,5.09252,2.52386,-0.0092518,-0.0092518
0.07005,-2.70247e-13,5,5.09226,2.52976,-0.0092265,-0.0092265
0.07006,-1.88477e-13,5,5.09201,2.53564,-0.00920114,-0.00920114
0.07007,-1.58611e-13,5,5.09176,2.5415,-0.00917573,-0.00917573
0.07008,-1.64493e-13,5,5.0915,2.54735,-0.00915025,-0.00915025
0.07009,-7.81717e-14,5,5.09125,2.55317,-0.00912472,-0.00912472
0.0701,-1.14419e-13,5,5.09099,2.55898,-0.00909913,-0.00909913
0.07011,-2.62354e-13,5,5.09073,2.56478,-0.00907349,-0.00907349
0.07012,-2.85612e-13,5,5.09048,2.57055,-0.00904778,-0.00904778
0.07013,-1.76864e-13,5,5.09022,2.57631,-0.00902202,-0.00902202
0.07014,-1.58044e-13,5,5.08996,2.58205,-0.0089962,-0.0089962
0.07015,-2.25378e-13,5,5.0897,2.58777,-0.00897032,-0.00897032
0.07016,-1.49659e-13,5,5.08944,2.59347,-0.00894438,-0.00894438
0.07017,-2.71726e-13,5,5.08918,2.59916,-0.00891839,-0.00891839
0.07018,-2.52185e-13,5,5.08892,2.60483,-0.00889234,-0.00889234
0.07019,-9.44761e-14,5,5.08866,2.61048,-0.00886624,-0.00886624
0.0702,-1.45045e-13,5,5.0884,2.61611,-0.00884008,-0.00884008
0.07021,-1.83402e-13,5,5.08814,2.62172,-0.00881386,-0.00881386
0.07022,-1.04741e-13,5,5.08788,2.62732,-0.00878759,-0.00878759
0.07023,-2.60948e-13,5,5.08761,2.6329,-0.00876126,-0.00876126
0.07024,-3.23341e-13,5,5.08735,2.63845,-0.00873487,-0.00873487
0.07025,-1.92499e-13,5,5.08708,2.644,-0.00870843,-0.00870843
0.07026,-2.25694e-13,5,5.08682,2.64952,-0.00868194,-0.00868194
0.07027,-2.13535e-13,5,5.08655,2.65502,-0.00865539,-0.00865539
0.07028,-2.89417e-13,5,5.08629,2.66051,-0.00862878,-0.00862878
0.07029,-2.4756e-13,5,5.08602,2.66598,-0.00860212,-0.00860212
0.0703,-1.11501e-13,5,5.08575,2.67143,-0.00857541,-0.00857541
0.07031,-1.33871e-13,5,5.08549,2.67686,-0.00854864,-0.00854864
0.07032,-2.28072e-13,5,5.08522,2.68227,-0.00852182,-0.00852182
0.07033,-8.20757e-14,5,5.08495,2.68767,-0.00849494,-0.00849494
0.07034,-6.78079e-14,5,5.08468,2.69304,-0.00846801,-0.00846801
0.07035,-2.17798e-13,5,5.08441,2.6984,-0.00844103,-0.00844103
0.07036,-1.11992e-13,5,5.08414,2.70374,-0.00841399,-0.00841399
0.07037,-2.41498e-13,5,5.08387,2.70906,-0.0083869,-0.0083869
0.07038,-1.8976e-13,5,5.0836,2.71436,-0.00835976,-0.00835976
0.07039,-2.24231e-13,5,5.08333,2.71964,-0.00833256,-0.00833256
0.0704,-1.59726e-13,5,5.08305,2.72491,-0.00830531,-0.00830531
0.07041,-3.9931e-14,5,5.08278,2.73015,-0.00827801,-0.00827801
0.07042,-1.38073e-13,5,5.08251,2.73538,-0.00825065,-0.00825065
0.07043,-1.60609e-13,5,5.08223,2.74059,-0.00822325,-0.00822325
0.07044,-4.34239e-14,5,5.08196,2.74578,-0.00819579,-0.00819579
0.07045,-1.78981e-13,5,5.08168,2.75095,-0.00816828,-0.00816828
0.07046,-1.65712e-13,5,5.08141,2.7561,-0.00814072,-0.00814072
0.07047,-1.7265e-13,5,5.08113,2.76123,-0.00811311,-0.00811311
0.07048,-2.93183e-14,5,5.08085,2.76635,-0.00808544,-0.00808544
0.07049,-1.35787e-13,5,5.08058,2.77144,-0.00805773,-0.00805773
0.0705,-2.11892e-13,5,5.0803,2.77652,-0.00802997,-0.00802997
0.07051,-9.29854e-14,5,5.08002,2.78157,-0.00800215,-0.00800215
0.07052,-7.11681e-14,5,5.07974,2.78661,-0.00797428,-0.00797428
0.07053,-2.13053e-13,5,5.07946,2.79163,-0.00794637,-0.00794637
0.07054,-2.4597e-13,5,5.07918,2.79663,-0.0079184,-0.0079184
0.07055,-2.40417e-13,5,5.0789,2.80161,-0.00789038,-0.00789038
0.07056,-1.5504e-13,5,5.07862,2.80657,-0.00786232,-0.00786232
0.07057,-6.41668e-14,5,5.07834,2.81151,-0.0078342,-0.0078342
0.07058,-1.57591e-13,5,5.07806,2.81643,-0.00780604,-0.00780604
0.07059,-5.86685e-14,5,5.07778,2.82134,-0.00777783,-0.00777783
0.0706,-7.48764e-14,5,5.0775,2.82622,-0.00774956,-0.00774956
0.07061,-6.08862e-14,5,5.07721,2.83109,-0.00772125,-0.00772125
0.07062,-1.0052e-13,5,5.07693,2.83593,-0.00769289,-0.00769289
0.07063,-2.79709e-13,5,5.07664,2.84076,-0.00766449,-0.00766449
0.07064,-1.17892e-13,5,5.07636,2.84556,-0.00763603,-0.00763603
0.07065,-2.73156e-13,5,5.07608,2.85035,-0.00760753,-0.00760753
0.07066,-1.55138e-13,5,5.07579,2.85512,-0.00757898,-0.00757898
0.07067,-1.98601e-13,5,5.0755,2.85986,-0.00755038,-0.00755038
0.07068,-2.71764e-13,5,5.07522,2.86459,-0.00752173,-0.00752173
0.07069,-1.75215e-14,5,5.07493,2.8693,-0.00749304,-0.00749304
0.0707,-1.03784e-13,5,5.07464,2.87399,-0.0074643,-0.0074643
0.07071,-6.37041e-14,5,5.07436,2.87866,-0.00743551,-0.00743551
0.07072,-1.14385e-13,5,5.07407,2.88331,-0.00740668,-0.00740668
0.07073,-2.47666e-13,5,5.07378,2.88794,-0.0073778,-0.0073778
0.07074,-2.29901e-13,5,5.07349,2.89255,-0.00734887,-0.00734887
0.07075,-1.70447e-13,5,5.0732,2.89714,-0.0073199,-0.0073199
0.07076,-1.80715e-13,5,5.07291,2.90171,-0.00729089,-0.00729089
0.07077,-1.46741e-13,5,5.07262,2.90626,-0.00726182,-0.00726182
0.07078,-7.01901e-14,5,5.07233,2.91079,-0.00723272,-0.00723272
0.07079,-1.82099e-13,5,5.07204,2.9153,-0.00720356,-0.00720356
0.0708,-2.60702e-13,5,5.07174,2.91979,-0.00717436,-0.00717436
0.07081,-1.99971e-13,5,5.07145,2.92426,-0.00714512,-0.00714512
0.07082,-1.23309e-13,5,5.07116,2.92871,-0.00711583,-0.00711583
0.07083,-1.55949e-13,5,5.07087,2.93314,-0.0070865,-0.0070865
0.07084,-1.97858e-13,5,5.07057,2.93755,-0.00705713,-0.00705713
0.07085,-1.51061e-13,5,5.07028,2.94195,-0.00702771,-0.00702771
0.07086,-1.46841e-13,5,5.06998,2.94632,-0.00699824,-0.00699824
0.07087,-2.04905e-13,5,5.06969,2.95067,-0.00696874,-0.00696874
0.07088,-1.19583e-13,5,5.06939,2.955,-0.00693919,-0.00693919
0.07089,-1.41897e-13,5,5.0691,2.95931,-0.0069096,-0.0069096
0.0709,-7.01754e-14,5,5.0688,2.9636,-0.00687996,-0.00687996
0.07091,-1.59603e-13,5,5.0685,2.96787,-0.00685028,-0.00685028
0.07092,-9.88723e-14,5,5.06821,2.97212,-0.00682056,-0.00682056
0.07093,-3.3368e-14,5,5.06791,2.97635,-0.0067908,-0.0067908
0.07094,-1.10638e-13,5,5.06761,2.98056,-0.00676099,-0.00676099
0.07095,-1.3917e-13,5,5.06731,2.98475,-0.00673114,-0.00673114
0.07096,-1.56932e-13,5,5.06701,2.98892,-0.00670125,-0.00670125
0.07097,-9.00403e-14,5,5.06671,2.99306,-0.00667132,-0.00667132
0.07098,-2.07834e-13,5,5.06641,2.99719,-0.00664135,-0.00664135
0.07099,-2.13273e-13,5,5.06611,3.0013,-0.00661134,-0.00661134
0.071,-1.52487e-13,5,5.06581,3.00539,-0.00658128,-0.00658128
0.07101,-1.87125e-13,5,5.06551,3.00945,-0.00655119,-0.00655119
0.07102,-1.4005e-13,5,5.06521,3.0135,-0.00652105,-0.00652105
0.07103,-1.7713e-13,5,5.06491,3.01752,-0.00649088,-0.00649088
0.07104,-2.38858e-13,5,5.06461,3.02153,-0.00646066,-0.00646066
0.07105,-2.67945e-13,5,5.0643,3.02551,-0.00643041,-0.00643041
0.07106,-9.53038e-14,5,5.064,3.02948,-0.00640011,-0.00640011
0.07107,-2.3619e-13,5,5.0637,3.03342,-0.00636978,-0.00636978
0.07108,-1.84564e-13,5,5.06339,3.03734,-0.00633941,-0.00633941
0.07109,-2.32469e-13,5,5.06309,3.04124,-0.00630899,-0.00630899
0.0711,-1.05402e-13,5,5.06279,3.04513,-0.00627854,-0.00627854
0.07111,-9.93507e-14,5,5.06248,3.04899,-0.00624805,-0.00624805
0.07112,-5.78828e-14,5,5.06218,3.05283,-0.00621752,-0.00621752
0.07113,-1.67461e-13,5,5.06187,3.05664,-0.00618696,-0.00618696
0.07114,-4.82772e-14,5,5.06156,3.06044,-0.00615635,-0.00615635
0.07115,-1.18387e-13,5,5.06126,3.06422,-0.00612571,-0.00612571
0.07116,-1.15721e-13,5,5.06095,3.06798,-0.00609503,-0.00609503
0.07117,-1.2166e-13,5,5.06064,3.07171,-0.00606431,-0.00606431
0.07118,-1.05616e-13,5,5.06034,3.07543,-0.00603356,-0.00603356
0.07119,-1.52966e-13,5,5.06003,3.07912,-0.00600277,-0.00600277
0.0712,-1.23877e-13,5,5.05972,3.08279,-0.00597194,-0.00597194
0.07121,-2.21465e-13,5,5.05941,3.08645,-0.00594108,-0.00594108
0.07122,-8.25749e-14,5,5.0591,3.09008,-0.00591018,-0.00591018
0.07123,-2.85061e-14,5,5.05879,3.09369,-0.00587924,-0.00587924
0.07124,-1.54904e-13,5,5.05848,3.09728,-0.00584827,-0.00584827
0.07125,-1.05054e-13,5,5.05817,3.10084,-0.00581726,-0.00581726
0.07126,-2.06361e-13,5,5.05786,3.10439,-0.00578621,-0.00578621
0.07127,-1.06218e-13,5,5.05755,3.10792,-0.00575513,-0.00575513
0.07128,-1.36193e-13,5,5.05724,3.11142,-0.00572402,-0.00572402
0.07129,-6.17514e-14,5,5.05693,3.11491,-0.00569287,-0.00569287
0.0713,8.85976e-15,5,5.05662,3.11837,-0.00566169,-0.00566169
0.07131,-1.48902e-13,5,5.0563,3.12181,-0.00563047,-0.00563047
0.07132,-1.92866e-13,5,5.05599,3.12523,-0.00559922,-0.00559922
0.07133,-1.05108e-14,5,5.05568,3.12863,-0.00556793,-0.00556793
0.07134,-5.98038e-14,5,5.05537,3.13201,-0.00553661,-0.00553661
0.07135,-1.18867e-13,5,5.05505,3.13536,-0.00550526,-0.00550526
0.07136,-1.95194e-13,5,5.05474,3.1387,-0.00547387,-0.00547387
0.07137,-7.10143e-14,5,5.05442,3.14201,-0.00544245,-0.00544245
0.07138,-9.9213e-14,5,5.05411,3.14531,-0.005411,-0.005411
0.07139,-6.6294e-14,5,5.0538,3.14858,-0.00537951,-0.00537951
0.0714,-1.02042e-13,5,5.05348,3.15183,-0.00534799,-0.00534799
0.07141,2.81918e-15,5,5.05316,3.15506,-0.00531644,-0.00531644
0.07142,-1.13198e-13,5,5.05285,3.15826,-0.00528486,-0.00528486
0.07143,-1.3135e-13,5,5.05253,3.16145,-0.00525325,-0.00525325
0.07144,-7.63371e-14,5,5.05222,3.16462,-0.0052216,-0.0052216
0.07145,-8.84931e-14,5,5.0519,3.16776,-0.00518992,-0.00518992
0.07146,-8.31632e-14,5,5.05158,3.17088,-0.00515821,-0.00515821
0.07147,-9.1267e-14,5,5.05126,3.17398,-0.00512647,-0.00512647
0.07148,-1.46056e-13,5,5.05095,3.17706,-0.0050947,-0.0050947
0.07149,-1.12249e-13,5,5.05063,3.18012,-0.0050629,-0.0050629
0.0715,-8.427e-14,5,5.05031,3.18315,-0.00503107,-0.00503107
0.07151,-4.48563e-14,5,5.04999,3.18617,-0.00499921,-0.00499921
0.07152,-9.27061e-14,5,5.04967,3.18916,-0.00496732,-0.00496732
0.07153,-1.01143e-13,5,5.04935,3.19213,-0.0049354,-0.0049354
0.07154,-1.16297e-13,5,5.04903,3.19508,-0.00490344,-0.00490344
0.07155,-7.28306e-14,5,5.04871,3.19801,-0.00487146,-0.00487146
0.07156,-7.79924e-14,5,5.04839,3.20091,-0.00483946,-0.00483946
0.07157,-1.27508e-13,5,5.04807,3.2038,-0.00480742,-0.00480742
0.07158,-1.05691e-13,5,5.04775,3.20666,-0.00477535,-0.00477535
0.07159,-1.26229e-13,5,5.04743,3.2095,-0.00474326,-0.00474326
0.0716,-1.34666e-13,5,5.04711,3.21232,-0.00471113,-0.00471113
0.07161,-7.84325e-14,5,5.04679,3.21512,-0.00467898,-0.00467898
0.07162,-7.79322e-14,5,5.04647,3.2179,-0.0046468,-0.0046468
0.07163,-1.41936e-13,5,5.04615,3.22065,-0.0046146,-0.0046146
0.07164,-1.10793e-13,5,5.04582,3.22338,-0.00458236,-0.00458236
0.07165,-1.11459e-13,5,5.0455,3.22609,-0.0045501,-0.0045501
0.07166,-1.02299e-13,5,5.04518,3.22878,-0.00451781,-0.00451781
0.07167,-1.0091e-13,5,5.04485,3.23145,-0.0044855,-0.0044855
0.07168,-7.00451e-14,5,5.04453,3.23409,-0.00445316,-0.00445316
0.07169,-8.83631e-14,5,5.04421,3.23672,-0.00442079,-0.00442079
0.0717,-1.23168e-13,5,5.04388,3.23932,-0.0043884,-0.0043884
0.07171,-8.69739e-14,5,5.04356,3.2419,-0.00435598,-0.00435598
0.07172,-1.21945e-13,5,5.04324,3.24446,-0.00432353,-0.00432353
0.07173,-1.44926e-13,5,5.04291,3.24699,-0.00429106,-0.00429106
0.07174,-1.31936e-13,5,5.04259,3.24951,-0.00425857,-0.00425857
0.07175,-6.11029e-14,5,5.04226,3.252,-0.00422605,-0.00422605
0.07176,-1.40095e-13,5,5.04194,3.25447,-0.0041935,-0.0041935
0.07177,-6.73743e-14,5,5.04161,3.25692,-0.00416093,-0.00416093
0.07178,-5.49946e-14,5,5.04128,3.25934,-0.00412834,-0.00412834
0.07179,-8.9855e-14,5,5.04096,3.26175,-0.00409572,-0.00409572
0.0718,-1.04287e-13,5,5.04063,3.26413,-0.00406308,-0.00406308
0.07181,-3.27882e-14,5,5.0403,3.26649,-0.00403042,-0.00403042
0.07182,-3.95044e-14,5,5.03998,3.26883,-0.00399773,-0.00399773
0.07183,-1.2005e-13,5,5.03965,3.27115,-0.00396502,-0.00396502
0.07184,-1.01953e-13,5,5.03932,3.27344,-0.00393228,-0.00393228
0.07185,-4.21115e-14,5,5.039,3.27571,-0.00389953,-0.00389953
0.07186,-1.13554e-13,5,5.03867,3.27796,-0.00386675,-0.00386675
0.07187,-9.34026e-14,5,5.03834,3.28019,-0.00383394,-0.00383394
0.07188,-4.53848e-14,5,5.03801,3.2824,-0.00380112,-0.00380112
0.07189,-1.48857e-13,5,5.03768,3.28458,-0.00376828,-0.00376828
0.0719,-1.30926e-13,5,5.03735,3.28674,-0.00373541,-0.00373541
0.07191,-1.18713e-13,5,5.03703,3.28888,-0.00370252,-0.00370252
0.07192,-1.27872e-13,5,5.0367,3.291,-0.00366961,-0.00366961
0.07193,-5.69141e-15,5,5.03637,3.29309,-0.00363668,-0.00363668
0.07194,-5.64835e-14,5,5.03604,3.29517,-0.00360373,-0.00360373
0.07195,-1.31978e-13,5,5.03571,3.29722,-0.00357075,-0.00357075
0.07196,-8.61809e-14,5,5.03538,3.29925,-0.00353776,-0.00353776
0.07197,-1.16323e-13,5,5.03505,3.30125,-0.00350475,-0.00350475
0.07198,-1.3775e-13,5,5.03472,3.30324,-0.00347172,-0.00347172
0.07199,-6.79716e-14,5,5.03439,3.3052,-0.00343866,-0.00343866
0.072,2.86118e-15,5,5.03406,3.30714,-0.00340559,-0.00340559
0.07201,-1.77329e-14,5,5.03373,3.30906,-0.0033725,-0.0033725
0.07202,-5.39812e-14,5,5.03339,3.31095,-0.00333939,-0.00333939
0.07203,-3.22203e-14,5,5.03306,3.31282,-0.00330627,-0.00330627
0.07204,5.13922e-15,5,5.03273,3.31467,-0.00327312,-0.00327312
0.07205,-4.32105e-14,5,5.0324,3.3165,-0.00323995,-0.00323995
0.07206,-5.35351e-14,5,5.03207,3.31831,-0.00320677,-0.00320677
0.07207,-7.47953e-14,5,5.03174,3.32009,-0.00317357,-0.00317357
0.07208,1.23021e-14,5,5.0314,3.32185,-0.00314035,-0.00314035
0.07209,-1.62856e-14,5,5.03107,3.32359,-0.00310711,-0.00310711
0.0721,-1.02549e-13,5,5.03074,3.32531,-0.00307386,-0.00307386
0.07211,-7.70694e-14,5,5.03041,3.327,-0.00304059,-0.00304059
0.07212,-5.68629e-14,5,5.03007,3.32868,-0.00300731,-0.00300731
0.07213,-4.7481e-14,5,5.02974,3.33033,-0.002974,-0.002974
0.07214,-1.13594e-13,5,5.02941,3.33195,-0.00294068,-0.00294068
0.07215,-3.78212e-14,5,5.02907,3.33356,-0.00290735,-0.00290735
0.07216,-1.16647e-13,5,5.02874,3.33514,-0.002874,-0.002874
0.07217,-2.3665e-14,5,5.02841,3.3367,-0.00284063,-0.00284063
0.07218,-5.96913e-14,5,5.02807,3.33824,-0.00280725,-0.00280725
0.07219,-1.30135e-13,5,5.02774,3.33975,-0.00277385,-0.00277385
0.0722,-2.88818e-14,5,5.0274,3.34125,-0.00274044,-0.00274044
0.07221,-6.67694e-15,5,5.02707,3.34272,-0.00270701,-0.00270701
0.07222,2.42987e-14,5,5.02674,3.34416,-0.00267357,-0.00267357
0.07223,-7.76194e-14,5,5.0264,3.34559,-0.00264011,-0.00264011
0.07224,-5.83011e-14,5,5.02607,3.34699,-0.00260664,-0.00260664
0.07225,-6.40739e-14,5,5.02573,3.34837,-0.00257316,-0.00257316
0.07226,-1.58343e-14,5,5.0254,3.34973,-0.00253966,-0.00253966
0.07227,-3.58735e-14,5,5.02506,3.35107,-0.00250615,-0.00250615
0.07228,-2.12182e-14,5,5.02473,3.35238,-0.00247263,-0.00247263
0.07229,-4.19235e-14,5,5.02439,3.35367,-0.00243909,-0.00243909
0.0723,-5.6245e-14,5,5.02406,3.35494,-0.00240554,-0.00240554
0.07231,-5.34136e-14,5,5.02372,3.35618,-0.00237198,-0.00237198
0.07232,-5.31357e-14,5,5.02338,3.35741,-0.0023384,-0.0023384
0.07233,-4.91386e-14,5,5.02305,3.35861,-0.00230482,-0.00230482
0.07234,-3.72034e-14,5,5.02271,3.35979,-0.00227122,-0.00227122
0.07235,-7.23416e-14,5,5.02238,3.36094,-0.00223761,-0.00223761
0.07236,-4.1144e-14,5,5.02204,3.36208,-0.00220399,-0.00220399
0.07237,-6.00175e-14,5,5.0217,3.36319,-0.00217036,-0.00217036
0.07238,-2.01602e-14,5,5.02137,3.36427,-0.00213672,-0.00213672
0.07239,-4.24199e-14,5,5.02103,3.36534,-0.00210306,-0.00210306
0.0724,-2.24356e-14,5,5.02069,3.36638,-0.0020694,-0.0020694
0.07241,-2.86526e-14,5,5.02036,3.3674,-0.00203572,-0.00203572
0.07242,-1.82162e-14,5,5.02002,3.3684,-0.00200204,-0.00200204
0.07243,-3.57575e-14,5,5.01968,3.36938,-0.00196835,-0.00196835
0.07244,-7.11178e-14,5,5.01935,3.37033,-0.00193464,-0.00193464
0.07245,-5.97378e-14,5,5.01901,3.37126,-0.00190093,-0.00190093
0.07246,-5.31317e-14,5,5.01867,3.37217,-0.00186721,-0.00186721
0.07247,-4.78024e-14,5,5.01833,3.37305,-0.00183348,-0.00183348
0.07248,-4.29727e-14,5,5.018,3.37391,-0.00179974,-0.00179974
0.07249,-1.13866e-14,5,5.01766,3.37475,-0.00176599,-0.00176599
0.0725,-1.34958e-14,5,5.01732,3.37557,-0.00173224,-0.00173224
0.07251,-5.51289e-14,5,5.01698,3.37637,-0.00169847,-0.00169847
0.07252,-3.04818e-14,5,5.01665,3.37714,-0.0016647,-0.0016647
0.07253,-6.94485e-15,5,5.01631,3.37789,-0.00163092,-0.00163092
0.07254,-5.37406e-14,5,5.01597,3.37861,-0.00159714,-0.00159714
0.07255,-7.21146e-14,5,5.01563,3.37932,-0.00156334,-0.00156334
0.07256,-2.23209e-14,5,5.0153,3.38,-0.00152954,-0.00152954
0.07257,-6.58414e-14,5,5.01496,3.38066,-0.00149574,-0.00149574
0.07258,-2.52626e-14,5,5.01462,3.3813,-0.00146192,-0.00146192
0.07259,-9.77483e-15,5,5.01428,3.38191,-0.0014281,-0.0014281
0.0726,-4.54683e-14,5,5.01394,3.3825,-0.00139428,-0.00139428
0.07261,-1.87673e-14,5,5.0136,3.38307,-0.00136045,-0.00136045
0.07262,-1.70463e-14,5,5.01327,3.38362,-0.00132661,-0.00132661
0.07263,1.20417e-14,5,5.01293,3.38414,-0.00129277,-0.00129277
0.07264,-2.35964e-14,5,5.01259,3.38464,-0.00125892,-0.00125892
0.07265,-1.92664e-14,5,5.01225,3.38512,-0.00122507,-0.00122507
0.07266,-2.89252e-14,5,5.01191,3.38557,-0.00119122,-0.00119122
0.07267,-3.76403e-14,5,5.01157,3.38601,-0.00115736,-0.00115736
0.07268,-1.85999e-14,5,5.01123,3.38642,-0.00112349,-0.00112349
0.07269,-3.25331e-14,5,5.0109,3.38681,-0.00108962,-0.00108962
0.0727,-1.45474e-14,5,5.01056,3.38717,-0.00105575,-0.00105575
0.07271,-2.97018e-14,5,5.01022,3.38751,-0.00102188,-0.00102188
0.07272,-3.55598e-15,5,5.00988,3.38783,-0.000988,-0.000988
0.07273,-1.99317e-14,5,5.00954,3.38813,-0.000954118,-0.000954118
0.07274,-8.8849e-15,5,5.0092,3.3884,-0.000920234,-0.000920234
0.07275,-1.61568e-14,5,5.00886,3.38866,-0.000886348,-0.000886348
0.07276,-1.87658e-14,5,5.00852,3.38889,-0.000852459,-0.000852459
0.07277,-1.03835e-14,5,5.00819,3.38909,-0.000818568,-0.000818568
0.07278,-2.93128e-14,5,5.00785,3.38928,-0.000784675,-0.000784675
0.07279,-1.68227e-14,5,5.00751,3.38944,-0.000750781,-0.000750781
0.0728,-1.58235e-14,5,5.00717,3.38958,-0.000716885,-0.000716885
0.07281,-1.47132e-14,5,5.00683,3.38969,-0.000682988,-0.000682988
0.07282,-4.11059e-15,5,5.00649,3.38979,-0.00064909,-0.00064909
0.07283,-5.38733e-15,5,5.00615,3.38986,-0.000615192,-0.000615192
0.07284,-6.44203e-15,5,5.00581,3.38991,-0.000581293,-0.000581293
0.07285,-1.18266e-14,5,5.00547,3.38993,-0.000547393,-0.000547393
0.07286,-7.10816e-15,5,5.00513,3.38994,-0.000513494,-0.000513494
0.07287,-8.32942e-15,5,5.0048,3.38992,-0.000479595,-0.000479595
0.07288,-1.25483e-14,5,5.00446,3.38988,-0.000445696,-0.000445696
0.07289,-1.20487e-14,5,5.00412,3.38981,-0.000411798,-0.000411798
0.0729,-1.55459e-14,5,5.00378,3.38972,-0.000377901,-0.000377901
0.07291,-1.26594e-14,5,5.00344,3.38961,-0.000344004,-0.000344004
0.07292,-9.49529e-15,5,5.0031,3.38948,-0.00031011,-0.00031011
0.07293,-7.38591e-15,5,5.00276,3.38933,-0.000276216,-0.000276216
0.07294,-6.16472e-15,5,5.00242,3.38915,-0.000242325,-0.000242325
0.07295,-4.72149e-15,5,5.00208,3.38895,-0.000208435,-0.000208435
0.07296,-3.77787e-15,5,5.00175,3.38873,-0.000174548,-0.000174548
0.07297,-3.11181e-15,5,5.00141,3.38848,-0.000140663,-0.000140663
0.07298,-1.00246e-15,5,5.00107,3.38821,-0.000106781,-0.000106781
0.07299,-1.61317e-15,5,5.00073,3.38792,-7.29018e-05,-7.29018e-05
0.073,-7.25079e-16,5,5.00039,3.38761,-3.90257e-05,-3.90257e-05
0.07301,2.18514e-16,5,5.00005,3.38728,-5.15292e-06,-5.15292e-06
0.07302,8.84544e-16,5,4.99971,3.38692,2.87163e-05,2.87163e-05
0.07303,1.27301e-15,5,4.99937,3.38654,6.25816e-05,6.25816e-05
0.07304,2.16108e-15,5,4.99904,3.38614,9.6443e-05,9.6443e-05
0.07305,3.60424e-15,5,4.9987,3.38571,0.0001303,0.0001303
0.07306,3.38207e-15,5,4.99836,3.38526,0.000164153,0.000164153
0.07307,3.32643e-15,5,4.99802,3.38479,0.000198001,0.000198001
0.07308,5.65775e-15,5,4.99768,3.3843,0.000231844,0.000231844
0.07309,6.76783e-15,5,4.99734,3.38378,0.000265681,0.000265681
0.0731,6.15705e-15,5,4.997,3.38325,0.000299514,0.000299514
0.07311,8.1553e-15,5,4.99667,3.38268,0.000333341,0.000333341
0.07312,1.13748e-14,5,4.99633,3.3821,0.000367162,0.000367162
0.07313,1.19297e-14,5,4.99599,3.3815,0.000400977,0.000400977
0.07314,4.10247e-15,5,4.99565,3.38087,0.000434785,0.000434785
0.07315,1.50935e-14,5,4.99531,3.38022,0.000468588,0.000468588
0.07316,2.03113e-14,5,4.99498,3.37954,0.000502383,0.000502383
0.07317,6.98848e-15,5,4.99464,3.37885,0.000536172,0.000536172
0.07318,1.70358e-14,5,4.9943,3.37813,0.000569953,0.000569953
0.07319,1.19841e-14,5,4.99396,3.37739,0.000603727,0.000603727
0.0732,1.50925e-14,5,4.99363,3.37663,0.000637493,0.000637493
0.07321,1.17061e-14,5,4.99329,3.37584,0.000671251,0.000671251
0.07322,2.06431e-14,5,4.99295,3.37504,0.000705002,0.000705002
0.07323,1.57024e-14,5,4.99261,3.37421,0.000738744,0.000738744
0.07324,1.10947e-14,5,4.99228,3.37335,0.000772477,0.000772477
0.07325,4.71072e-15,5,4.99194,3.37248,0.000806202,0.000806202
0.07326,6.20927e-15,5,4.9916,3.37158,0.000839918,0.000839918
0.07327,2.31954e-14,5,4.99126,3.37066,0.000873625,0.000873625
0.07328,4.04381e-15,5,4.99093,3.36972,0.000907322,0.000907322
0.07329,8.76199e-15,5,4.99059,3.36876,0.000941009,0.000941009
0.0733,2.38052e-14,5,4.99025,3.36777,0.000974687,0.000974687
0.07331,1.94751e-14,5,4.98992,3.36676,0.00100835,0.00100835
0.07332,2.0474e-14,5,4.98958,3.36573,0.00104201,0.00104201
0.07333,6.76244e-15,5,4.98924,3.36468,0.00107566,0.00107566
0.07334,2.69682e-14,5,4.98891,3.3636,0.00110929,0.00110929
0.07335,1.39783e-14,5,4.98857,3.3625,0.00114292,0.00114292
0.07336,2.62459e-14,5,4.98823,3.36138,0.00117653,0.00117653
0.07337,3.47943e-14,5,4.9879,3.36024,0.00121014,0.00121014
0.07338,2.25815e-14,5,4.98756,3.35907,0.00124373,0.00124373
0.07339,2.71331e-14,5,4.98723,3.35789,0.00127731,0.00127731
0.0734,2.70773e-14,5,4.98689,3.35668,0.00131087,0.00131087
0.07341,1.28106e-14,5,4.98656,3.35545,0.00134443,0.00134443
0.07342,1.52527e-14,5,4.98622,3.35419,0.00137797,0.00137797
0.07343,4.90031e-14,5,4.98589,3.35291,0.0014115,0.0014115
0.07344,1.24764e-14,5,4.98555,3.35162,0.00144501,0.00144501
0.07345,2.94625e-14,5,4.98521,3.3503,0.00147852,0.00147852
0.07346,2.25787e-14,5,4.98488,3.34895,0.00151201,0.00151201
0.07347,5.41642e-14,5,4.98455,3.34759,0.00154548,0.00154548
0.07348,1.39182e-14,5,4.98421,3.3462,0.00157894,0.00157894
0.07349,4.51706e-14,5,4.98388,3.34479,0.00161239,0.00161239
0.0735,6.1657e-14,5,4.98354,3.34336,0.00164583,0.00164583
0.07351,3.1625e-14,5,4.98321,3.34191,0.00167925,0.00167925
0.07352,6.32105e-14,5,4.98287,3.34043,0.00171265,0.00171265
0.07353,3.51769e-14,5,4.98254,3.33893,0.00174604,0.00174604
0.07354,2.2853e-14,5,4.98221,3.33741,0.00177941,0.00177941
0.07355,4.25035e-14,5,4.98187,3.33587,0.00181277,0.00181277
0.07356,5.14404e-14,5,4.98154,3.33431,0.00184611,0.00184611
0.07357,6.1543e-14,5,4.98121,3.33272,0.00187944,0.00187944
0.07358,5.41596e-14,5,4.98087,3.33111,0.00191275,0.00191275
0.07359,6.52058e-14,5,4.98054,3.32948,0.00194605,0.00194605
0.0736,1.45792e-14,5,4.98021,3.32783,0.00197933,0.00197933
0.07361,4.76634e-14,5,4.97987,3.32615,0.00201259,0.00201259
0.07362,5.14932e-14,5,4.97954,3.32446,0.00204583,0.00204583
0.07363,2.49028e-14,5,4.97921,3.32274,0.00207906,0.00207906
0.07364,4.96048e-14,5,4.97888,3.321,0.00211227,0.00211227
0.07365,3.46163e-14,5,4.97855,3.31924,0.00214546,0.00214546
0.07366,2.89537e-14,5,4.97821,3.31745,0.00217864,0.00217864
0.07367,5.09356e-14,5,4.97788,3.31565,0.00221179,0.00221179
0.07368,3.13951e-14,5,4.97755,3.31382,0.00224493,0.00224493
0.07369,1.27429e-14,5,4.97722,3.31197,0.00227805,0.00227805
0.0737,6.35906e-14,5,4.97689,3.3101,0.00231115,0.00231115
0.07371,5.14886e-14,5,4.97656,3.3082,0.00234423,0.00234423
0.07372,4.06079e-14,5,4.97623,3.30629,0.0023773,0.0023773
0.07373,3.61665e-14,5,4.9759,3.30435,0.00241034,0.00241034
0.07374,4.12729e-14,5,4.97557,3.30239,0.00244336,0.00244336
0.07375,5.65935e-14,5,4.97524,3.30041,0.00247637,0.00247637
0.07376,8.11288e-14,5,4.97491,3.29841,0.00250935,0.00250935
0.07377,5.41498e-14,5,4.97458,3.29638,0.00254232,0.00254232
0.07378,5.55926e-14,5,4.97425,3.29434,0.00257526,0.00257526
0.07379,2.05089e-14,5,4.97392,3.29227,0.00260818,0.00260818
0.0738,2.42276e-14,5,4.97359,3.29018,0.00264108,0.00264108
0.07381,-2.1963e-15,5,4.97326,3.28807,0.00267396,0.00267396
0.07382,6.88574e-14,5,4.97293,3.28593,0.00270682,0.00270682
0.07383,7.87933e-14,5,4.9726,3.28378,0.00273966,0.00273966
0.07384,3.73258e-14,5,4.97228,3.2816,0.00277248,0.00277248
0.07385,6.56914e-14,5,4.97195,3.27941,0.00280527,0.00280527
0.07386,5.56988e-14,5,4.97162,3.27719,0.00283804,0.00283804
0.07387,1.24088e-13,5,4.97129,3.27494,0.00287079,0.00287079
0.07388,4.47063e-14,5,4.97096,3.27268,0.00290352,0.00290352
0.07389,4.38175e-14,5,4.97064,3.2704,0.00293622,0.00293622
0.0739,1.18146e-13,5,4.97031,3.26809,0.0029689,0.0029689
0.07391,9.18334e-14,5,4.96998,3.26576,0.00300156,0.00300156
0.07392,1.41171e-14,5,4.96966,3.26341,0.0030342,0.0030342
0.07393,1.02712e-13,5,4.96933,3.26104,0.00306681,0.00306681
0.07394,4.78989e-15,5,4.96901,3.25865,0.00309939,0.00309939
0.07395,4.72553e-14,5,4.96868,3.25624,0.00313196,0.00313196
0.07396,1.00379e-13,5,4.96836,3.2538,0.00316449,0.00316449
0.07397,8.90538e-14,5,4.96803,3.25135,0.00319701,0.00319701
0.07398,1.06539e-13,5,4.96771,3.24887,0.0032295,0.0032295
0.07399,7.34538e-14,5,4.96738,3.24637,0.00326196,0.00326196
0.074,1.35626e-13,5,4.96706,3.24385,0.0032944,0.0032944
0.07401,3.88689e-14,5,4.96673,3.24131,0.00332681,0.00332681
0.07402,3.83131e-14,5,4.96641,3.23874,0.0033592,0.0033592
0.07403,4.61949e-14,5,4.96608,3.23616,0.00339156,0.00339156
0.07404,8.60512e-14,5,4.96576,3.23355,0.0034239,0.0034239
0.07405,1.22521e-13,5,4.96544,3.23092,0.00345621,0.00345621
0.07406,1.18135e-13,5,4.96512,3.22828,0.00348849,0.00348849
0.07407,9.02123e-14,5,4.96479,3.22561,0.00352074,0.00352074
0.07408,1.1064e-13,5,4.96447,3.22292,0.00355297,0.00355297
0.07409,7.86645e-14,5,4.96415,3.2202,0.00358518,0.00358518
0.0741,6.21769e-14,5,4.96383,3.21747,0.00361735,0.00361735
0.07411,6.98367e-14,5,4.96351,3.21472,0.0036495,0.0036495
0.07412,1.08305e-13,5,4.96318,3.21194,0.00368162,0.00368162
0.07413,6.84474e-14,5,4.96286,3.20914,0.00371371,0.00371371
0.07414,1.23292e-13,5,4.96254,3.20633,0.00374577,0.00374577
0.07415,4.56862e-14,5,4.96222,3.20349,0.00377781,0.00377781
0.07416,6.12841e-14,5,4.9619,3.20063,0.00380981,0.00380981
0.07417,5.25125e-14,5,4.96158,3.19775,0.00384179,0.00384179
0.07418,7.02753e-14,5,4.96126,3.19484,0.00387374,0.00387374
0.07419,4.95133e-14,5,4.96094,3.19192,0.00390566,0.00390566
0.0742,9.38659e-14,5,4.96062,3.18898,0.00393755,0.00393755
0.07421,2.04793e-14,5,4.96031,3.18601,0.00396941,0.00396941
0.07422,9.92488e-14,5,4.95999,3.18303,0.00400124,0.00400124
0.07423,8.62583e-14,5,4.95967,3.18002,0.00403304,0.00403304
0.07424,7.67096e-14,5,4.95935,3.17699,0.00406481,0.00406481
0.07425,1.63695e-13,5,4.95903,3.17394,0.00409655,0.00409655
0.07426,9.70805e-14,5,4.95872,3.17087,0.00412826,0.00412826
0.07427,1.3627e-13,5,4.9584,3.16778,0.00415993,0.00415993
0.07428,8.39226e-14,5,4.95808,3.16467,0.00419158,0.00419158
0.07429,8.15902e-14,5,4.95777,3.16154,0.0042232,0.0042232
0.0743,1.55142e-13,5,4.95745,3.15839,0.00425478,0.00425478
0.07431,4.40074e-14,5,4.95714,3.15522,0.00428633,0.00428633
0.07432,1.11064e-13,5,4.95682,3.15202,0.00431785,0.00431785
0.07433,1.48367e-13,5,4.95651,3.14881,0.00434934,0.00434934
0.07434,1.16835e-13,5,4.95619,3.14557,0.0043808,0.0043808
0.07435,8.86348e-14,5,4.95588,3.14232,0.00441222,0.00441222
0.07436,7.72541e-14,5,4.95556,3.13904,0.00444361,0.00444361
0.07437,9.41286e-14,5,4.95525,3.13574,0.00447497,0.00447497
0.07438,1.48473e-13,5,4.95494,3.13243,0.00450629,0.00450629
0.07439,7.70293e-14,5,4.95462,3.12909,0.00453758,0.00453758
0.0744,1.12389e-13,5,4.95431,3.12573,0.00456884,0.00456884
0.07441,1.44085e-13,5,4.954,3.12235,0.00460006,0.00460006
0.07442,1.16384e-13,5,4.95369,3.11895,0.00463125,0.00463125
0.07443,1.41918e-13,5,4.95338,3.11553,0.00466241,0.00466241
0.07444,1.04225e-13,5,4.95306,3.11209,0.00469353,0.00469353
0.07445,1.11885e-13,5,4.95275,3.10863,0.00472461,0.00472461
0.07446,4.42155e-14,5,4.95244,3.10515,0.00475567,0.00475567
0.07447,1.19432e-13,5,4.95213,3.10165,0.00478668,0.00478668
0.07448,9.91141e-14,5,4.95182,3.09813,0.00481766,0.00481766
0.07449,1.40746e-13,5,4.95151,3.09459,0.00484861,0.00484861
0.0745,1.15321e-13,5,4.9512,3.09102,0.00487952,0.00487952
0.07451,1.19484e-13,5,4.9509,3.08744,0.00491039,0.00491039
0.07452,7.71277e-14,5,4.95059,3.08384,0.00494123,0.00494123
0.07453,2.3947e-14,5,4.95028,3.08022,0.00497204,0.00497204
0.07454,1.07157e-13,5,4.94997,3.07657,0.0050028,0.0050028
0.07455,1.31082e-13,5,4.94966,3.07291,0.00503353,0.00503353
0.07456,1.25252e-13,5,4.94936,3.06923,0.00506422,0.00506422
0.07457,6.04138e-14,5,4.94905,3.06552,0.00509488,0.00509488
0.07458,1.32688e-13,5,4.94875,3.0618,0.0051255,0.0051255
0.07459,1.95193e-13,5,4.94844,3.05806,0.00515608,0.00515608
0.0746,9.88799e-14,5,4.94813,3.05429,0.00518662,0.00518662
0.07461,2.61193e-13,5,4.94783,3.05051,0.00521712,0.00521712
0.07462,7.46749e-14,5,4.94752,3.04671,0.00524759,0.00524759
0.07463,6.63471e-14,5,4.94722,3.04289,0.00527802,0.00527802
0.07464,1.92967e-13,5,4.94692,3.03904,0.00530841,0.00530841
0.07465,6.83434e-14,5,4.94661,3.03518,0.00533876,0.00533876
0.07466,9.99837e-14,5,4.94631,3.0313,0.00536908,0.00536908
0.07467,1.25129e-13,5,4.94601,3.02739,0.00539935,0.00539935
0.07468,2.06174e-13,5,4.9457,3.02347,0.00542958,0.00542958
0.07469,1.76364e-13,5,4.9454,3.01953,0.00545978,0.00545978
0.0747,9.43172e-14,5,4.9451,3.01557,0.00548994,0.00548994
0.07471,2.4403e-13,5,4.9448,3.01159,0.00552005,0.00552005
0.07472,1.1169e-13,5,4.9445,3.00759,0.00555013,0.00555013
0.07473,9.10387e-14,5,4.9442,3.00357,0.00558016,0.00558016
0.07474,5.49485e-15,5,4.9439,2.99953,0.00561016,0.00561016
0.07475,1.31226e-13,5,4.9436,2.99547,0.00564011,0.00564011
0.07476,1.74024e-13,5,4.9433,2.99139,0.00567003,0.00567003
0.07477,6.48884e-14,5,4.943,2.98729,0.0056999,0.0056999
0.07478,7.43796e-14,5,4.9427,2.98317,0.00572973,0.00572973
0.07479,1.59808e-14,5,4.9424,2.97903,0.00575952,0.00575952
0.0748,4.24029e-14,5,4.94211,2.97488,0.00578927,0.00578927
0.07481,1.90839e-13,5,4.94181,2.9707,0.00581898,0.00581898
0.07482,4.16234e-14,5,4.94151,2.9665,0.00584864,0.00584864
0.07483,1.96443e-13,5,4.94122,2.96229,0.00587826,0.00587826
0.07484,2.31913e-13,5,4.94092,2.95806,0.00590785,0.00590785
0.07485,1.77345e-13,5,4.94063,2.9538,0.00593738,0.00593738
0.07486,1.73957e-13,5,4.94033,2.94953,0.00596688,0.00596688
0.07487,1.98571e-14,5,4.94004,2.94524,0.00599633,0.00599633
0.07488,7.96969e-14,5,4.93974,2.94093,0.00602574,0.00602574
0.07489,1.47919e-13,5,4.93945,2.9366,0.00605511,0.00605511
0.0749,1.30543e-13,5,4.93916,2.93225,0.00608443,0.00608443
0.07491,2.72817e-13,5,4.93886,2.92788,0.00611371,0.00611371
0.07492,1.3598e-13,5,4.93857,2.92349,0.00614294,0.00614294
0.07493,7.525e-14,5,4.93828,2.91908,0.00617213,0.00617213
0.07494,1.02727e-13,5,4.93799,2.91466,0.00620128,0.00620128
0.07495,1.36217e-15,5,4.9377,2.91021,0.00623038,0.00623038
0.07496,6.85653e-15,5,4.93741,2.90575,0.00625944,0.00625944
0.07497,2.39447e-13,5,4.93712,2.90127,0.00628845,0.00628845
0.07498,2.49049e-13,5,4.93683,2.89677,0.00631742,0.00631742
0.07499,2.65646e-13,5,4.93654,2.89224,0.00634634,0.00634634
0.075,2.9018e-13,5,4.93625,2.88771,0.00637522,0.00637522
0.07501,9.42803e-14,5,4.93596,2.88315,0.00640405,0.00640405
0.07502,1.59528e-14,5,4.93567,2.87857,0.00643284,0.00643284
0.07503,5.0646e-14,5,4.93538,2.87398,0.00646158,0.00646158
0.07504,7.79007e-14,5,4.9351,2.86936,0.00649027,0.00649027
0.07505,2.02911e-13,5,4.93481,2.86473,0.00651892,0.00651892
0.07506,1.88032e-13,5,4.93452,2.86008,0.00654752,0.00654752
0.07507,2.48261e-13,5,4.93424,2.85541,0.00657607,0.00657607
0.07508,1.42344e-13,5,4.93395,2.85072,0.00660458,0.00660458
0.07509,8.16134e-14,5,4.93367,2.84602,0.00663304,0.00663304
0.0751,4.83609e-14,5,4.93339,2.84129,0.00666145,0.00666145
0.07511,1.36678e-13,5,4.9331,2.83655,0.00668982,0.00668982
0.07512,9.76522e-14,5,4.93282,2.83178,0.00671814,0.00671814
0.07513,1.35454e-13,5,4.93254,2.827,0.00674641,0.00674641
0.07514,2.24881e-13,5,4.93225,2.82221,0.00677463,0.00677463
0.07515,1.11748e-13,5,4.93197,2.81739,0.0068028,0.0068028
0.07516,1.08194e-13,5,4.93169,2.81255,0.00683093,0.00683093
0.07517,6.99454e-14,5,4.93141,2.8077,0.006859,0.006859
0.07518,7.83818e-14,5,4.93113,2.80283,0.00688703,0.00688703
0.07519,2.12828e-13,5,4.93085,2.79794,0.00691501,0.00691501
0.0752,9.63091e-14,5,4.93057,2.79303,0.00694294,0.00694294
0.07521,1.45602e-13,5,4.93029,2.7881,0.00697082,0.00697082
0.07522,2.07384e-13,5,4.93001,2.78316,0.00699865,0.00699865
0.07523,2.40245e-13,5,4.92974,2.7782,0.00702644,0.00702644
0.07524,2.00831e-13,5,4.92946,2.77322,0.00705417,0.00705417
0.07525,1.57809e-13,5,4.92918,2.76822,0.00708185,0.00708185
0.07526,2.91645e-13,5,4.92891,2.7632,0.00710948,0.00710948
0.07527,9.9075e-14,5,4.92863,2.75817,0.00713707,0.00713707
0.07528,9.80189e-14,5,4.92835,2.75312,0.0071646,0.0071646
0.07529,8.81106e-15,5,4.92808,2.74805,0.00719208,0.00719208
0.0753,2.32409e-13,5,4.9278,2.74296,0.00721951,0.00721951
0.07531,3.08461e-14,5,4.92753,2.73786,0.00724688,0.00724688
0.07532,2.86243e-14,5,4.92726,2.73273,0.00727421,0.00727421
0.07533,5.28257e-14,5,4.92699,2.72759,0.00730149,0.00730149
0.07534,1.56131e-13,5,4.92671,2.72244,0.00732871,0.00732871
0.07535,2.75645e-13,5,4.92644,2.71726,0.00735589,0.00735589
0.07536,5.74793e-15,5,4.92617,2.71207,0.00738301,0.00738301
0.07537,1.89655e-13,5,4.9259,2.70686,0.00741007,0.00741007
0.07538,7.70769e-14,5,4.92563,2.70163,0.00743709,0.00743709
0.07539,1.6667e-13,5,4.92536,2.69638,0.00746405,0.00746405
0.0754,1.59508e-13,5,4.92509,2.69112,0.00749097,0.00749097
0.07541,2.09633e-13,5,4.92482,2.68584,0.00751782,0.00751782
0.07542,1.28363e-13,5,4.92455,2.68054,0.00754463,0.00754463
0.07543,6.61893e-14,5,4.92429,2.67523,0.00757138,0.00757138
0.07544,1.72159e-13,5,4.92402,2.66989,0.00759808,0.00759808
0.07545,2.5226e-13,5,4.92375,2.66454,0.00762473,0.00762473
0.07546,2.24669e-13,5,4.92349,2.65918,0.00765132,0.00765132
0.07547,1.19252e-13,5,4.92322,2.65379,0.00767786,0.00767786
0.07548,1.91748e-13,5,4.92296,2.64839,0.00770434,0.00770434
0.07549,1.27853e-13,5,4.92269,2.64297,0.00773077,0.00773077
0.0755,1.79699e-13,5,4.92243,2.63754,0.00775714,0.00775714
0.07551,1.43171e-13,5,4.92217,2.63209,0.00778347,0.00778347
0.07552,1.5355e-13,5,4.9219,2.62662,0.00780973,0.00780973
0.07553,1.16856e-13,5,4.92164,2.62113,0.00783594,0.00783594
0.07554,5.12958e-14,5,4.92138,2.61563,0.0078621,0.0078621
0.07555,2.00619e-13,5,4.92112,2.61011,0.0078882,0.0078882
0.07556,1.24956e-13,5,4.92086,2.60457,0.00791425,0.00791425
0.07557,2.91988e-13,5,4.9206,2.59902,0.00794024,0.00794024
0.07558,3.12501e-14,5,4.92034,2.59345,0.00796617,0.00796617
0.07559,1.47988e-13,5,4.92008,2.58786,0.00799205,0.00799205
0.0756,1.95838e-13,5,4.91982,2.58226,0.00801787,0.00801787
0.07561,1.81014e-13,5,4.91956,2.57664,0.00804364,0.00804364
0.07562,2.22091e-13,5,4.91931,2.571,0.00806935,0.00806935
0.07563,2.08378e-13,5,4.91905,2.56535,0.008095,0.008095
0.07564,2.55173e-13,5,4.91879,2.55968,0.0081206,0.0081206
0.07565,1.34767e-13,5,4.91854,2.55399,0.00814614,0.00814614
0.07566,1.86502e-13,5,4.91828,2.54829,0.00817162,0.00817162
0.07567,1.79451e-13,5,4.91803,2.54257,0.00819705,0.00819705
0.07568,2.22248e-13,5,4.91778,2.53684,0.00822242,0.00822242
0.07569,1.94491e-13,5,4.91752,2.53108,0.00824773,0.00824773
0.0757,2.01484e-13,5,4.91727,2.52532,0.00827298,0.00827298
0.07571,1.19548e-13,5,4.91702,2.51953,0.00829817,0.00829817
0.07572,1.6451e-13,5,4.91677,2.51373,0.00832331,0.00832331
0.07573,2.09417e-13,5,4.91652,2.50792,0.00834839,0.00834839
0.07574,2.39558e-13,5,4.91627,2.50208,0.00837341,0.00837341
0.07575,1.24704e-13,5,4.91602,2.49623,0.00839837,0.00839837
0.07576,7.42981e-14,5,4.91577,2.49037,0.00842328,0.00842328
0.07577,1.82266e-13,5,4.91552,2.48449,0.00844812,0.00844812
0.07578,8.64517e-14,5,4.91527,2.47859,0.00847291,0.00847291
0.07579,1.05157e-13,5,4.91502,2.47268,0.00849764,0.00849764
0.0758,2.13791e-13,5,4.91478,2.46675,0.0085223,0.0085223
0.07581,1.59222e-13,5,4.91453,2.46081,0.00854691,0.00854691
0.07582,2.54755e-13,5,4.91429,2.45485,0.00857146,0.00857146
0.07583,1.30408e-13,5,4.91404,2.44887,0.00859595,0.00859595
0.07584,2.10176e-13,5,4.9138,2.44288,0.00862038,0.00862038
0.07585,2.34377e-13,5,4.91355,2.43687,0.00864475,0.00864475
0.07586,1.69206e-13,5,4.91331,2.43085,0.00866905,0.00866905
0.07587,2.06729e-13,5,4.91307,2.42481,0.0086933,0.0086933
0.07588,8.24938e-14,5,4.91283,2.41876,0.00871749,0.00871749
0.07589,3.2663e-13,5,4.91258,2.41269,0.00874162,0.00874162
0.0759,1.03307e-13,5,4.91234,2.40661,0.00876568,0.00876568
0.07591,1.66644e-13,5,4.9121,2.40051,0.00878969,0.00878969
0.07592,1.32669e-13,5,4.91186,2.39439,0.00881363,0.00881363
0.07593,1.8396e-13,5,4.91162,2.38826,0.00883752,0.00883752
0.07594,2.74497e-13,5,4.91139,2.38212,0.00886134,0.00886134
0.07595,1.29167e-13,5,4.91115,2.37595,0.0088851,0.0088851
0.07596,1.53534e-13,5,4.91091,2.36978,0.00890879,0.00890879
0.07597,1.83231e-13,5,4.91068,2.36359,0.00893243,0.00893243
0.07598,5.23897e-14,5,4.91044,2.35738,0.008956,0.008956
0.07599,2.75654e-13,5,4.9102,2.35116,0.00897951,0.00897951
0.076,2.29467e-13,5,4.90997,2.34492,0.00900296,0.00900296
0.07601,8.44144e-14,5,4.90974,2.33867,0.00902635,0.00902635
0.07602,2.37068e-13,5,4.9095,2.33241,0.00904967,0.00904967
0.07603,1.73007e-13,5,4.90927,2.32612,0.00907294,0.00907294
0.07604,1.72061e-13,5,4.90904,2.31983,0.00909613,0.00909613
0.07605,2.85302e-13,5,4.90881,2.31352,0.00911927,0.00911927
0.07606,1.07443e-13,5,4.90858,2.30719,0.00914234,0.00914234
0.07607,1.41414e-13,5,4.90835,2.30085,0.00916535,0.00916535
0.07608,3.20214e-13,5,4.90812,2.2945,0.0091883,0.0091883
0.07609,1.20427e-13,5,4.90789,2.28813,0.00921118,0.00921118
0.0761,1.54287e-13,5,4.90766,2.28174,0.00923399,0.00923399
0.07611,3.5024e-13,5,4.90743,2.27534,0.00925675,0.00925675
0.07612,1.80707e-13,5,4.90721,2.26893,0.00927944,0.00927944
0.07613,2.53536e-13,5,4.90698,2.2625,0.00930206,0.00930206
0.07614,2.65524e-13,5,4.90675,2.25606,0.00932462,0.00932462
0.07615,2.53144e-13,5,4.90653,2.2496,0.00934712,0.00934712
0.07616,1.3779e-13,5,4.9063,2.24313,0.00936955,0.00936955
0.07617,2.94107e-13,5,4.90608,2.23665,0.00939192,0.00939192
0.07618,1.85859e-13,5,4.90586,2.23015,0.00941422,0.00941422
0.07619,1.84969e-13,5,4.90564,2.22364,0.00943645,0.00943645
0.0762,9.33179e-14,5,4.90541,2.21711,0.00945862,0.00945862
0.07621,1.66369e-13,5,4.90519,2.21057,0.00948073,0.00948073
0.07622,2.03171e-13,5,4.90497,2.20401,0.00950277,0.00950277
0.07623,3.42669e-13,5,4.90475,2.19744,0.00952475,0.00952475
0.07624,1.53818e-13,5,4.90453,2.19086,0.00954665,0.00954665
0.07625,3.41166e-13,5,4.90432,2.18426,0.0095685,0.0095685
0.07626,2.43576e-13,5,4.9041,2.17765,0.00959027,0.00959027
0.07627,1.0796e-13,5,4.90388,2.17103,0.00961198,0.00961198
0.07628,6.63249e-14,5,4.90366,2.16439,0.00963363,0.00963363
0.07629,3.62864e-13,5,4.90345,2.15773,0.0096552,0.0096552
0.0763,3.30915e-13,5,4.90323,2.15107,0.00967672,0.00967672
0.07631,2.12036e-13,5,4.90302,2.14439,0.00969816,0.00969816
0.07632,1.32653e-13,5,4.9028,2.13769,0.00971954,0.00971954
0.07633,1.04202e-13,5,4.90259,2.13099,0.00974085,0.00974085
0.07634,2.50389e-13,5,4.90238,2.12427,0.00976209,0.00976209
0.07635,2.38952e-13,5,4.90217,2.11753,0.00978326,0.00978326
0.07636,7.72179e-14,5,4.90196,2.11079,0.00980437,0.00980437
0.07637,2.26041e-13,5,4.90175,2.10402,0.00982541,0.00982541
0.07638,2.35338e-13,5,4.90154,2.09725,0.00984638,0.00984638
0.07639,1.08493e-13,5,4.90133,2.09046,0.00986729,0.00986729
0.0764,1.88677e-13,5,4.90112,2.08366,0.00988813,0.00988813
0.07641,3.62924e-13,5,4.90091,2.07685,0.00990889,0.00990889
0.07642,1.75961e-13,5,4.9007,2.07002,0.00992959,0.00992959
0.07643,3.0802e-13,5,4.9005,2.06318,0.00995023,0.00995023
0.07644,7.38444e-14,5,4.90029,2.05633,0.00997079,0.00997079
0.07645,2.64773e-13,5,4.90009,2.04946,0.00999128,0.00999128
0.07646,3.06571e-13,5,4.89988,2.04259,0.0100117,0.0100117
0.07647,1.92244e-13,5,4.89968,2.03569,0.0100321,0.0100321
0.07648,2.54498e-13,5,4.89948,2.02879,0.0100524,0.0100524
0.07649,2.56328e-13,5,4.89927,2.02187,0.0100726,0.0100726
0.0765,1.86909e-13,5,4.89907,2.01494,0.0100927,0.0100927
0.07651,1.47744e-13,5,4.89887,2.008,0.0101128,0.0101128
0.07652,1.25454e-13,5,4.89867,2.00104,0.0101328,0.0101328
0.07653,2.18989e-13,5,4.89847,1.99408,0.0101528,0.0101528
0.07654,1.85097e-13,5,4.89827,1.9871,0.0101726,0.0101726
0.07655,1.20286e-13,5,4.89808,1.9801,0.0101924,0.0101924
0.07656,1.19757e-13,5,4.89788,1.9731,0.0102122,0.0102122
0.07657,2.77573e-13,5,4.89768,1.96608,0.0102318,0.0102318
0.07658,2.31802e-13,5,4.89749,1.95905,0.0102514,0.0102514
0.07659,4.15015e-13,5,4.89729,1.95201,0.0102709,0.0102709
0.0766,1.2172e-13,5,4.8971,1.94495,0.0102904,0.0102904
0.07661,3.50562e-13,5,4.8969,1.93789,0.0103098,0.0103098
0.07662,3.93609e-13,5,4.89671,1.93081,0.0103291,0.0103291
0.07663,2.23854e-13,5,4.89652,1.92371,0.0103483,0.0103483
0.07664,2.67817e-13,5,4.89633,1.91661,0.0103675,0.0103675
0.07665,4.13573e-14,5,4.89613,1.9095,0.0103866,0.0103866
0.07666,4.23328e-13,5,4.89594,1.90237,0.0104056,0.0104056
0.07667,1.77056e-14,5,4.89575,1.89523,0.0104245,0.0104245
0.07668,-7.16416e-14,5,4.89557,1.88808,0.0104434,0.0104434
0.07669,1.21091e-13,5,4.89538,1.88092,0.0104622,0.0104622
0.0767,3.33225e-13,5,4.89519,1.87374,0.010481,0.010481
0.07671,3.00804e-13,5,4.895,1.86655,0.0104996,0.0104996
0.07672,2.13539e-13,5,4.89482,1.85936,0.0105182,0.0105182
0.07673,3.25706e-14,5,4.89463,1.85215,0.0105367,0.0105367
0.07674,1.72651e-13,5,4.89445,1.84493,0.0105552,0.0105552
0.07675,1.37843e-13,5,4.89426,1.83769,0.0105736,0.0105736
0.07676,1.1325e-13,5,4.89408,1.83045,0.0105919,0.0105919
0.07677,2.82724e-13,5,4.8939,1.82319,0.0106101,0.0106101
0.07678,3.74315e-13,5,4.89372,1.81593,0.0106283,0.0106283
0.07679,1.14965e-13,5,4.89354,1.80865,0.0106464,0.0106464
0.0768,3.67261e-13,5,4.89336,1.80136,0.0106644,0.0106644
0.07681,4.01148e-13,5,4.89318,1.79406,0.0106823,0.0106823
0.07682,1.675e-13,5,4.893,1.78674,0.0107002,0.0107002
0.07683,7.08253e-14,5,4.89282,1.77942,0.010718,0.010718
0.07684,2.87261e-13,5,4.89264,1.77209,0.0107357,0.0107357
0.07685,8.2201e-14,5,4.89247,1.76474,0.0107533,0.0107533
0.07686,8.42807e-14,5,4.89229,1.75739,0.0107709,0.0107709
0.07687,4.66251e-13,5,4.89212,1.75002,0.0107884,0.0107884
0.07688,2.62884e-13,5,4.89194,1.74264,0.0108058,0.0108058
0.07689,3.26969e-13,5,4.89177,1.73525,0.0108232,0.0108232
0.0769,1.45807e-13,5,4.8916,1.72785,0.0108405,0.0108405
0.07691,1.15273e-13,5,4.89142,1.72044,0.0108577,0.0108577
0.07692,4.02736e-13,5,4.89125,1.71302,0.0108748,0.0108748
0.07693,2.64983e-13,5,4.89108,1.70559,0.0108919,0.0108919
0.07694,3.22046e-13,5,4.89091,1.69815,0.0109088,0.0109088
0.07695,5.10699e-13,5,4.89074,1.69069,0.0109257,0.0109257
0.07696,3.12022e-13,5,4.89057,1.68323,0.0109426,0.0109426
0.07697,3.42912e-13,5,4.89041,1.67575,0.0109593,0.0109593
0.07698,8.2202e-14,5,4.89024,1.66827,0.010976,0.010976
0.07699,1.44761e-13,5,4.89007,1.66078,0.0109926,0.0109926
0.077,2.34826e-13,5,4.88991,1.65327,0.0110092,0.0110092
0.07701,5.56614e-14,5,4.88974,1.64576,0.0110256,0.0110256
0.07702,4.46347e-13,5,4.88958,1.63823,0.011042,0.011042
0.07703,1.98598e-13,5,4.88942,1.6307,0.0110583,0.0110583
0.07704,3.76898e-13,5,4.88925,1.62315,0.0110745,0.0110745
0.07705,2.25656e-13,5,4.88909,1.6156,0.0110907,0.0110907
0.07706,3.52636e-13,5,4.88893,1.60803,0.0111068,0.0111068
0.07707,2.27595e-13,5,4.88877,1.60045,0.0111228,0.0111228
0.07708,2.2898e-13,5,4.88861,1.59287,0.0111387,0.0111387
0.07709,2.79355e-13,5,4.88845,1.58527,0.0111546,0.0111546
0.0771,3.00419e-13,5,4.8883,1.57767,0.0111703,0.0111703
0.07711,2.12792e-13,5,4.88814,1.57006,0.011186,0.011186
0.07712,3.91009e-13,5,4.88798,1.56243,0.0112017,0.0112017
0.07713,7.16233e-14,5,4.88783,1.5548,0.0112172,0.0112172
0.07714,8.20018e-14,5,4.88767,1.54715,0.0112327,0.0112327
0.07715,1.11532e-13,5,4.88752,1.5395,0.0112481,0.0112481
0.07716,3.03598e-13,5,4.88737,1.53184,0.0112634,0.0112634
0.07717,3.45701e-13,5,4.88721,1.52417,0.0112786,0.0112786
0.07718,3.79283e-13,5,4.88706,1.51649,0.0112938,0.0112938
0.07719,9.00958e-14,5,4.88691,1.5088,0.0113089,0.0113089
0.0772,7.23856e-14,5,4.88676,1.5011,0.0113239,0.0113239
0.07721,1.00999e-14,5,4.88661,1.49339,0.0113388,0.0113388
0.07722,2.68252e-13,5,4.88646,1.48567,0.0113537,0.0113537
0.07723,7.42388e-14,5,4.88632,1.47795,0.0113685,0.0113685
0.07724,2.46044e-13,5,4.88617,1.47021,0.0113832,0.0113832
0.07725,2.36549e-13,5,4.88602,1.46246,0.0113978,0.0113978
0.07726,1.79926e-13,5,4.88588,1.45471,0.0114123,0.0114123
0.07727,-1.80016e-14,5,4.88573,1.44695,0.0114268,0.0114268
0.07728,2.29854e-13,5,4.88559,1.43918,0.0114412,0.0114412
0.07729,3.72876e-13,5,4.88544,1.4314,0.0114555,0.0114555
0.0773,3.14282e-13,5,4.8853,1.42361,0.0114698,0.0114698
0.07731,1.83745e-13,5,4.88516,1.41581,0.0114839,0.0114839
0.07732,5.65021e-13,5,4.88502,1.408,0.011498,0.011498
0.07733,2.21766e-13,5,4.88488,1.40019,0.011512,0.011512
0.07734,1.90705e-13,5,4.88474,1.39237,0.0115259,0.0115259
0.07735,3.70809e-13,5,4.8846,1.38453,0.0115398,0.0115398
0.07736,-2.19902e-14,5,4.88446,1.37669,0.0115535,0.0115535
0.07737,5.01228e-13,5,4.88433,1.36885,0.0115672,0.0115672
0.07738,4.72693e-13,5,4.88419,1.36099,0.0115808,0.0115808
0.07739,1.53623e-14,5,4.88406,1.35312,0.0115944,0.0115944
0.0774,3.88367e-13,5,4.88392,1.34525,0.0116078,0.0116078
0.07741,3.48758e-13,5,4.88379,1.33737,0.0116212,0.0116212
0.07742,2.44478e-13,5,4.88366,1.32948,0.0116345,0.0116345
0.07743,4.22694e-13,5,4.88352,1.32158,0.0116477,0.0116477
0.07744,3.20219e-13,5,4.88339,1.31368,0.0116608,0.0116608
0.07745,2.82608e-13,5,4.88326,1.30577,0.0116739,0.0116739
0.07746,1.99894e-13,5,4.88313,1.29784,0.0116869,0.0116869
0.07747,-3.87231e-14,5,4.883,1.28992,0.0116998,0.0116998
0.07748,3.6473e-13,5,4.88287,1.28198,0.0117126,0.0117126
0.07749,3.88459e-13,5,4.88275,1.27403,0.0117253,0.0117253
0.0775,3.74079e-13,5,4.88262,1.26608,0.011738,0.011738
0.07751,2.07821e-13,5,4.88249,1.25812,0.0117506,0.0117506
0.07752,4.57119e-13,5,4.88237,1.25016,0.0117631,0.0117631
0.07753,3.24612e-13,5,4.88225,1.24218,0.0117755,0.0117755
0.07754,3.76318e-13,5,4.88212,1.2342,0.0117878,0.0117878
0.07755,2.67986e-13,5,4.882,1.22621,0.0118001,0.0118001
0.07756,5.64247e-13,5,4.88188,1.21821,0.0118123,0.0118123
0.07757,4.64658e-13,5,4.88176,1.21021,0.0118244,0.0118244
0.07758,5.32351e-13,5,4.88164,1.2022,0.0118364,0.0118364
0.07759,1.92898e-13,5,4.88152,1.19418,0.0118484,0.0118484
0.0776,4.62736e-13,5,4.8814,1.18615,0.0118602,0.0118602
0.07761,3.1116e-13,5,4.88128,1.17812,0.011872,0.011872
0.07762,2.98529e-13,5,4.88116,1.17008,0.0118837,0.0118837
0.07763,7.4956e-14,5,4.88105,1.16204,0.0118953,0.0118953
0.07764,4.26672e-13,5,4.88093,1.15398,0.0119069,0.0119069
0.07765,3.20311e-13,5,4.88082,1.14592,0.0119183,0.0119183
0.07766,3.13425e-13,5,4.8807,1.13786,0.0119297,0.0119297
0.07767,2.80755e-13,5,4.88059,1.12978,0.011941,0.011941
0.07768,9.63721e-14,5,4.88048,1.1217,0.0119522,0.0119522
0.07769,3.15833e-13,5,4.88037,1.11362,0.0119633,0.0119633
0.0777,3.57187e-13,5,4.88026,1.10552,0.0119744,0.0119744
0.07771,3.19881e-13,5,4.88015,1.09742,0.0119854,0.0119854
0.07772,7.53798e-14,5,4.88004,1.08932,0.0119963,0.0119963
0.07773,4.04059e-13,5,4.87993,1.0812,0.0120071,0.0120071
0.07774,2.66583e-13,5,4.87982,1.07308,0.0120178,0.0120178
0.07775,2.14651e-13,5,4.87972,1.06496,0.0120285,0.0120285
0.07776,3.446e-13,5,4.87961,1.05683,0.012039,0.012039
0.07777,5.24704e-13,5,4.8795,1.04869,0.0120495,0.0120495
0.07778,1.68001e-13,5,4.8794,1.04054,0.0120599,0.0120599
0.07779,2.78424e-13,5,4.8793,1.03239,0.0120702,0.0120702
0.0778,2.67736e-13,5,4.8792,1.02424,0.0120805,0.0120805
0.07781,2.29236e-13,5,4.87909,1.01608,0.0120906,0.0120906
0.07782,2.82421e-14,5,4.87899,1.00791,0.0121007,0.0121007
0.07783,4.38995e-13,5,4.87889,0.999734,0.0121107,0.0121107
0.07784,1.88762e-13,5,4.87879,0.991555,0.0121206,0.0121206
0.07785,2.77994e-13,5,4.8787,0.98337,0.0121305,0.0121305
0.07786,3.42357e-13,5,4.8786,0.975179,0.0121402,0.0121402
0.07787,2.44308e-13,5,4.8785,0.966982,0.0121499,0.0121499
0.07788,5.27829e-13,5,4.87841,0.95878,0.0121595,0.0121595
0.07789,3.72159e-13,5,4.87831,0.950572,0.012169,0.012169
0.0779,3.20213e-13,5,4.87822,0.942359,0.0121784,0.0121784
0.07791,2.32267e-13,5,4.87812,0.93414,0.0121878,0.0121878
0.07792,1.95405e-13,5,4.87803,0.925916,0.012197,0.012197
0.07793,6.88096e-14,5,4.87794,0.917687,0.0122062,0.0122062
0.07794,3.93284e-13,5,4.87785,0.909453,0.0122153,0.0122153
0.07795,3.44862e-13,5,4.87776,0.901213,0.0122243,0.0122243
0.07796,2.35905e-13,5,4.87767,0.892968,0.0122332,0.0122332
0.07797,1.50943e-13,5,4.87758,0.884718,0.0122421,0.0122421
0.07798,4.01338e-13,5,4.87749,0.876463,0.0122508,0.0122508
0.07799,3.88471e-13,5,4.8774,0.868204,0.0122595,0.0122595
0.078,1.95373e-13,5,4.87732,0.859939,0.0122681,0.0122681
0.07801,3.59309e-13,5,4.87723,0.851669,0.0122766,0.0122766
0.07802,5.07577e-13,5,4.87715,0.843395,0.0122851,0.0122851
0.07803,2.67031e-13,5,4.87707,0.835116,0.0122934,0.0122934
0.07804,1.73492e-13,5,4.87698,0.826832,0.0123017,0.0123017
0.07805,5.3502e-13,5,4.8769,0.818544,0.0123099,0.0123099
0.07806,5.22264e-13,5,4.87682,0.810251,0.012318,0.012318
0.07807,-1.23798e-14,5,4.87674,0.801953,0.012326,0.012326
0.07808,1.47226e-13,5,4.87666,0.793651,0.0123339,0.0123339
0.07809,3.97829e-13,5,4.87658,0.785345,0.0123418,0.0123418
0.0781,3.63091e-13,5,4.8765,0.777034,0.0123496,0.0123496
0.07811,3.48378e-13,5,4.87643,0.768719,0.0123572,0.0123572
0.07812,2.03852e-13,5,4.87635,0.7604,0.0123648,0.0123648
0.07813,4.61422e-13,5,4.87628,0.752076,0.0123724,0.0123724
0.07814,6.0962e-14,5,4.8762,0.743749,0.0123798,0.0123798
0.07815,4.43029e-13,5,4.87613,0.735417,0.0123872,0.0123872
0.07816,3.19292e-13,5,4.87606,0.727081,0.0123944,0.0123944
0.07817,2.20022e-13,5,4.87598,0.718742,0.0124016,0.0124016
0.07818,2.20395e-13,5,4.87591,0.710398,0.0124087,0.0124087
0.07819,3.95128e-13,5,4.87584,0.702051,0.0124157,0.0124157
0.0782,3.63859e-13,5,4.87577,0.6937,0.0124227,0.0124227
0.07821,2.00584e-13,5,4.8757,0.685345,0.0124295,0.0124295
0.07822,2.06299e-13,5,4.87564,0.676986,0.0124363,0.0124363
0.07823,-4.40301e-16,5,4.87557,0.668624,0.012443,0.012443
0.07824,1.07998e-13,5,4.8755,0.660258,0.0124496,0.0124496
0.07825,1.49435e-13,5,4.87544,0.651889,0.0124561,0.0124561
0.07826,4.23478e-13,5,4.87537,0.643516,0.0124625,0.0124625
0.07827,9.24761e-14,5,4.87531,0.63514,0.0124689,0.0124689
0.07828,3.64881e-13,5,4.87525,0.626761,0.0124752,0.0124752
0.07829,4.0239e-13,5,4.87519,0.618378,0.0124813,0.0124813
0.0783,2.75906e-13,5,4.87513,0.609992,0.0124874,0.0124874
0.07831,2.8337e-13,5,4.87507,0.601603,0.0124935,0.0124935
0.07832,4.02978e-14,5,4.87501,0.593211,0.0124994,0.0124994
0.07833,2.98769e-13,5,4.87495,0.584815,0.0125052,0.0125052
0.07834,-8.41787e-15,5,4.87489,0.576417,0.012511,0.012511
0.07835,5.5234e-13,5,4.87483,0.568016,0.0125167,0.0125167
0.07836,4.58496e-13,5,4.87478,0.559612,0.0125223,0.0125223
0.07837,4.6095e-13,5,4.87472,0.551205,0.0125278,0.0125278
0.07838,1.73497e-13,5,4.87467,0.542795,0.0125332,0.0125332
0.07839,1.19107e-13,5,4.87461,0.534382,0.0125386,0.0125386
0.0784,3.65741e-13,5,4.87456,0.525967,0.0125438,0.0125438
0.07841,2.99028e-13,5,4.87451,0.517549,0.012549,0.012549
0.07842,2.13761e-13,5,4.87446,0.509129,0.0125541,0.0125541
0.07843,1.77177e-13,5,4.87441,0.500706,0.0125591,0.0125591
0.07844,2.56215e-13,5,4.87436,0.492281,0.012564,0.012564
0.07845,2.90248e-13,5,4.87431,0.483853,0.0125689,0.0125689
0.07846,1.18397e-13,5,4.87426,0.475423,0.0125736,0.0125736
0.07847,2.61662e-13,5,4.87422,0.466991,0.0125783,0.0125783
0.07848,1.03973e-13,5,4.87417,0.458557,0.0125829,0.0125829
0.07849,1.65915e-13,5,4.87413,0.45012,0.0125874,0.0125874
0.0785,5.83524e-14,5,4.87408,0.441682,0.0125918,0.0125918
0.07851,7.40666e-14,5,4.87404,0.433241,0.0125961,0.0125961
0.07852,2.7829e-13,5,4.874,0.424798,0.0126004,0.0126004
0.07853,2.81285e-13,5,4.87395,0.416353,0.0126045,0.0126045
0.07854,3.7527e-13,5,4.87391,0.407907,0.0126086,0.0126086
0.07855,1.70147e-13,5,4.87387,0.399459,0.0126126,0.0126126
0.07856,1.8514e-13,5,4.87383,0.391008,0.0126165,0.0126165
0.07857,2.98171e-14,5,4.8738,0.382557,0.0126203,0.0126203
0.07858,2.23056e-13,5,4.87376,0.374103,0.0126241,0.0126241
0.07859,1.46726e-13,5,4.87372,0.365648,0.0126277,0.0126277
0.0786,5.46772e-13,5,4.87369,0.357191,0.0126313,0.0126313
0.07861,1.2265e-13,5,4.87365,0.348733,0.0126348,0.0126348
0.07862,7.47486e-14,5,4.87362,0.340274,0.0126382,0.0126382
0.07863,4.66475e-13,5,4.87358,0.331813,0.0126415,0.0126415
0.07864,4.51609e-13,5,4.87355,0.323351,0.0126448,0.0126448
0.07865,3.20677e-13,5,4.87352,0.314887,0.0126479,0.0126479
0.07866,1.36704e-13,5,4.87349,0.306423,0.012651,0.012651
0.07867,4.17338e-13,5,4.87346,0.297957,0.0126539,0.0126539
0.07868,8.85221e-14,5,4.87343,0.28949,0.0126568,0.0126568
0.07869,3.49832e-13,5,4.8734,0.281022,0.0126597,0.0126597
0.0787,3.54374e-13,5,4.87338,0.272553,0.0126624,0.0126624
0.07871,3.92029e-13,5,4.87335,0.264084,0.012665,0.012665
0.07872,2.97866e-13,5,4.87332,0.255613,0.0126676,0.0126676
0.07873,3.61597e-13,5,4.8733,0.247142,0.01267,0.01267
0.07874,1.90746e-13,5,4.87328,0.23867,0.0126724,0.0126724
0.07875,3.02272e-13,5,4.87325,0.230197,0.0126747,0.0126747
0.07876,7.61937e-14,5,4.87323,0.221723,0.012677,0.012677
0.07877,2.9333e-14,5,4.87321,0.213249,0.0126791,0.0126791
0.07878,4.51104e-13,5,4.87319,0.204775,0.0126811,0.0126811
0.07879,4.94002e-13,5,4.87317,0.1963,0.0126831,0.0126831
0.0788,-7.40165e-15,5,4.87315,0.187824,0.012685,0.012685
0.07881,1.45665e-13,5,4.87313,0.179348,0.0126868,0.0126868
0.07882,3.32971e-13,5,4.87312,0.170872,0.0126885,0.0126885
0.07883,1.61623e-13,5,4.8731,0.162396,0.0126901,0.0126901
0.07884,1.48204e-13,5,4.87308,0.15392,0.0126916,0.0126916
0.07885,3.54551e-13,5,4.87307,0.145443,0.0126931,0.0126931
0.07886,3.87737e-13,5,4.87306,0.136966,0.0126945,0.0126945
0.07887,8.22046e-14,5,4.87304,0.12849,0.0126957,0.0126957
0.07888,1.81911e-13,5,4.87303,0.120013,0.0126969,0.0126969
0.07889,2.9393e-13,5,4.87302,0.111536,0.0126981,0.0126981
0.0789,2.52749e-13,5,4.87301,0.10306,0.0126991,0.0126991
0.07891,5.74985e-13,5,4.873,0.0945839,0.0127,0.0127
0.07892,4.13053e-13,5,4.87299,0.086108,0.0127009,0.0127009
0.07893,2.83627e-13,5,4.87298,0.0776325,0.0127017,0.0127017
0.07894,4.76054e-13,5,4.87298,0.0691573,0.0127024,0.0127024
0.07895,3.70231e-13,5,4.87297,0.0606826,0.012703,0.012703
0.07896,2.556e-13,5,4.87297,0.0522084,0.0127035,0.0127035
0.07897,4.21656e-13,5,4.87296,0.0437347,0.0127039,0.0127039
0.07898,2.48464e-13,5,4.87296,0.0352616,0.0127043,0.0127043
0.07899,2.56452e-14,5,4.87295,0.0267893,0.0127046,0.0127046
0.079,4.28999e-14,5,4.87295,0.0183176,0.0127047,0.0127047
0.07901,1.35251e-13,5,4.87295,0.00984672,0.0127048,0.0127048
0.07902,1.37815e-13,5,4.87295,0.00137668,0.0127049,0.0127049
0.07903,3.40538e-13,5,4.87295,-0.00709246,0.0127048,0.0127048
0.07904,5.78715e-13,5,4.87295,-0.0155607,0.0127046,0.0127046
0.07905,2.32998e-13,5,4.87296,-0.0240278,0.0127044,0.0127044
0.07906,2.75757e-13,5,4.87296,-0.032494,0.0127041,0.0127041
0.07907,8.78588e-14,5,4.87296,-0.040959,0.0127037,0.0127037
0.07908,1.87158e-13,5,4.87297,-0.0494228,0.0127032,0.0127032
0.07909,1.82136e-13,5,4.87297,-0.0578854,0.0127026,0.0127026
0.0791,3.63526e-13,5,4.87298,-0.0663467,0.0127019,0.0127019
0.07911,5.67445e-13,5,4.87299,-0.0748067,0.0127012,0.0127012
0.07912,1.75407e-13,5,4.873,-0.0832652,0.0127003,0.0127003
0.07913,1.60684e-13,5,4.87301,-0.0917223,0.0126994,0.0126994
0.07914,3.59833e-13,5,4.87302,-0.100178,0.0126984,0.0126984
0.07915,3.82192e-13,5,4.87303,-0.108632,0.0126973,0.0126973
0.07916,6.46392e-14,5,4.87304,-0.117084,0.0126962,0.0126962
0.07917,1.53711e-13,5,4.87305,-0.125535,0.0126949,0.0126949
0.07918,4.86627e-13,5,4.87306,-0.133984,0.0126936,0.0126936
0.07919,2.18663e-13,5,4.87308,-0.142431,0.0126921,0.0126921
0.0792,5.51642e-13,5,4.87309,-0.150877,0.0126906,0.0126906
0.07921,4.13842e-13,5,4.87311,-0.15932,0.012689,0.012689
0.07922,3.25357e-13,5,4.87313,-0.167761,0.0126874,0.0126874
0.07923,3.51727e-13,5,4.87314,-0.176201,0.0126856,0.0126856
0.07924,1.0396e-13,5,4.87316,-0.184638,0.0126837,0.0126837
0.07925,3.30141e-13,5,4.87318,-0.193073,0.0126818,0.0126818
0.07926,-4.04139e-14,5,4.8732,-0.201507,0.0126798,0.0126798
0.07927,4.22946e-13,5,4.87322,-0.209937,0.0126777,0.0126777
0.07928,1.9524e-13,5,4.87324,-0.218366,0.0126755,0.0126755
0.07929,2.52841e-13,5,4.87327,-0.226792,0.0126733,0.0126733
0.0793,4.35484e-13,5,4.87329,-0.235216,0.0126709,0.0126709
0.07931,5.83162e-13,5,4.87332,-0.243637,0.0126685,0.0126685
0.07932,3.08741e-13,5,4.87334,-0.252056,0.0126659,0.0126659
0.07933,3.62206e-13,5,4.87337,-0.260472,0.0126633,0.0126633
0.07934,3.56954e-13,5,4.87339,-0.268886,0.0126607,0.0126607
0.07935,3.61382e-13,5,4.87342,-0.277296,0.0126579,0.0126579
0.07936,2.16798e-13,5,4.87345,-0.285704,0.012655,0.012655
0.07937,4.46907e-13,5,4.87348,-0.29411,0.0126521,0.0126521
0.07938,-1.59165e-14,5,4.87351,-0.302512,0.0126491,0.0126491
0.07939,2.62102e-13,5,4.87354,-0.310912,0.0126459,0.0126459
0.0794,2.13933e-13,5,4.87357,-0.319308,0.0126428,0.0126428
0.07941,3.64453e-13,5,4.87361,-0.327702,0.0126395,0.0126395
0.07942,5.56734e-13,5,4.87364,-0.336092,0.0126361,0.0126361
0.07943,4.06782e-13,5,4.87367,-0.34448,0.0126327,0.0126327
0.07944,2.1305e-13,5,4.87371,-0.352864,0.0126291,0.0126291
0.07945,2.74304e-13,5,4.87374,-0.361245,0.0126255,0.0126255
0.07946,2.07535e-13,5,4.87378,-0.369622,0.0126218,0.0126218
0.07947,5.39552e-13,5,4.87382,-0.377997,0.0126181,0.0126181
0.07948,4.33267e-13,5,4.87386,-0.386367,0.0126142,0.0126142
0.07949,4.16181e-13,5,4.8739,-0.394735,0.0126102,0.0126102
0.0795,1.06662e-13,5,4.87394,-0.403099,0.0126062,0.0126062
0.07951,2.60266e-13,5,4.87398,-0.411459,0.0126021,0.0126021
0.07952,4.96117e-13,5,4.87402,-0.419815,0.0125979,0.0125979
0.07953,2.06256e-13,5,4.87406,-0.428168,0.0125936,0.0125936
0.07954,1.47384e-13,5,4.87411,-0.436518,0.0125892,0.0125892
0.07955,1.67082e-13,5,4.87415,-0.444863,0.0125848,0.0125848
0.07956,3.40684e-13,5,4.8742,-0.453204,0.0125803,0.0125803
0.07957,5.16547e-13,5,4.87424,-0.461542,0.0125757,0.0125757
0.07958,3.16046e-13,5,4.87429,-0.469876,0.012571,0.012571
0.07959,4.30882e-14,5,4.87434,-0.478205,0.0125662,0.0125662
0.0796,4.56713e-13,5,4.87439,-0.486531,0.0125613,0.0125613
0.07961,4.97408e-13,5,4.87444,-0.494852,0.0125564,0.0125564
0.07962,1.55686e-14,5,4.87449,-0.50317,0.0125513,0.0125513
0.07963,2.26245e-13,5,4.87454,-0.511483,0.0125462,0.0125462
0.07964,7.12e-14,5,4.87459,-0.519791,0.012541,0.012541
0.07965,3.11589e-13,5,4.87464,-0.528096,0.0125357,0.0125357
0.07966,3.4481e-13,5,4.8747,-0.536396,0.0125304,0.0125304
0.07967,2.50793e-13,5,4.87475,-0.544691,0.0125249,0.0125249
0.07968,3.37304e-13,5,4.87481,-0.552982,0.0125194,0.0125194
0.07969,2.30443e-13,5,4.87486,-0.561268,0.0125138,0.0125138
0.0797,4.6628e-13,5,4.87492,-0.56955,0.0125081,0.0125081
0.07971,2.17081e-13,5,4.87498,-0.577827,0.0125023,0.0125023
0.07972,2.47249e-13,5,4.87504,-0.5861,0.0124964,0.0124964
0.07973,4.12108e-13,5,4.87509,-0.594367,0.0124905,0.0124905
0.07974,5.67537e-13,5,4.87516,-0.60263,0.0124845,0.0124845
0.07975,3.42479e-13,5,4.87522,-0.610888,0.0124784,0.0124784
0.07976,4.851e-14,5,4.87528,-0.619141,0.0124722,0.0124722
0.07977,4.52462e-13,5,4.87534,-0.627388,0.0124659,0.0124659
0.07978,5.02656e-13,5,4.8754,-0.635631,0.0124595,0.0124595
0.07979,5.74544e-14,5,4.87547,-0.643869,0.0124531,0.0124531
0.0798,3.39962e-13,5,4.87553,-0.652101,0.0124466,0.0124466
0.07981,7.26876e-14,5,4.8756,-0.660329,0.01244,0.01244
0.07982,2.50568e-14,5,4.87567,-0.668551,0.0124333,0.0124333
0.07983,2.84888e-13,5,4.87573,-0.676767,0.0124265,0.0124265
0.07984,3.10474e-14,5,4.8758,-0.684979,0.0124197,0.0124197
0.07985,2.61916e-13,5,4.87587,-0.693185,0.0124127,0.0124127
0.07986,1.57469e-13,5,4.87594,-0.701385,0.0124057,0.0124057
0.07987,4.8984e-13,5,4.87601,-0.70958,0.0123986,0.0123986
0.07988,4.401e-13,5,4.87609,-0.717769,0.0123915,0.0123915
0.07989,3.26744e-13,5,4.87616,-0.725952,0.0123842,0.0123842
0.0799,2.4149e-13,5,4.87623,-0.73413,0.0123769,0.0123769
0.07991,5.04014e-13,5,4.87631,-0.742302,0.0123694,0.0123694
0.07992,2.97663e-13,5,4.87638,-0.750469,0.0123619,0.0123619
0.07993,3.98011e-13,5,4.87646,-0.758629,0.0123543,0.0123543
0.07994,4.44361e-13,5,4.87653,-0.766783,0.0123467,0.0123467
0.07995,7.6611e-14,5,4.87661,-0.774932,0.0123389,0.0123389
0.07996,2.99514e-13,5,4.87669,-0.783074,0.0123311,0.0123311
0.07997,2.99387e-13,5,4.87677,-0.791211,0.0123232,0.0123232
0.07998,4.00137e-13,5,4.87685,-0.799341,0.0123152,0.0123152
0.07999,4.71425e-13,5,4.87693,-0.807465,0.0123071,0.0123071
0.08,1.56244e-13,5,4.87701,-0.815582,0.012299,0.012299
0.08001,4.62442e-13,5,4.87709,-0.823694,0.0122907,0.0122907
0.08002,3.52111e-13,5,4.87718,-0.831799,0.0122824,0.0122824
0.08003,3.79628e-13,5,4.87726,-0.839898,0.012274,0.012274
0.08004,1.90513e-13,5,4.87734,-0.84799,0.0122655,0.0122655
0.08005,3.40433e-13,5,4.87743,-0.856076,0.012257,0.012257
0.08006,2.48837e-13,5,4.87752,-0.864155,0.0122483,0.0122483
0.08007,2.45352e-13,5,4.8776,-0.872227,0.0122396,0.0122396
0.08008,4.32866e-13,5,4.87769,-0.880293,0.0122308,0.0122308
0.08009,5.46972e-15,5,4.87778,-0.888352,0.0122219,0.0122219
0.0801,4.31654e-13,5,4.87787,-0.896405,0.012213,0.012213
0.08011,2.24762e-13,5,4.87796,-0.90445,0.0122039,0.0122039
0.08012,3.99898e-13,5,4.87805,-0.912489,0.0121948,0.0121948
0.08013,1.53911e-13,5,4.87814,-0.92052,0.0121856,0.0121856
0.08014,2.75923e-13,5,4.87824,-0.928545,0.0121763,0.0121763
0.08015,1.91544e-13,5,4.87833,-0.936563,0.0121669,0.0121669
0.08016,2.36589e-13,5,4.87843,-0.944573,0.0121575,0.0121575
0.08017,2.92847e-13,5,4.87852,-0.952577,0.012148,0.012148
0.08018,2.42788e-13,5,4.87862,-0.960573,0.0121383,0.0121383
0.08019,-3.03433e-14,5,4.87871,-0.968562,0.0121287,0.0121287
0.0802,3.95291e-14,5,4.87881,-0.976543,0.0121189,0.0121189
0.08021,1.09721e-13,5,4.87891,-0.984517,0.0121091,0.0121091
0.08022,2.93016e-13,5,4.87901,-0.992484,0.0120991,0.0120991
0.08023,2.48258e-13,5,4.87911,-1.00044,0.0120891,0.0120891
0.08024,3.17104e-13,5,4.87921,-1.0084,0.012079,0.012079
0.08025,3.87226e-13,5,4.87931,-1.01634,0.0120689,0.0120689
0.08026,1.19716e-13,5,4.87941,-1.02428,0.0120586,0.0120586
0.08027,8.59071e-14,5,4.87952,-1.03221,0.0120483,0.0120483
0.08028,1.75819e-13,5,4.87962,-1.04013,0.0120379,0.0120379
0.08029,2.80178e-13,5,4.87973,-1.04804,0.0120274,0.0120274
0.0803,5.17916e-13,5,4.87983,-1.05595,0.0120169,0.0120169
0.08031,3.26636e-13,5,4.87994,-1.06384,0.0120062,0.0120062
0.08032,2.81587e-13,5,4.88004,-1.07173,0.0119955,0.0119955
0.08033,4.93399e-14,5,4.88015,-1.07962,0.0119847,0.0119847
0.08034,4.34099e-13,5,4.88026,-1.08749,0.0119738,0.0119738
0.08035,1.94567e-13,5,4.88037,-1.09535,0.0119629,0.0119629
0.08036,3.63929e-13,5,4.88048,-1.10321,0.0119519,0.0119519
0.08037,1.57286e-13,5,4.88059,-1.11106,0.0119407,0.0119407
0.08038,3.82104e-13,5,4.8807,-1.1189,0.0119296,0.0119296
0.08039,2.55107e-13,5,4.88082,-1.12674,0.0119183,0.0119183
0.0804,3.58064e-13,5,4.88093,-1.13456,0.0119069,0.0119069
0.08041,1.36766e-13,5,4.88104,-1.14238,0.0118955,0.0118955
0.08042,1.74637e-13,5,4.88116,-1.15018,0.011884,0.011884
0.08043,1.46532e-13,5,4.88128,-1.15798,0.0118724,0.0118724
0.08044,4.10263e-13,5,4.88139,-1.16577,0.0118608,0.0118608
0.08045,1.87592e-13,5,4.88151,-1.17356,0.011849,0.011849
0.08046,6.54654e-14,5,4.88163,-1.18133,0.0118372,0.0118372
0.08047,1.7686e-13,5,4.88175,-1.18909,0.0118253,0.0118253
0.08048,4.28324e-13,5,4.88187,-1.19685,0.0118134,0.0118134
0.08049,2.72529e-13,5,4.88199,-1.2046,0.0118013,0.0118013
0.0805,5.27212e-13,5,4.88211,-1.21234,0.0117892,0.0117892
0.08051,1.92117e-13,5,4.88223,-1.22006,0.011777,0.011777
0.08052,3.14184e-13,5,4.88235,-1.22778,0.0117647,0.0117647
0.08053,3.49626e-13,5,4.88248,-1.2355,0.0117524,0.0117524
0.08054,2.10346e-13,5,4.8826,-1.2432,0.0117399,0.0117399
0.08055,4.91231e-13,5,4.88273,-1.25089,0.0117274,0.0117274
0.08056,4.23921e-13,5,4.88285,-1.25858,0.0117148,0.0117148
0.08057,1.5036e-13,5,4.88298,-1.26625,0.0117022,0.0117022
0.08058,2.68264e-13,5,4.88311,-1.27392,0.0116894,0.0116894
0.08059,2.39396e-13,5,4.88323,-1.28157,0.0116766,0.0116766
0.0806,4.35875e-13,5,4.88336,-1.28922,0.0116637,0.0116637
0.08061,9.40077e-14,5,4.88349,-1.29686,0.0116508,0.0116508
0.08062,4.25468e-14,5,4.88362,-1.30448,0.0116377,0.0116377
0.08063,2.01806e-13,5,4.88375,-1.3121,0.0116246,0.0116246
0.08064,2.65614e-13,5,4.88389,-1.31971,0.0116114,0.0116114
0.08065,1.56116e-13,5,4.88402,-1.32731,0.0115981,0.0115981
0.08066,2.51232e-13,5,4.88415,-1.3349,0.0115848,0.0115848
0.08067,4.75107e-13,5,4.88429,-1.34248,0.0115714,0.0115714
0.08068,2.98024e-13,5,4.88442,-1.35005,0.0115579,0.0115579
0.08069,3.2822e-13,5,4.88456,-1.35761,0.0115443,0.0115443
0.0807,2.65407e-13,5,4.88469,-1.36516,0.0115306,0.0115306
0.08071,3.75596e-14,5,4.88483,-1.3727,0.0115169,0.0115169
0.08072,2.55911e-13,5,4.88497,-1.38023,0.0115031,0.0115031
0.08073,3.95713e-13,5,4.88511,-1.38775,0.0114892,0.0114892
0.08074,3.88051e-13,5,4.88525,-1.39527,0.0114753,0.0114753
0.08075,3.92351e-13,5,4.88539,-1.40277,0.0114612,0.0114612
0.08076,1.14321e-13,5,4.88553,-1.41026,0.0114471,0.0114471
0.08077,1.70135e-13,5,4.88567,-1.41774,0.011433,0.011433
0.08078,2.67583e-13,5,4.88581,-1.42521,0.0114187,0.0114187
0.08079,1.15453e-13,5,4.88596,-1.43267,0.0114044,0.0114044
0.0808,5.604e-13,5,4.8861,-1.44012,0.01139,0.01139
0.08081,1.764e-13,5,4.88624,-1.44755,0.0113755,0.0113755
0.08082,4.94338e-13,5,4.88639,-1.45498,0.011361,0.011361
0.08083,9.03258e-14,5,4.88654,-1.4624,0.0113463,0.0113463
0.08084,2.6993e-13,5,4.88668,-1.46981,0.0113316,0.0113316
0.08085,6.61189e-14,5,4.88683,-1.47721,0.0113169,0.0113169
0.08086,1.04503e-13,5,4.88698,-1.48459,0.011302,0.011302
0.08087,3.29626e-13,5,4.88713,-1.49197,0.0112871,0.0112871
0.08088,4.5977e-13,5,4.88728,-1.49933,0.0112721,0.0112721
0.08089,-1.31037e-14,5,4.88743,-1.50669,0.011257,0.011257
0.0809,4.50412e-13,5,4.88758,-1.51403,0.0112419,0.0112419
0.08091,4.3495e-13,5,4.88773,-1.52136,0.0112267,0.0112267
0.08092,1.17896e-13,5,4.88789,-1.52868,0.0112114,0.0112114
0.08093,1.32438e-13,5,4.88804,-1.53599,0.011196,0.011196
0.08094,2.03352e-13,5,4.88819,-1.54329,0.0111806,0.0111806
0.08095,5.65228e-14,5,4.88835,-1.55058,0.0111651,0.0111651
0.08096,1.0118e-13,5,4.8885,-1.55786,0.0111495,0.0111495
0.08097,2.92746e-13,5,4.88866,-1.56512,0.0111339,0.0111339
0.08098,1.3315e-13,5,4.88882,-1.57238,0.0111181,0.0111181
0.08099,2.62267e-13,5,4.88898,-1.57962,0.0111023,0.0111023
0.081,1.84216e-13,5,4.88914,-1.58685,0.0110865,0.0110865
0.08101,8.64035e-14,5,4.88929,-1.59408,0.0110705,0.0110705
0.08102,3.84718e-13,5,4.88945,-1.60129,0.0110545,0.0110545
0.08103,3.59403e-13,5,4.88962,-1.60848,0.0110384,0.0110384
0.08104,4.28596e-13,5,4.88978,-1.61567,0.0110223,0.0110223
0.08105,3.29562e-13,5,4.88994,-1.62285,0.0110061,0.0110061
0.08106,2.55397e-13,5,4.8901,-1.63001,0.0109898,0.0109898
0.08107,1.73128e-13,5,4.89027,-1.63716,0.0109734,0.0109734
0.08108,5.07514e-14,5,4.89043,-1.6443,0.0109569,0.0109569
0.08109,3.1229e-13,5,4.8906,-1.65143,0.0109404,0.0109404
0.0811,2.46147e-13,5,4.89076,-1.65855,0.0109238,0.0109238
0.08111,2.78647e-13,5,4.89093,-1.66565,0.0109072,0.0109072
0.08112,1.55216e-13,5,4.8911,-1.67274,0.0108905,0.0108905
0.08113,3.04677e-13,5,4.89126,-1.67982,0.0108737,0.0108737
0.08114,1.99864e-14,5,4.89143,-1.68689,0.0108568,0.0108568
0.08115,1.87129e-13,5,4.8916,-1.69395,0.0108398,0.0108398
0.08116,3.2893e-13,5,4.89177,-1.701,0.0108228,0.0108228
0.08117,4.24213e-13,5,4.89194,-1.70803,0.0108058,0.0108058
0.08118,-1.69847e-15,5,4.89211,-1.71505,0.0107886,0.0107886
0.08119,1.69191e-13,5,4.89229,-1.72206,0.0107714,0.0107714
0.0812,2.37329e-13,5,4.89246,-1.72906,0.0107541,0.0107541
0.08121,-4.09784e-14,5,4.89263,-1.73604,0.0107367,0.0107367
0.08122,2.28665e-13,5,4.89281,-1.74301,0.0107193,0.0107193
0.08123,1.22914e-13,5,4.89298,-1.74997,0.0107018,0.0107018
0.08124,8.39714e-14,5,4.89316,-1.75692,0.0106842,0.0106842
0.08125,3.27802e-13,5,4.89333,-1.76385,0.0106666,0.0106666
0.08126,1.62238e-13,5,4.89351,-1.77078,0.0106489,0.0106489
0.08127,2.60491e-13,5,4.89369,-1.77768,0.0106311,0.0106311
0.08128,3.87665e-13,5,4.89387,-1.78458,0.0106133,0.0106133
0.08129,8.26018e-14,5,4.89405,-1.79147,0.0105954,0.0105954
0.0813,2.49827e-13,5,4.89423,-1.79834,0.0105774,0.0105774
0.08131,4.30764e-13,5,4.89441,-1.8052,0.0105593,0.0105593
0.08132,3.95568e-13,5,4.89459,-1.81204,0.0105412,0.0105412
0.08133,1.42935e-13,5,4.89477,-1.81888,0.010523,0.010523
0.08134,1.27723e-13,5,4.89495,-1.8257,0.0105048,0.0105048
0.08135,3.51264e-13,5,4.89514,-1.83251,0.0104864,0.0104864
0.08136,1.34075e-13,5,4.89532,-1.8393,0.010468,0.010468
0.08137,1.62245e-13,5,4.8955,-1.84608,0.0104496,0.0104496
0.08138,2.13591e-13,5,4.89569,-1.85285,0.010431,0.010431
0.08139,6.73451e-14,5,4.89588,-1.85961,0.0104124,0.0104124
0.0814,1.86054e-13,5,4.89606,-1.86635,0.0103938,0.0103938
0.08141,3.51586e-13,5,4.89625,-1.87308,0.0103751,0.0103751
0.08142,3.47005e-13,5,4.89644,-1.87979,0.0103563,0.0103563
0.08143,1.84161e-13,5,4.89663,-1.8865,0.0103374,0.0103374
0.08144,3.30986e-13,5,4.89682,-1.89319,0.0103185,0.0103185
0.08145,1.19792e-13,5,4.89701,-1.89986,0.0102995,0.0102995
0.08146,2.48548e-13,5,4.8972,-1.90653,0.0102804,0.0102804
0.08147,5.2259e-14,5,4.89739,-1.91318,0.0102613,0.0102613
0.08148,2.31614e-13,5,4.89758,-1.91981,0.0102421,0.0102421
0.08149,1.24337e-13,5,4.89777,-1.92643,0.0102228,0.0102228
0.0815,9.26933e-14,5,4.89797,-1.93304,0.0102035,0.0102035
0.08151,2.72936e-13,5,4.89816,-1.93964,0.0101841,0.0101841
0.08152,3.4793e-13,5,4.89835,-1.94622,0.0101646,0.0101646
0.08153,3.43015e-13,5,4.89855,-1.95279,0.0101451,0.0101451
0.08154,1.71179e-13,5,4.89875,-1.95934,0.0101255,0.0101255
0.08155,2.01542e-13,5,4.89894,-1.96588,0.0101058,0.0101058
0.08156,2.36095e-13,5,4.89914,-1.97241,0.0100861,0.0100861
0.08157,1.92073e-13,5,4.89934,-1.97892,0.0100663,0.0100663
0.08158,3.2899e-13,5,4.89954,-1.98542,0.0100465,0.0100465
0.08159,2.25709e-13,5,4.89973,-1.99191,0.0100265,0.0100265
0.0816,2.58293e-13,5,4.89993,-1.99838,0.0100066,0.0100066
0.08161,2.35753e-13,5,4.90013,-2.00484,0.00998651,0.00998651
0.08162,8.22355e-14,5,4.90034,-2.01128,0.0099664,0.0099664
0.08163,1.77963e-13,5,4.90054,-2.01771,0.00994622,0.00994622
0.08164,1.08905e-13,5,4.90074,-2.02412,0.00992598,0.00992598
0.08165,2.58034e-13,5,4.90094,-2.03052,0.00990568,0.00990568
0.08166,3.27893e-13,5,4.90115,-2.03691,0.00988531,0.00988531
0.08167,1.35878e-13,5,4.90135,-2.04328,0.00986488,0.00986488
0.08168,1.83116e-13,5,4.90156,-2.04964,0.00984438,0.00984438
0.08169,2.90029e-13,5,4.90176,-2.05598,0.00982382,0.00982382
0.0817,2.7837e-13,5,4.90197,-2.06231,0.0098032,0.0098032
0.08171,3.1248e-13,5,4.90217,-2.06863,0.00978251,0.00978251
0.08172,3.30769e-13,5,4.90238,-2.07493,0.00976176,0.00976176
0.08173,1.59404e-13,5,4.90259,-2.08121,0.00974095,0.00974095
0.08174,8.06879e-14,5,4.9028,-2.08749,0.00972007,0.00972007
0.08175,2.64817e-13,5,4.90301,-2.09374,0.00969914,0.00969914
0.08176,8.754e-14,5,4.90322,-2.09998,0.00967814,0.00967814
0.08177,1.76689e-13,5,4.90343,-2.10621,0.00965708,0.00965708
0.08178,1.38357e-13,5,4.90364,-2.11242,0.00963595,0.00963595
0.08179,1.48542e-13,5,4.90385,-2.11862,0.00961476,0.00961476
0.0818,1.57338e-13,5,4.90406,-2.12481,0.00959352,0.00959352
0.08181,3.43743e-13,5,4.90428,-2.13097,0.00957221,0.00957221
0.08182,2.06102e-13,5,4.90449,-2.13713,0.00955084,0.00955084
0.08183,2.67384e-13,5,4.90471,-2.14327,0.0095294,0.0095294
0.08184,1.42538e-13,5,4.90492,-2.14939,0.00950791,0.00950791
0.08185,2.44011e-13,5,4.90514,-2.1555,0.00948635,0.00948635
0.08186,3.03378e-13,5,4.90535,-2.16159,0.00946474,0.00946474
0.08187,1.67568e-13,5,4.90557,-2.16767,0.00944306,0.00944306
0.08188,2.53415e-13,5,4.90579,-2.17373,0.00942132,0.00942132
0.08189,2.971e-13,5,4.906,-2.17978,0.00939953,0.00939953
0.0819,1.50105e-13,5,4.90622,-2.18582,0.00937767,0.00937767
0.08191,2.33759e-13,5,4.90644,-2.19183,0.00935575,0.00935575
0.08192,2.88852e-13,5,4.90666,-2.19784,0.00933377,0.00933377
0.08193,1.71416e-13,5,4.90688,-2.20382,0.00931173,0.00931173
0.08194,3.07389e-13,5,4.9071,-2.2098,0.00928964,0.00928964
0.08195,1.0108e-13,5,4.90733,-2.21575,0.00926748,0.00926748
0.08196,2.08937e-13,5,4.90755,-2.22169,0.00924526,0.00924526
0.08197,1.52036e-13,5,4.90777,-2.22762,0.00922298,0.00922298
0.08198,2.48846e-13,5,4.90799,-2.23353,0.00920065,0.00920065
0.08199,1.37239e-13,5,4.90822,-2.23943,0.00917825,0.00917825
0.082,2.52451e-13,5,4.90844,-2.2453,0.0091558,0.0091558
0.08201,1.21776e-13,5,4.90867,-2.25117,0.00913329,0.00913329
0.08202,2.97301e-13,5,4.90889,-2.25702,0.00911072,0.00911072
0.08203,1.95769e-13,5,4.90912,-2.26285,0.00908809,0.00908809
0.08204,1.44975e-13,5,4.90935,-2.26867,0.0090654,0.0090654
0.08205,1.33288e-13,5,4.90957,-2.27447,0.00904266,0.00904266
0.08206,1.50578e-13,5,4.9098,-2.28025,0.00901986,0.00901986
0.08207,7.46376e-14,5,4.91003,-2.28602,0.008997,0.008997
0.08208,2.39726e-13,5,4.91026,-2.29178,0.00897408,0.00897408
0.08209,2.99288e-13,5,4.91049,-2.29751,0.0089511,0.0089511
0.0821,1.35973e-13,5,4.91072,-2.30323,0.00892807,0.00892807
0.08211,2.02362e-13,5,4.91095,-2.30894,0.00890498,0.00890498
0.08212,2.70529e-13,5,4.91118,-2.31463,0.00888184,0.00888184
0.08213,3.41581e-13,5,4.91141,-2.3203,0.00885863,0.00885863
0.08214,1.90756e-13,5,4.91165,-2.32596,0.00883537,0.00883537
0.08215,1.63443e-13,5,4.91188,-2.3316,0.00881206,0.00881206
0.08216,3.80971e-14,5,4.91211,-2.33723,0.00878869,0.00878869
0.08217,4.96419e-14,5,4.91235,-2.34284,0.00876526,0.00876526
0.08218,2.07181e-13,5,4.91258,-2.34843,0.00874177,0.00874177
0.08219,2.94165e-13,5,4.91282,-2.35401,0.00871823,0.00871823
0.0822,2.09176e-13,5,4.91305,-2.35957,0.00869464,0.00869464
0.08221,3.07374e-13,5,4.91329,-2.36511,0.00867099,0.00867099
0.08222,2.63352e-13,5,4.91353,-2.37064,0.00864728,0.00864728
0.08223,9.43191e-14,5,4.91376,-2.37615,0.00862352,0.00862352
0.08224,1.6032e-13,5,4.914,-2.38165,0.0085997,0.0085997
0.08225,1.41001e-13,5,4.91424,-2.38712,0.00857583,0.00857583
0.08226,1.7203e-13,5,4.91448,-2.39259,0.0085519,0.0085519
0.08227,1.63757e-13,5,4.91472,-2.39803,0.00852792,0.00852792
0.08228,2.5546e-13,5,4.91496,-2.40346,0.00850389,0.00850389
0.08229,2.46799e-13,5,4.9152,-2.40887,0.0084798,0.0084798
0.0823,1.66751e-13,5,4.91544,-2.41427,0.00845566,0.00845566
0.08231,1.59533e-13,5,4.91569,-2.41965,0.00843146,0.00843146
0.08232,1.43599e-13,5,4.91593,-2.42501,0.00840721,0.00840721
0.08233,2.66555e-13,5,4.91617,-2.43036,0.00838291,0.00838291
0.08234,2.22922e-13,5,4.91641,-2.43568,0.00835855,0.00835855
0.08235,1.63524e-13,5,4.91666,-2.441,0.00833414,0.00833414
0.08236,1.27384e-13,5,4.9169,-2.44629,0.00830968,0.00830968
0.08237,1.54972e-13,5,4.91715,-2.45157,0.00828516,0.00828516
0.08238,1.7501e-13,5,4.91739,-2.45683,0.00826059,0.00826059
0.08239,1.17721e-13,5,4.91764,-2.46208,0.00823597,0.00823597
0.0824,2.56275e-13,5,4.91789,-2.4673,0.0082113,0.0082113
0.08241,1.83166e-13,5,4.91813,-2.47251,0.00818658,0.00818658
0.08242,6.12618e-14,5,4.91838,-2.47771,0.0081618,0.0081618
0.08243,1.6873e-13,5,4.91863,-2.48288,0.00813697,0.00813697
0.08244,1.03281e-13,5,4.91888,-2.48804,0.00811209,0.00811209
0.08245,1.46578e-13,5,4.91913,-2.49319,0.00808716,0.00808716
0.08246,2.40724e-13,5,4.91938,-2.49831,0.00806217,0.00806217
0.08247,2.16186e-13,5,4.91963,-2.50342,0.00803714,0.00803714
0.08248,2.45939e-13,5,4.91988,-2.50851,0.00801205,0.00801205
0.08249,1.6367e-13,5,4.92013,-2.51358,0.00798692,0.00798692
0.0825,3.22737e-14,5,4.92038,-2.51864,0.00796173,0.00796173
0.08251,1.43683e-13,5,4.92064,-2.52368,0.0079365,0.0079365
0.08252,2.23174e-13,5,4.92089,-2.5287,0.00791121,0.00791121
0.08253,1.11373e-13,5,4.92114,-2.5337,0.00788587,0.00788587
0.08254,1.05432e-13,5,4.9214,-2.53869,0.00786048,0.00786048
0.08255,1.63273e-13,5,4.92165,-2.54366,0.00783505,0.00783505
0.08256,2.44318e-13,5,4.9219,-2.54861,0.00780956,0.00780956
0.08257,3.10153e-13,5,4.92216,-2.55354,0.00778403,0.00778403
0.08258,2.09954e-13,5,4.92242,-2.55846,0.00775844,0.00775844
0.08259,2.49809e-13,5,4.92267,-2.56336,0.00773281,0.00773281
0.0826,1.68817e-13,5,4.92293,-2.56824,0.00770713,0.00770713
0.08261,2.76563e-13,5,4.92319,-2.5731,0.0076814,0.0076814
0.08262,8.8379e-14,5,4.92344,-2.57795,0.00765562,0.00765562
0.08263,1.44666e-13,5,4.9237,-2.58278,0.00762979,0.00762979
0.08264,1.91627e-13,5,4.92396,-2.58759,0.00760391,0.00760391
0.08265,9.12061e-14,5,4.92422,-2.59238,0.00757799,0.00757799
0.08266,4.78506e-14,5,4.92448,-2.59715,0.00755202,0.00755202
0.08267,2.68117e-13,5,4.92474,-2.60191,0.007526,0.007526
0.08268,1.6431e-13,5,4.925,-2.60665,0.00749993,0.00749993
0.08269,6.01146e-14,5,4.92526,-2.61137,0.00747382,0.00747382
0.0827,1.6725e-13,5,4.92552,-2.61608,0.00744766,0.00744766
0.08271,1.30944e-13,5,4.92579,-2.62076,0.00742145,0.00742145
0.08272,1.6647e-13,5,4.92605,-2.62543,0.00739519,0.00739519
0.08273,2.63669e-13,5,4.92631,-2.63008,0.00736889,0.00736889
0.08274,7.30422e-14,5,4.92657,-2.63471,0.00734255,0.00734255
0.08275,1.56363e-13,5,4.92684,-2.63932,0.00731615,0.00731615
0.08276,1.67853e-13,5,4.9271,-2.64392,0.00728971,0.00728971
0.08277,2.18256e-13,5,4.92737,-2.6485,0.00726323,0.00726323
0.08278,1.92553e-13,5,4.92763,-2.65306,0.0072367,0.0072367
0.08279,9.15211e-14,5,4.9279,-2.6576,0.00721012,0.00721012
0.0828,1.44977e-13,5,4.92816,-2.66212,0.0071835,0.0071835
0.08281,1.29821e-13,5,4.92843,-2.66662,0.00715684,0.00715684
0.08282,1.65847e-13,5,4.9287,-2.67111,0.00713012,0.00713012
0.08283,1.47305e-13,5,4.92897,-2.67558,0.00710337,0.00710337
0.08284,8.40209e-14,5,4.92923,-2.68003,0.00707657,0.00707657
0.08285,2.14859e-13,5,4.9295,-2.68446,0.00704972,0.00704972
0.08286,2.1236e-13,5,4.92977,-2.68887,0.00702283,0.00702283
0.08287,9.16778e-14,5,4.93004,-2.69327,0.0069959,0.0069959
0.08288,2.11026e-13,5,4.93031,-2.69764,0.00696893,0.00696893
0.08289,1.34696e-13,5,4.93058,-2.702,0.00694191,0.00694191
0.0829,-2.91686e-15,5,4.93085,-2.70634,0.00691484,0.00691484
0.08291,1.62061e-13,5,4.93112,-2.71066,0.00688774,0.00688774
0.08292,1.99252e-13,5,4.93139,-2.71496,0.00686059,0.00686059
0.08293,1.35191e-13,5,4.93167,-2.71925,0.00683339,0.00683339
0.08294,2.2534e-13,5,4.93194,-2.72351,0.00680616,0.00680616
0.08295,2.72524e-13,5,4.93221,-2.72776,0.00677888,0.00677888
0.08296,8.12865e-14,5,4.93248,-2.73199,0.00675156,0.00675156
0.08297,1.40183e-13,5,4.93276,-2.7362,0.0067242,0.0067242
0.08298,3.02139e-14,5,4.93303,-2.74039,0.0066968,0.0066968
0.08299,1.29911e-13,5,4.93331,-2.74456,0.00666935,0.00666935
0.083,2.51479e-13,5,4.93358,-2.74871,0.00664186,0.00664186
0.08301,9.50474e-14,5,4.93386,-2.75285,0.00661433,0.00661433
0.08302,1.58662e-13,5,4.93413,-2.75696,0.00658676,0.00658676
0.08303,2.60024e-13,5,4.93441,-2.76106,0.00655915,0.00655915
0.08304,1.04925e-13,5,4.93468,-2.76514,0.0065315,0.0065315
0.08305,8.33856e-14,5,4.93496,-2.76919,0.00650381,0.00650381
0.08306,1.32345e-13,5,4.93524,-2.77323,0.00647608,0.00647608
0.08307,1.90908e-13,5,4.93552,-2.77726,0.00644831,0.00644831
0.08308,8.60468e-14,5,4.9358,-2.78126,0.00642049,0.00642049
0.08309,1.017e-13,5,4.93607,-2.78524,0.00639264,0.00639264
0.0831,6.87806e-14,5,4.93635,-2.78921,0.00636475,0.00636475
0.08311,1.6115e-13,5,4.93663,-2.79315,0.00633682,0.00633682
0.08312,-1.38222e-14,5,4.93691,-2.79708,0.00630885,0.00630885
0.08313,1.76358e-13,5,4.93719,-2.80098,0.00628084,0.00628084
0.08314,1.15572e-13,5,4.93747,-2.80487,0.00625279,0.00625279
0.08315,9.90288e-14,5,4.93775,-2.80874,0.0062247,0.0062247
0.08316,8.26519e-14,5,4.93803,-2.81259,0.00619657,0.00619657
0.08317,2.45862e-14,5,4.93832,-2.81642,0.00616841,0.00616841
0.08318,1.12182e-13,5,4.9386,-2.82023,0.00614021,0.00614021
0.08319,7.97067e-14,5,4.93888,-2.82402,0.00611197,0.00611197
0.0832,4.76557e-15,5,4.93916,-2.8278,0.00608369,0.00608369
0.08321,8.03152e-14,5,4.93945,-2.83155,0.00605537,0.00605537
0.08322,4.66189e-14,5,4.93973,-2.83529,0.00602702,0.00602702
0.08323,-1.30566e-14,5,4.94001,-2.839,0.00599863,0.00599863
0.08324,1.00074e-13,5,4.9403,-2.8427,0.0059702,0.0059702
0.08325,1.32103e-13,5,4.94058,-2.84637,0.00594174,0.00594174
0.08326,5.83277e-14,5,4.94087,-2.85003,0.00591324,0.00591324
0.08327,8.34177e-14,5,4.94115,-2.85367,0.0058847,0.0058847
0.08328,1.86556e-13,5,4.94144,-2.85729,0.00585613,0.00585613
0.08329,1.21607e-13,5,4.94172,-2.86089,0.00582752,0.00582752
0.0833,-1.46735e-14,5,4.94201,-2.86447,0.00579888,0.00579888
0.08331,1.03897e-13,5,4.9423,-2.86803,0.0057702,0.0057702
0.08332,2.36846e-13,5,4.94259,-2.87157,0.00574148,0.00574148
0.08333,2.59438e-13,5,4.94287,-2.87509,0.00571273,0.00571273
0.08334,1.62792e-13,5,4.94316,-2.87859,0.00568394,0.00568394
0.08335,1.66899e-13,5,4.94345,-2.88207,0.00565512,0.00565512
0.08336,2.66707e-13,5,4.94374,-2.88553,0.00562627,0.00562627
0.08337,2.31678e-13,5,4.94403,-2.88897,0.00559738,0.00559738
0.08338,6.04809e-14,5,4.94432,-2.8924,0.00556846,0.00556846
0.08339,9.48969e-14,5,4.94461,-2.8958,0.0055395,0.0055395
0.0834,1.10273e-13,5,4.94489,-2.89919,0.00551051,0.00551051
0.08341,1.11271e-13,5,4.94519,-2.90255,0.00548148,0.00548148
0.08342,1.04498e-13,5,4.94548,-2.90589,0.00545242,0.00545242
0.08343,2.12188e-13,5,4.94577,-2.90922,0.00542333,0.00542333
0.08344,1.03885e-13,5,4.94606,-2.91252,0.0053942,0.0053942
0.08345,1.33194e-13,5,4.94635,-2.91581,0.00536505,0.00536505
0.08346,8.73409e-14,5,4.94664,-2.91907,0.00533585,0.00533585
0.08347,9.64438e-14,5,4.94693,-2.92232,0.00530663,0.00530663
0.08348,6.52457e-14,5,4.94723,-2.92554,0.00527738,0.00527738
0.08349,1.28083e-13,5,4.94752,-2.92875,0.00524809,0.00524809
0.0835,7.98433e-14,5,4.94781,-2.93194,0.00521877,0.00521877
0.08351,1.72546e-13,5,4.94811,-2.9351,0.00518942,0.00518942
0.08352,9.13324e-14,5,4.9484,-2.93825,0.00516004,0.00516004
0.08353,2.05907e-13,5,4.94869,-2.94138,0.00513062,0.00513062
0.08354,-2.1801e-14,5,4.94899,-2.94448,0.00510118,0.00510118
0.08355,1.22638e-13,5,4.94928,-2.94757,0.0050717,0.0050717
0.08356,1.05373e-13,5,4.94958,-2.95063,0.00504219,0.00504219
0.08357,1.33295e-13,5,4.94987,-2.95368,0.00501266,0.00501266
0.08358,1.31073e-13,5,4.95017,-2.95671,0.00498309,0.00498309
0.08359,1.39233e-13,5,4.95047,-2.95971,0.00495349,0.00495349
0.0836,8.63852e-14,5,4.95076,-2.9627,0.00492387,0.00492387
0.08361,7.39498e-14,5,4.95106,-2.96567,0.00489421,0.00489421
0.08362,1.48278e-13,5,4.95135,-2.96861,0.00486452,0.00486452
0.08363,1.30459e-13,5,4.95165,-2.97154,0.00483481,0.00483481
0.08364,1.27904e-13,5,4.95195,-2.97444,0.00480506,0.00480506
0.08365,7.92202e-14,5,4.95225,-2.97733,0.00477529,0.00477529
0.08366,9.59282e-14,5,4.95255,-2.9802,0.00474549,0.00474549
0.08367,6.3842e-14,5,4.95284,-2.98304,0.00471566,0.00471566
0.08368,9.84802e-14,5,4.95314,-2.98587,0.0046858,0.0046858
0.08369,1.46663e-13,5,4.95344,-2.98867,0.00465591,0.00465591
0.0837,1.00422e-13,5,4.95374,-2.99146,0.004626,0.004626
0.08371,1.38002e-13,5,4.95404,-2.99422,0.00459606,0.00459606
0.08372,9.86992e-14,5,4.95434,-2.99697,0.00456609,0.00456609
0.08373,1.08024e-13,5,4.95464,-2.99969,0.00453609,0.00453609
0.08374,6.60571e-14,5,4.95494,-3.00239,0.00450607,0.00450607
0.08375,1.02416e-13,5,4.95524,-3.00508,0.00447602,0.00447602
0.08376,6.43903e-14,5,4.95554,-3.00774,0.00444594,0.00444594
0.08377,8.57058e-14,5,4.95584,-3.01038,0.00441583,0.00441583
0.08378,7.46029e-14,5,4.95614,-3.01301,0.0043857,0.0043857
0.08379,5.50622e-14,5,4.95644,-3.01561,0.00435555,0.00435555
0.0838,1.09907e-13,5,4.95675,-3.01819,0.00432537,0.00432537
0.08381,1.53649e-13,5,4.95705,-3.02075,0.00429516,0.00429516
0.08382,1.02689e-13,5,4.95735,-3.02329,0.00426493,0.00426493
0.08383,1.02799e-13,5,4.95765,-3.02581,0.00423467,0.00423467
0.08384,1.31442e-13,5,4.95796,-3.02831,0.00420438,0.00420438
0.08385,5.42254e-14,5,4.95826,-3.03079,0.00417408,0.00417408
0.08386,8.00374e-14,5,4.95856,-3.03325,0.00414374,0.00414374
0.08387,7.88155e-14,5,4.95887,-3.03569,0.00411339,0.00411339
0.08388,9.27481e-14,5,4.95917,-3.03811,0.00408301,0.00408301
0.08389,1.09567e-13,5,4.95947,-3.04051,0.0040526,0.0040526
0.0839,6.20491e-14,5,4.95978,-3.04288,0.00402217,0.00402217
0.08391,1.12453e-13,5,4.96008,-3.04524,0.00399172,0.00399172
0.08392,2.71313e-14,5,4.96039,-3.04758,0.00396124,0.00396124
0.08393,8.61945e-14,5,4.96069,-3.04989,0.00393074,0.00393074
0.08394,1.16892e-13,5,4.961,-3.05219,0.00390022,0.00390022
0.08395,6.2379e-14,5,4.9613,-3.05446,0.00386968,0.00386968
0.08396,3.8342e-14,5,4.96161,-3.05671,0.00383911,0.00383911
0.08397,1.05732e-13,5,4.96191,-3.05895,0.00380852,0.00380852
0.08398,1.00014e-13,5,4.96222,-3.06116,0.00377791,0.00377791
0.08399,2.94584e-14,5,4.96253,-3.06335,0.00374728,0.00374728
0.084,7.48104e-14,5,4.96283,-3.06552,0.00371662,0.00371662
0.08401,2.1075e-14,5,4.96314,-3.06767,0.00368594,0.00368594
0.08402,1.10003e-13,5,4.96345,-3.0698,0.00365525,0.00365525
0.08403,7.38095e-14,5,4.96375,-3.07191,0.00362453,0.00362453
0.08404,1.01509e-13,5,4.96406,-3.074,0.00359379,0.00359379
0.08405,1.00121e-13,5,4.96437,-3.07607,0.00356303,0.00356303
0.08406,1.49025e-13,5,4.96468,-3.07812,0.00353225,0.00353225
0.08407,4.5663e-14,5,4.96499,-3.08014,0.00350144,0.00350144
0.08408,4.43302e-14,5,4.96529,-3.08215,0.00347062,0.00347062
0.08409,6.00393e-14,5,4.9656,-3.08413,0.00343978,0.00343978
0.0841,1.01898e-14,5,4.96591,-3.0861,0.00340892,0.00340892
0.08411,9.83409e-14,5,4.96622,-3.08804,0.00337804,0.00337804
0.08412,7.54143e-14,5,4.96653,-3.08996,0.00334714,0.00334714
0.08413,3.54458e-14,5,4.96684,-3.09186,0.00331622,0.00331622
0.08414,1.31424e-13,5,4.96715,-3.09374,0.00328528,0.00328528
0.08415,6.36444e-14,5,4.96746,-3.0956,0.00325433,0.00325433
0.08416,1.03001e-13,5,4.96777,-3.09744,0.00322335,0.00322335
0.08417,1.07413e-14,5,4.96808,-3.09926,0.00319236,0.00319236
0.08418,1.1871e-13,5,4.96839,-3.10106,0.00316135,0.00316135
0.08419,2.19535e-14,5,4.9687,-3.10284,0.00313032,0.00313032
0.0842,1.13269e-13,5,4.96901,-3.10459,0.00309928,0.00309928
0.08421,4.85979e-14,5,4.96932,-3.10633,0.00306821,0.00306821
0.08422,1.11381e-13,5,4.96963,-3.10804,0.00303713,0.00303713
0.08423,1.32252e-13,5,4.96994,-3.10973,0.00300604,0.00300604
0.08424,5.77003e-14,5,4.97025,-3.11141,0.00297492,0.00297492
0.08425,1.20539e-13,5,4.97056,-3.11306,0.00294379,0.00294379
0.08426,4.40437e-14,5,4.97087,-3.11469,0.00291264,0.00291264
0.08427,1.21981e-13,5,4.97119,-3.1163,0.00288148,0.00288148
0.08428,8.18459e-14,5,4.9715,-3.11788,0.0028503,0.0028503
0.08429,-5.6956e-15,5,4.97181,-3.11945,0.00281911,0.00281911
0.0843,4.57073e-14,5,4.97212,-3.121,0.0027879,0.0027879
0.08431,8.34545e-14,5,4.97243,-3.12252,0.00275667,0.00275667
0.08432,7.09085e-14,5,4.97275,-3.12403,0.00272543,0.00272543
0.08433,3.01629e-14,5,4.97306,-3.12551,0.00269418,0.00269418
0.08434,4.2375e-14,5,4.97337,-3.12697,0.00266291,0.00266291
0.08435,7.70135e-14,5,4.97368,-3.12842,0.00263162,0.00263162
0.08436,4.89245e-14,5,4.974,-3.12984,0.00260032,0.00260032
0.08437,4.54824e-14,5,4.97431,-3.13124,0.00256901,0.00256901
0.08438,9.93834e-14,5,4.97462,-3.13261,0.00253769,0.00253769
0.08439,4.64809e-14,5,4.97494,-3.13397,0.00250635,0.00250635
0.0844,6.56874e-14,5,4.97525,-3.13531,0.00247499,0.00247499
0.08441,5.39186e-14,5,4.97556,-3.13662,0.00244363,0.00244363
0.08442,5.23085e-14,5,4.97588,-3.13792,0.00241225,0.00241225
0.08443,4.72011e-14,5,4.97619,-3.13919,0.00238086,0.00238086
0.08444,2.70502e-14,5,4.97651,-3.14044,0.00234945,0.00234945
0.08445,3.92623e-14,5,4.97682,-3.14168,0.00231804,0.00231804
0.08446,4.79772e-14,5,4.97713,-3.14289,0.00228661,0.00228661
0.08447,4.8199e-14,5,4.97745,-3.14407,0.00225517,0.00225517
0.08448,3.66523e-14,5,4.97776,-3.14524,0.00222371,0.00222371
0.08449,4.08153e-14,5,4.97808,-3.14639,0.00219225,0.00219225
0.0845,3.33765e-14,5,4.97839,-3.14752,0.00216077,0.00216077
0.08451,4.59773e-14,5,4.97871,-3.14862,0.00212929,0.00212929
0.08452,5.54694e-14,5,4.97902,-3.1497,0.00209779,0.00209779
0.08453,6.94579e-14,5,4.97934,-3.15077,0.00206628,0.00206628
0.08454,4.04808e-14,5,4.97965,-3.15181,0.00203477,0.00203477
0.08455,3.70943e-14,5,4.97997,-3.15283,0.00200324,0.00200324
0.08456,4.46436e-14,5,4.98028,-3.15383,0.0019717,0.0019717
0.08457,5.06385e-14,5,4.9806,-3.1548,0.00194015,0.00194015
0.08458,4.46985e-14,5,4.98091,-3.15576,0.00190859,0.00190859
0.08459,7.52849e-14,5,4.98123,-3.1567,0.00187703,0.00187703
0.0846,5.09153e-14,5,4.98155,-3.15761,0.00184545,0.00184545
0.08461,5.28579e-14,5,4.98186,-3.1585,0.00181386,0.00181386
0.08462,2.23821e-14,5,4.98218,-3.15938,0.00178227,0.00178227
0.08463,1.62756e-14,5,4.98249,-3.16023,0.00175067,0.00175067
0.08464,3.6981e-14,5,4.98281,-3.16106,0.00171906,0.00171906
0.08465,3.19848e-14,5,4.98313,-3.16187,0.00168744,0.00168744
0.08466,7.78174e-15,5,4.98344,-3.16265,0.00165581,0.00165581
0.08467,2.98195e-14,5,4.98376,-3.16342,0.00162418,0.00162418
0.08468,2.3602e-14,5,4.98407,-3.16417,0.00159254,0.00159254
0.08469,5.88514e-14,5,4.98439,-3.16489,0.00156089,0.00156089
0.0847,8.39156e-15,5,4.98471,-3.16559,0.00152923,0.00152923
0.08471,3.0068e-15,5,4.98502,-3.16627,0.00149757,0.00149757
0.08472,3.35377e-14,5,4.98534,-3.16694,0.0014659,0.0014659
0.08473,3.59801e-14,5,4.98566,-3.16757,0.00143422,0.00143422
0.08474,5.28223e-15,5,4.98597,-3.16819,0.00140254,0.00140254
0.08475,5.2411e-14,5,4.98629,-3.16879,0.00137085,0.00137085
0.08476,6.11458e-15,5,4.98661,-3.16937,0.00133916,0.00133916
0.08477,3.81444e-14,5,4.98693,-3.16992,0.00130746,0.00130746
0.08478,3.84218e-14,5,4.98724,-3.17045,0.00127576,0.00127576
0.08479,2.67643e-14,5,4.98756,-3.17097,0.00124405,0.00124405
0.0848,2.50433e-14,5,4.98788,-3.17146,0.00121233,0.00121233
0.08481,2.904e-14,5,4.98819,-3.17193,0.00118061,0.00118061
0.08482,2.21565e-14,5,4.98851,-3.17238,0.00114889,0.00114889
0.08483,3.287e-14,5,4.98883,-3.1728,0.00111716,0.00111716
0.08484,2.03799e-14,5,4.98915,-3.17321,0.00108543,0.00108543
0.08485,3.15375e-14,5,4.98946,-3.17359,0.00105369,0.00105369
0.08486,1.57168e-14,5,4.98978,-3.17396,0.00102195,0.00102195
0.08487,2.38768e-14,5,4.9901,-3.1743,0.000990211,0.000990211
0.08488,2.39322e-14,5,4.99042,-3.17462,0.000958465,0.000958465
0.08489,1.42177e-14,5,4.99073,-3.17492,0.000926716,0.000926716
0.0849,2.37656e-14,5,4.99105,-3.1752,0.000894964,0.000894964
0.08491,1.24412e-14,5,4.99137,-3.17546,0.000863209,0.000863209
0.08492,1.34959e-14,5,4.99169,-3.1757,0.000831452,0.000831452
0.08493,1.95465e-14,5,4.992,-3.17591,0.000799693,0.000799693
0.08494,2.53196e-14,5,4.99232,-3.17611,0.000767932,0.000767932
0.08495,2.78731e-14,5,4.99264,-3.17628,0.000736169,0.000736169
0.08496,2.60412e-14,5,4.99296,-3.17643,0.000704405,0.000704405
0.08497,2.11007e-14,5,4.99327,-3.17656,0.000672639,0.000672639
0.08498,1.62157e-14,5,4.99359,-3.17667,0.000640872,0.000640872
0.08499,1.67708e-14,5,4.99391,-3.17676,0.000609105,0.000609105
0.085,8.99917e-15,5,4.99423,-3.17683,0.000577337,0.000577337
0.08501,9.49877e-15,5,4.99454,-3.17687,0.000545568,0.000545568
0.08502,8.83263e-15,5,4.99486,-3.1769,0.000513799,0.000513799
0.08503,1.36621e-14,5,4.99518,-3.1769,0.00048203,0.00048203
0.08504,4.39175e-15,5,4.9955,-3.17689,0.000450261,0.000450261
0.08505,1.33291e-14,5,4.99582,-3.17685,0.000418492,0.000418492
0.08506,1.09421e-14,5,4.99613,-3.17679,0.000386725,0.000386725
0.08507,5.39101e-15,5,4.99645,-3.17671,0.000354958,0.000354958
0.08508,-3.8212e-16,5,4.99677,-3.1766,0.000323192,0.000323192
0.08509,1.32737e-14,5,4.99709,-3.17648,0.000291427,0.000291427
0.0851,3.94783e-15,5,4.9974,-3.17634,0.000259663,0.000259663
0.08511,5.77975e-15,5,4.99772,-3.17617,0.000227902,0.000227902
0.08512,5.61327e-15,5,4.99804,-3.17598,0.000196142,0.000196142
0.08513,-5.48406e-16,5,4.99836,-3.17577,0.000164384,0.000164384
0.08514,-6.0385e-16,5,4.99867,-3.17555,0.000132629,0.000132629
0.08515,2.11627e-15,5,4.99899,-3.1753,0.000100876,0.000100876
0.08516,1.06164e-15,5,4.99931,-3.17502,6.91254e-05,6.91254e-05
0.08517,5.62121e-16,5,4.99963,-3.17473,3.73781e-05,3.73781e-05
0.08518,7.09986e-18,5,4.99994,-3.17442,5.63395e-06,5.63395e-06
0.08519,-7.6996e-16,5,5.00026,-3.17408,-2.61069e-05,-2.61069e-05
0.0852,-1.54701e-15,5,5.00058,-3.17373,-5.78441e-05,-5.78441e-05
0.08521,-2.10202e-15,5,5.0009,-3.17335,-8.95776e-05,-8.95776e-05
0.08522,-3.04559e-15,5,5.00121,-3.17295,-0.000121307,-0.000121307
0.08523,-2.93445e-15,5,5.00153,-3.17253,-0.000153032,-0.000153032
0.08524,-4.76619e-15,5,5.00185,-3.17209,-0.000184753,-0.000184753
0.08525,-5.04362e-15,5,5.00216,-3.17163,-0.00021647,-0.00021647
0.08526,-7.04188e-15,5,5.00248,-3.17115,-0.000248181,-0.000248181
0.08527,-6.54214e-15,5,5.0028,-3.17064,-0.000279888,-0.000279888
0.08528,-4.37705e-15,5,5.00312,-3.17012,-0.000311589,-0.000311589
0.08529,-9.8725e-15,5,5.00343,-3.16957,-0.000343285,-0.000343285
0.0853,-5.54247e-15,5,5.00375,-3.16901,-0.000374975,-0.000374975
0.08531,-1.05938e-14,5,5.00407,-3.16842,-0.000406659,-0.000406659
0.08532,-1.04271e-14,5,5.00438,-3.16781,-0.000438337,-0.000438337
0.08533,-1.30915e-14,5,5.0047,-3.16718,-0.000470009,-0.000470009
0.08534,-1.02047e-14,5,5.00502,-3.16653,-0.000501674,-0.000501674
0.08535,-1.28135e-14,5,5.00533,-3.16586,-0.000533333,-0.000533333
0.08536,-8.37245e-15,5,5.00565,-3.16516,-0.000564984,-0.000564984
0.08537,-1.79202e-14,5,5.00597,-3.16445,-0.000596629,-0.000596629
0.08538,-1.76424e-14,5,5.00628,-3.16371,-0.000628266,-0.000628266
0.08539,-1.00372e-14,5,5.0066,-3.16296,-0.000659895,-0.000659895
0.0854,-9.8149e-15,5,5.00692,-3.16218,-0.000691517,-0.000691517
0.08541,-2.23047e-14,5,5.00723,-3.16138,-0.000723131,-0.000723131
0.08542,-1.54211e-14,5,5.00755,-3.16056,-0.000754737,-0.000754737
0.08543,-1.8807e-14,5,5.00786,-3.15972,-0.000786334,-0.000786334
0.08544,-1.73635e-14,5,5.00818,-3.15886,-0.000817923,-0.000817923
0.08545,-2.23592e-14,5,5.0085,-3.15798,-0.000849502,-0.000849502
0.08546,-2.88538e-14,5,5.00881,-3.15708,-0.000881073,-0.000881073
0.08547,-2.96307e-14,5,5.00913,-3.15615,-0.000912635,-0.000912635
0.08548,-1.54196e-14,5,5.00944,-3.15521,-0.000944187,-0.000944187
0.08549,-3.17396e-14,5,5.00976,-3.15424,-0.000975729,-0.000975729
0.0855,-2.258e-14,5,5.01007,-3.15325,-0.00100726,-0.00100726
0.08551,-2.9352e-14,5,5.01039,-3.15225,-0.00103878,-0.00103878
0.08552,-2.00814e-14,5,5.0107,-3.15122,-0.0010703,-0.0010703
0.08553,-1.78051e-14,5,5.01102,-3.15017,-0.0011018,-0.0011018
0.08554,-2.91291e-14,5,5.01133,-3.1491,-0.00113329,-0.00113329
0.08555,-3.01835e-14,5,5.01165,-3.14801,-0.00116477,-0.00116477
0.08556,-2.35219e-14,5,5.01196,-3.1469,-0.00119624,-0.00119624
0.08557,-3.78434e-14,5,5.01228,-3.14576,-0.0012277,-0.0012277
0.08558,-2.87948e-14,5,5.01259,-3.14461,-0.00125914,-0.00125914
0.08559,-2.11339e-14,5,5.01291,-3.14343,-0.00129058,-0.00129058
0.0856,-3.73428e-14,5,5.01322,-3.14224,-0.001322,-0.001322
0.08561,-2.68509e-14,5,5.01353,-3.14102,-0.00135341,-0.00135341
0.08562,-2.22431e-14,5,5.01385,-3.13978,-0.00138481,-0.00138481
0.08563,-3.97843e-14,5,5.01416,-3.13853,-0.00141619,-0.00141619
0.08564,-8.47563e-15,5,5.01448,-3.13725,-0.00144756,-0.00144756
0.08565,-2.57947e-14,5,5.01479,-3.13595,-0.00147892,-0.00147892
0.08566,-4.49457e-14,5,5.0151,-3.13463,-0.00151027,-0.00151027
0.08567,-4.55005e-14,5,5.01542,-3.13329,-0.0015416,-0.0015416
0.08568,-3.32876e-14,5,5.01573,-3.13192,-0.00157292,-0.00157292
0.08569,-4.07257e-14,5,5.01604,-3.13054,-0.00160423,-0.00160423
0.0857,-4.11694e-14,5,5.01636,-3.12914,-0.00163552,-0.00163552
0.08571,-3.41746e-14,5,5.01667,-3.12772,-0.0016668,-0.0016668
0.08572,-4.59426e-14,5,5.01698,-3.12627,-0.00169806,-0.00169806
0.08573,-4.36107e-14,5,5.01729,-3.12481,-0.00172931,-0.00172931
0.08574,-4.91059e-14,5,5.01761,-3.12332,-0.00176054,-0.00176054
0.08575,-2.54022e-14,5,5.01792,-3.12181,-0.00179176,-0.00179176
0.08576,-1.87404e-14,5,5.01823,-3.12029,-0.00182296,-0.00182296
0.08577,-4.48302e-14,5,5.01854,-3.11874,-0.00185415,-0.00185415
0.08578,-3.20622e-14,5,5.01885,-3.11717,-0.00188532,-0.00188532
0.08579,-4.89927e-14,5,5.01916,-3.11558,-0.00191648,-0.00191648
0.0858,-7.66368e-14,5,5.01948,-3.11397,-0.00194762,-0.00194762
0.08581,-3.72789e-14,5,5.01979,-3.11234,-0.00197874,-0.00197874
0.08582,-2.15688e-14,5,5.0201,-3.11069,-0.00200985,-0.00200985
0.08583,-6.13699e-14,5,5.02041,-3.10902,-0.00204094,-0.00204094
0.08584,-4.42719e-14,5,5.02072,-3.10732,-0.00207201,-0.00207201
0.08585,-5.47631e-14,5,5.02103,-3.10561,-0.00210307,-0.00210307
0.08586,-3.33353e-14,5,5.02134,-3.10388,-0.0021341,-0.0021341
0.08587,-3.18915e-14,5,5.02165,-3.10213,-0.00216513,-0.00216513
0.08588,-4.36039e-14,5,5.02196,-3.10035,-0.00219613,-0.00219613
0.08589,-5.95351e-14,5,5.02227,-3.09856,-0.00222711,-0.00222711
0.0859,-6.86939e-14,5,5.02258,-3.09674,-0.00225808,-0.00225808
0.08591,-5.80352e-14,5,5.02289,-3.09491,-0.00228903,-0.00228903
0.08592,-4.09928e-14,5,5.0232,-3.09305,-0.00231996,-0.00231996
0.08593,-5.7146e-14,5,5.02351,-3.09117,-0.00235087,-0.00235087
0.08594,-5.91994e-14,5,5.02382,-3.08928,-0.00238177,-0.00238177
0.08595,-5.40918e-14,5,5.02413,-3.08736,-0.00241264,-0.00241264
0.08596,-7.56296e-14,5,5.02443,-3.08542,-0.00244349,-0.00244349
0.08597,-7.00225e-14,5,5.02474,-3.08346,-0.00247433,-0.00247433
0.08598,-3.84361e-14,5,5.02505,-3.08149,-0.00250514,-0.00250514
0.08599,-3.68257e-14,5,5.02536,-3.07949,-0.00253594,-0.00253594
0.086,-6.22492e-14,5,5.02567,-3.07747,-0.00256671,-0.00256671
0.08601,-8.13445e-14,5,5.02597,-3.07543,-0.00259747,-0.00259747
0.08602,-5.86398e-14,5,5.02628,-3.07337,-0.0026282,-0.0026282
0.08603,-4.19304e-14,5,5.02659,-3.07129,-0.00265891,-0.00265891
0.08604,-4.87022e-14,5,5.0269,-3.06919,-0.00268961,-0.00268961
0.08605,-3.73218e-14,5,5.0272,-3.06707,-0.00272028,-0.00272028
0.08606,-2.11675e-14,5,5.02751,-3.06493,-0.00275093,-0.00275093
0.08607,-6.85179e-14,5,5.02782,-3.06277,-0.00278155,-0.00278155
0.08608,-7.47345e-14,5,5.02812,-3.06059,-0.00281216,-0.00281216
0.08609,-4.73114e-14,5,5.02843,-3.05839,-0.00284274,-0.00284274
0.0861,-4.81989e-14,5,5.02873,-3.05617,-0.0028733,-0.0028733
0.08611,-8.07279e-14,5,5.02904,-3.05392,-0.00290384,-0.00290384
0.08612,-8.92759e-14,5,5.02934,-3.05166,-0.00293436,-0.00293436
0.08613,-1.61671e-14,5,5.02965,-3.04938,-0.00296485,-0.00296485
0.08614,-2.92116e-14,5,5.02995,-3.04708,-0.00299533,-0.00299533
0.08615,-6.6792e-14,5,5.03026,-3.04476,-0.00302577,-0.00302577
0.08616,-1.21914e-13,5,5.03056,-3.04242,-0.0030562,-0.0030562
0.08617,-1.29185e-13,5,5.03087,-3.04005,-0.0030866,-0.0030866
0.08618,-7.76702e-14,5,5.03117,-3.03767,-0.00311697,-0.00311697
0.08619,-1.25076e-13,5,5.03147,-3.03527,-0.00314733,-0.00314733
0.0862,-8.61621e-14,5,5.03178,-3.03285,-0.00317766,-0.00317766
0.08621,-5.77397e-14,5,5.03208,-3.03041,-0.00320796,-0.00320796
0.08622,-7.79451e-14,5,5.03238,-3.02795,-0.00323824,-0.00323824
0.08623,-6.90626e-14,5,5.03268,-3.02546,-0.00326849,-0.00326849
0.08624,-6.52316e-14,5,5.03299,-3.02296,-0.00329872,-0.00329872
0.08625,-9.84266e-14,5,5.03329,-3.02044,-0.00332893,-0.00332893
0.08626,-8.52142e-14,5,5.03359,-3.0179,-0.00335911,-0.00335911
0.08627,3.27128e-15,5,5.03389,-3.01534,-0.00338926,-0.00338926
0.08628,-8.66006e-14,5,5.03419,-3.01276,-0.00341939,-0.00341939
0.08629,-3.775e-14,5,5.03449,-3.01016,-0.00344949,-0.00344949
0.0863,-4.30784e-14,5,5.0348,-3.00754,-0.00347956,-0.00347956
0.08631,-6.57262e-14,5,5.0351,-3.0049,-0.00350961,-0.00350961
0.08632,-1.24068e-13,5,5.0354,-3.00224,-0.00353964,-0.00353964
0.08633,-6.37263e-14,5,5.0357,-2.99956,-0.00356963,-0.00356963
0.08634,-6.94987e-14,5,5.036,-2.99686,-0.0035996,-0.0035996
0.08635,-9.6976e-14,5,5.0363,-2.99414,-0.00362954,-0.00362954
0.08636,-9.95287e-14,5,5.03659,-2.9914,-0.00365946,-0.00365946
0.08637,-8.55391e-14,5,5.03689,-2.98864,-0.00368934,-0.00368934
0.08638,-1.1829e-13,5,5.03719,-2.98586,-0.0037192,-0.0037192
0.08639,-3.16918e-14,5,5.03749,-2.98307,-0.00374903,-0.00374903
0.0864,-5.56163e-14,5,5.03779,-2.98025,-0.00377883,-0.00377883
0.08641,-7.69318e-14,5,5.03809,-2.97741,-0.00380861,-0.00380861
0.08642,-9.40839e-14,5,5.03838,-2.97456,-0.00383835,-0.00383835
0.08643,-1.03909e-13,5,5.03868,-2.97168,-0.00386807,-0.00386807
0.08644,-1.0091e-13,5,5.03898,-2.96878,-0.00389776,-0.00389776
0.08645,-7.79277e-14,5,5.03927,-2.96587,-0.00392742,-0.00392742
0.08646,-8.25899e-14,5,5.03957,-2.96294,-0.00395705,-0.00395705
0.08647,-4.67844e-14,5,5.03987,-2.95998,-0.00398665,-0.00398665
0.08648,-1.27941e-13,5,5.04016,-2.95701,-0.00401622,-0.00401622
0.08649,-1.40652e-13,5,5.04046,-2.95402,-0.00404576,-0.00404576
0.0865,-6.77651e-14,5,5.04075,-2.951,-0.00407527,-0.00407527
0.08651,-6.10474e-14,5,5.04105,-2.94797,-0.00410475,-0.00410475
0.08652,-4.26168e-14,5,5.04134,-2.94492,-0.0041342,-0.0041342
0.08653,-1.03567e-13,5,5.04164,-2.94185,-0.00416361,-0.00416361
0.08654,-4.86103e-14,5,5.04193,-2.93876,-0.004193,-0.004193
0.08655,-2.15755e-14,5,5.04222,-2.93565,-0.00422236,-0.00422236
0.08656,-5.0718e-14,5,5.04252,-2.93253,-0.00425168,-0.00425168
0.08657,-1.05729e-13,5,5.04281,-2.92938,-0.00428098,-0.00428098
0.08658,-9.72346e-14,5,5.0431,-2.92621,-0.00431024,-0.00431024
0.08659,-1.04672e-13,5,5.04339,-2.92303,-0.00433947,-0.00433947
0.0866,-9.17372e-14,5,5.04369,-2.91982,-0.00436867,-0.00436867
0.08661,-1.34147e-13,5,5.04398,-2.9166,-0.00439783,-0.00439783
0.08662,-7.79131e-14,5,5.04427,-2.91336,-0.00442697,-0.00442697
0.08663,-1.65453e-13,5,5.04456,-2.9101,-0.00445607,-0.00445607
0.08664,-1.25595e-13,5,5.04485,-2.90682,-0.00448514,-0.00448514
0.08665,-8.29619e-14,5,5.04514,-2.90352,-0.00451417,-0.00451417
0.08666,-1.03611e-13,5,5.04543,-2.9002,-0.00454317,-0.00454317
0.08667,-8.11837e-14,5,5.04572,-2.89686,-0.00457214,-0.00457214
0.08668,-7.78521e-14,5,5.04601,-2.8935,-0.00460108,-0.00460108
0.08669,-9.7169e-14,5,5.0463,-2.89013,-0.00462998,-0.00462998
0.0867,-1.40633e-13,5,5.04659,-2.88673,-0.00465885,-0.00465885
0.08671,-3.75481e-14,5,5.04688,-2.88332,-0.00468768,-0.00468768
0.08672,-6.99102e-14,5,5.04716,-2.87989,-0.00471648,-0.00471648
0.08673,-1.19925e-13,5,5.04745,-2.87644,-0.00474524,-0.00474524
0.08674,-1.2492e-13,5,5.04774,-2.87297,-0.00477397,-0.00477397
0.08675,-1.33856e-13,5,5.04803,-2.86948,-0.00480267,-0.00480267
0.08676,-1.36964e-13,5,5.04831,-2.86597,-0.00483133,-0.00483133
0.08677,-1.22807e-13,5,5.0486,-2.86244,-0.00485995,-0.00485995
0.08678,-7.79535e-14,5,5.04889,-2.8589,-0.00488854,-0.00488854
0.08679,-4.38686e-14,5,5.04917,-2.85533,-0.00491709,-0.00491709
0.0868,-1.17087e-13,5,5.04946,-2.85175,-0.00494561,-0.00494561
0.08681,-5.12496e-14,5,5.04974,-2.84815,-0.00497409,-0.00497409
0.08682,-1.09702e-13,5,5.05003,-2.84453,-0.00500254,-0.00500254
0.08683,-9.90427e-14,5,5.05031,-2.84089,-0.00503095,-0.00503095
0.08684,-1.08479e-13,5,5.05059,-2.83724,-0.00505932,-0.00505932
0.08685,-1.11531e-13,5,5.05088,-2.83356,-0.00508765,-0.00508765
0.08686,-7.98328e-14,5,5.05116,-2.82987,-0.00511595,-0.00511595
0.08687,-9.70402e-14,5,5.05144,-2.82616,-0.00514421,-0.00514421
0.08688,-1.30956e-13,5,5.05172,-2.82243,-0.00517244,-0.00517244
0.08689,-3.4255e-14,5,5.05201,-2.81868,-0.00520063,-0.00520063
0.0869,-1.69146e-13,5,5.05229,-2.81491,-0.00522877,-0.00522877
0.08691,-2.70564e-13,5,5.05257,-2.81112,-0.00525689,-0.00525689
0.08692,-7.19994e-14,5,5.05285,-2.80732,-0.00528496,-0.00528496
0.08693,-1.00587e-13,5,5.05313,-2.8035,-0.00531299,-0.00531299
0.08694,-1.99673e-13,5,5.05341,-2.79966,-0.00534099,-0.00534099
0.08695,-9.70872e-14,5,5.05369,-2.7958,-0.00536895,-0.00536895
0.08696,-2.00837e-13,5,5.05397,-2.79192,-0.00539687,-0.00539687
0.08697,-1.21454e-13,5,5.05425,-2.78803,-0.00542475,-0.00542475
0.08698,-2.63395e-13,5,5.05453,-2.78411,-0.00545259,-0.00545259
0.08699,-1.19842e-13,5,5.0548,-2.78018,-0.00548039,-0.00548039
0.087,-9.15307e-14,5,5.05508,-2.77623,-0.00550815,-0.00550815
0.08701,-9.09552e-15,5,5.05536,-2.77226,-0.00553588,-0.00553588
0.08702,-4.24566e-14,5,5.05564,-2.76828,-0.00556356,-0.00556356
0.08703,-2.45848e-13,5,5.05591,-2.76427,-0.0055912,-0.0055912
0.08704,-1.03461e-13,5,5.05619,-2.76025,-0.0056188,-0.0056188
0.08705,-1.20779e-13,5,5.05646,-2.75621,-0.00564637,-0.00564637
0.08706,-2.33077e-13,5,5.05674,-2.75215,-0.00567389,-0.00567389
0.08707,-3.27365e-14,5,5.05701,-2.74808,-0.00570137,-0.00570137
0.08708,-2.47397e-13,5,5.05729,-2.74398,-0.00572881,-0.00572881
0.08709,-1.24716e-13,5,5.05756,-2.73987,-0.00575621,-0.00575621
0.0871,-1.61352e-13,5,5.05784,-2.73574,-0.00578356,-0.00578356
0.08711,-1.699e-13,5,5.05811,-2.7316,-0.00581088,-0.00581088
0.08712,-7.49748e-14,5,5.05838,-2.72743,-0.00583815,-0.00583815
0.08713,-1.40366e-13,5,5.05865,-2.72325,-0.00586539,-0.00586539
0.08714,-5.98179e-14,5,5.05893,-2.71905,-0.00589258,-0.00589258
0.08715,-9.3623e-14,5,5.0592,-2.71483,-0.00591973,-0.00591973
0.08716,-4.54937e-14,5,5.05947,-2.71059,-0.00594683,-0.00594683
0.08717,-5.87041e-14,5,5.05974,-2.70634,-0.0059739,-0.0059739
0.08718,-1.60843e-13,5,5.06001,-2.70207,-0.00600092,-0.00600092
0.08719,-3.67193e-14,5,5.06028,-2.69778,-0.00602789,-0.00602789
0.0872,-1.65282e-13,5,5.06055,-2.69348,-0.00605483,-0.00605483
0.08721,-4.68159e-16,5,5.06082,-2.68915,-0.00608172,-0.00608172
0.08722,-2.45105e-13,5,5.06109,-2.68481,-0.00610857,-0.00610857
0.08723,-1.22257e-13,5,5.06135,-2.68045,-0.00613537,-0.00613537
0.08724,-1.03882e-13,5,5.06162,-2.67608,-0.00616213,-0.00616213
0.08725,-9.16681e-14,5,5.06189,-2.67169,-0.00618885,-0.00618885
0.08726,-9.93829e-14,5,5.06216,-2.66727,-0.00621552,-0.00621552
0.08727,-1.39017e-13,5,5.06242,-2.66285,-0.00624215,-0.00624215
0.08728,-2.20728e-13,5,5.06269,-2.6584,-0.00626874,-0.00626874
0.08729,-2.39378e-13,5,5.06295,-2.65394,-0.00629527,-0.00629527
0.0873,-8.81092e-14,5,5.06322,-2.64946,-0.00632177,-0.00632177
0.08731,-1.13032e-13,5,5.06348,-2.64496,-0.00634822,-0.00634822
0.08732,-2.03847e-13,5,5.06375,-2.64045,-0.00637462,-0.00637462
0.08733,-2.48533e-13,5,5.06401,-2.63592,-0.00640098,-0.00640098
0.08734,-1.95479e-14,5,5.06427,-2.63137,-0.0064273,-0.0064273
0.08735,-8.37731e-14,5,5.06454,-2.62681,-0.00645356,-0.00645356
0.08736,-2.10171e-13,5,5.0648,-2.62222,-0.00647979,-0.00647979
0.08737,-2.80002e-13,5,5.06506,-2.61762,-0.00650596,-0.00650596
0.08738,-5.90112e-14,5,5.06532,-2.61301,-0.00653209,-0.00653209
0.08739,-1.07083e-13,5,5.06558,-2.60838,-0.00655818,-0.00655818
0.0874,-1.86629e-13,5,5.06584,-2.60373,-0.00658421,-0.00658421
0.08741,-1.71862e-13,5,5.0661,-2.59906,-0.0066102,-0.0066102
0.08742,-1.63145e-13,5,5.06636,-2.59438,-0.00663615,-0.00663615
0.08743,-2.58678e-13,5,5.06662,-2.58968,-0.00666205,-0.00666205
0.08744,-2.14157e-13,5,5.06688,-2.58496,-0.00668789,-0.00668789
0.08745,-1.24727e-13,5,5.06714,-2.58022,-0.0067137,-0.0067137
0.08746,-8.35922e-14,5,5.06739,-2.57547,-0.00673945,-0.00673945
0.08747,-6.8936e-14,5,5.06765,-2.57071,-0.00676516,-0.00676516
0.08748,-1.70742e-13,5,5.06791,-2.56592,-0.00679082,-0.00679082
0.08749,-1.36268e-13,5,5.06816,-2.56112,-0.00681643,-0.00681643
0.0875,-1.66076e-13,5,5.06842,-2.55631,-0.00684199,-0.00684199
0.08751,-2.31523e-13,5,5.06868,-2.55147,-0.00686751,-0.00686751
0.08752,-7.49245e-14,5,5.06893,-2.54662,-0.00689297,-0.00689297
0.08753,-5.47867e-15,5,5.06918,-2.54176,-0.00691839,-0.00691839
0.08754,-2.1703e-13,5,5.06944,-2.53687,-0.00694376,-0.00694376
0.08755,-2.19638e-13,5,5.06969,-2.53197,-0.00696908,-0.00696908
0.08756,-9.01291e-14,5,5.06994,-2.52706,-0.00699435,-0.00699435
0.08757,-1.3115e-13,5,5.0702,-2.52213,-0.00701957,-0.00701957
0.08758,-1.88992e-13,5,5.07045,-2.51718,-0.00704474,-0.00704474
0.08759,-2.21908e-13,5,5.0707,-2.51221,-0.00706987,-0.00706987
0.0876,-1.86546e-13,5,5.07095,-2.50723,-0.00709494,-0.00709494
0.08761,-1.51629e-13,5,5.0712,-2.50224,-0.00711996,-0.00711996
0.08762,-1.84379e-13,5,5.07145,-2.49722,-0.00714493,-0.00714493
0.08763,-1.22871e-13,5,5.0717,-2.49219,-0.00716985,-0.00716985
0.08764,-1.44741e-13,5,5.07195,-2.48715,-0.00719473,-0.00719473
0.08765,-8.4843e-14,5,5.0722,-2.48209,-0.00721955,-0.00721955
0.08766,-2.31336e-13,5,5.07244,-2.47701,-0.00724432,-0.00724432
0.08767,-7.49037e-14,5,5.07269,-2.47192,-0.00726904,-0.00726904
0.08768,-1.27804e-13,5,5.07294,-2.46681,-0.0072937,-0.0072937
0.08769,-1.04821e-13,5,5.07318,-2.46168,-0.00731832,-0.00731832
0.0877,-1.74098e-13,5,5.07343,-2.45654,-0.00734289,-0.00734289
0.08771,-1.6094e-13,5,5.07367,-2.45139,-0.0073674,-0.0073674
0.08772,-1.1653e-13,5,5.07392,-2.44621,-0.00739186,-0.00739186
0.08773,-9.04382e-14,5,5.07416,-2.44102,-0.00741627,-0.00741627
0.08774,-2.44536e-13,5,5.07441,-2.43582,-0.00744063,-0.00744063
0.08775,-5.66846e-14,5,5.07465,-2.4306,-0.00746494,-0.00746494
0.08776,-1.40283e-13,5,5.07489,-2.42537,-0.00748919,-0.00748919
0.08777,-1.97569e-13,5,5.07513,-2.42011,-0.00751339,-0.00751339
0.08778,-1.56711e-13,5,5.07538,-2.41485,-0.00753754,-0.00753754
0.08779,-1.71587e-13,5,5.07562,-2.40957,-0.00756164,-0.00756164
0.0878,-5.34021e-14,5,5.07586,-2.40427,-0.00758568,-0.00758568
0.08781,-1.80521e-13,5,5.0761,-2.39896,-0.00760967,-0.00760967
0.08782,-1.33613e-13,5,5.07634,-2.39363,-0.0076336,-0.0076336
0.08783,-6.05586e-14,5,5.07657,-2.38828,-0.00765749,-0.00765749
0.08784,-2.21151e-13,5,5.07681,-2.38292,-0.00768132,-0.00768132
0.08785,-1.91617e-13,5,5.07705,-2.37755,-0.00770509,-0.00770509
0.08786,-1.15233e-13,5,5.07729,-2.37216,-0.00772881,-0.00772881
0.08787,-1.33494e-13,5,5.07752,-2.36675,-0.00775248,-0.00775248
0.08788,-1.59139e-13,5,5.07776,-2.36133,-0.00777609,-0.00777609
0.08789,-2.17035e-13,5,5.078,-2.3559,-0.00779965,-0.00779965
0.0879,-1.03236e-13,5,5.07823,-2.35045,-0.00782316,-0.00782316
0.08791,-2.94359e-13,5,5.07847,-2.34498,-0.00784661,-0.00784661
0.08792,-1.28713e-13,5,5.0787,-2.3395,-0.00787,-0.00787
0.08793,-7.98058e-14,5,5.07893,-2.33401,-0.00789334,-0.00789334
0.08794,-1.65014e-13,5,5.07917,-2.3285,-0.00791663,-0.00791663
0.08795,-1.7295e-13,5,5.0794,-2.32297,-0.00793986,-0.00793986
0.08796,-1.17882e-13,5,5.07963,-2.31743,-0.00796303,-0.00796303
0.08797,-2.40171e-13,5,5.07986,-2.31187,-0.00798615,-0.00798615
0.08798,-9.6396e-14,5,5.08009,-2.3063,-0.00800921,-0.00800921
0.08799,-2.64982e-13,5,5.08032,-2.30072,-0.00803222,-0.00803222
0.088,-1.86043e-13,5,5.08055,-2.29512,-0.00805517,-0.00805517
0.08801,-3.21156e-13,5,5.08078,-2.28951,-0.00807807,-0.00807807
0.08802,-2.21234e-13,5,5.08101,-2.28388,-0.00810091,-0.00810091
0.08803,-1.17704e-13,5,5.08124,-2.27823,-0.00812369,-0.00812369
0.08804,-1.26807e-13,5,5.08146,-2.27258,-0.00814641,-0.00814641
0.08805,-2.49762e-13,5,5.08169,-2.2669,-0.00816908,-0.00816908
0.08806,-2.5892e-13,5,5.08192,-2.26122,-0.00819169,-0.00819169
0.08807,-1.52393e-13,5,5.08214,-2.25551,-0.00821425,-0.00821425
0.08808,-1.545e-13,5,5.08237,-2.2498,-0.00823675,-0.00823675
0.08809,-2.60636e-13,5,5.08259,-2.24407,-0.00825919,-0.00825919
0.0881,-2.37264e-13,5,5.08282,-2.23832,-0.00828157,-0.00828157
0.08811,-7.70021e-14,5,5.08304,-2.23256,-0.0083039,-0.0083039
0.08812,-2.25604e-13,5,5.08326,-2.22679,-0.00832617,-0.00832617
0.08813,-1.0431e-13,5,5.08348,-2.221,-0.00834838,-0.00834838
0.08814,-1.56101e-13,5,5.08371,-2.2152,-0.00837053,-0.00837053
0.08815,-1.405e-13,5,5.08393,-2.20938,-0.00839262,-0.00839262
0.08816,-4.28547e-14,5,5.08415,-2.20355,-0.00841466,-0.00841466
0.08817,-7.46054e-14,5,5.08437,-2.19771,-0.00843663,-0.00843663
0.08818,-2.18294e-13,5,5.08459,-2.19185,-0.00845855,-0.00845855
0.08819,-2.27841e-13,5,5.0848,-2.18598,-0.00848041,-0.00848041
0.0882,-8.29827e-14,5,5.08502,-2.18009,-0.00850221,-0.00850221
0.08821,-2.16929e-13,5,5.08524,-2.17419,-0.00852395,-0.00852395
0.08822,-1.51952e-13,5,5.08546,-2.16828,-0.00854564,-0.00854564
0.08823,-2.04769e-13,5,5.08567,-2.16235,-0.00856726,-0.00856726
0.08824,-2.3602e-13,5,5.08589,-2.15641,-0.00858883,-0.00858883
0.08825,-1.04874e-13,5,5.0861,-2.15045,-0.00861033,-0.00861033
0.08826,-2.37599e-13,5,5.08632,-2.14449,-0.00863177,-0.00863177
0.08827,-1.4964e-13,5,5.08653,-2.1385,-0.00865316,-0.00865316
0.08828,-2.64574e-13,5,5.08674,-2.13251,-0.00867448,-0.00867448
0.08829,-2.08756e-13,5,5.08696,-2.1265,-0.00869575,-0.00869575
0.0883,-2.89329e-13,5,5.08717,-2.12047,-0.00871695,-0.00871695
0.08831,-1.29982e-13,5,5.08738,-2.11444,-0.0087381,-0.0087381
0.08832,-1.4891e-13,5,5.08759,-2.10839,-0.00875918,-0.00875918
0.08833,-1.94427e-13,5,5.0878,-2.10232,-0.00878021,-0.00878021
0.08834,-1.13629e-13,5,5.08801,-2.09625,-0.00880117,-0.00880117
0.08835,-9.32273e-14,5,5.08822,-2.09015,-0.00882207,-0.00882207
0.08836,-2.04997e-13,5,5.08843,-2.08405,-0.00884291,-0.00884291
0.08837,-1.78295e-13,5,5.08864,-2.07793,-0.00886369,-0.00886369
0.08838,-3.09605e-13,5,5.08884,-2.0718,-0.00888441,-0.00888441
0.08839,-9.8272e-14,5,5.08905,-2.06566,-0.00890506,-0.00890506
0.0884,-1.79233e-13,5,5.08926,-2.0595,-0.00892566,-0.00892566
0.08841,-1.62856e-13,5,5.08946,-2.05334,-0.00894619,-0.00894619
0.08842,-1.13061e-13,5,5.08967,-2.04715,-0.00896666,-0.00896666
0.08843,-2.06096e-13,5,5.08987,-2.04096,-0.00898707,-0.00898707
0.08844,-1.62157e-13,5,5.09007,-2.03475,-0.00900742,-0.00900742
0.08845,-1.54939e-13,5,5.09028,-2.02853,-0.00902771,-0.00902771
0.08846,-1.29429e-13,5,5.09048,-2.02229,-0.00904793,-0.00904793
0.08847,-2.56743e-13,5,5.09068,-2.01605,-0.00906809,-0.00906809
0.08848,-1.3828e-13,5,5.09088,-2.00979,-0.00908819,-0.00908819
0.08849,-1.69975e-13,5,5.09108,-2.00351,-0.00910822,-0.00910822
0.0885,-1.78022e-13,5,5.09128,-1.99723,-0.0091282,-0.0091282
0.08851,-3.28428e-13,5,5.09148,-1.99093,-0.0091481,-0.0091481
0.08852,-2.17571e-13,5,5.09168,-1.98462,-0.00916795,-0.00916795
0.08853,-1.22589e-13,5,5.09188,-1.9783,-0.00918773,-0.00918773
0.08854,-2.05827e-13,5,5.09207,-1.97196,-0.00920745,-0.00920745
0.08855,-2.87121e-13,5,5.09227,-1.96561,-0.00922711,-0.00922711
0.08856,-1.85228e-13,5,5.09247,-1.95925,-0.0092467,-0.0092467
0.08857,-2.86063e-13,5,5.09266,-1.95288,-0.00926623,-0.00926623
0.08858,-2.92167e-13,5,5.09286,-1.9465,-0.0092857,-0.0092857
0.08859,-2.45869e-13,5,5.09305,-1.9401,-0.0093051,-0.0093051
0.0886,-7.46708e-14,5,5.09324,-1.93369,-0.00932443,-0.00932443
0.08861,-2.73232e-13,5,5.09344,-1.92727,-0.00934371,-0.00934371
0.08862,-8.44927e-14,5,5.09363,-1.92083,-0.00936291,-0.00936291
0.08863,-2.28043e-13,5,5.09382,-1.91439,-0.00938206,-0.00938206
0.08864,-2.85439e-13,5,5.09401,-1.90793,-0.00940114,-0.00940114
0.08865,-6.442e-14,5,5.0942,-1.90146,-0.00942015,-0.00942015
0.08866,-1.6728e-13,5,5.09439,-1.89498,-0.0094391,-0.0094391
0.08867,-2.85656e-13,5,5.09458,-1.88848,-0.00945799,-0.00945799
0.08868,-1.10045e-13,5,5.09477,-1.88198,-0.00947681,-0.00947681
0.08869,-2.39162e-13,5,5.09496,-1.87546,-0.00949556,-0.00949556
0.0887,-2.47404e-13,5,5.09514,-1.86893,-0.00951425,-0.00951425
0.08871,-2.76434e-13,5,5.09533,-1.86239,-0.00953287,-0.00953287
0.08872,-2.39379e-13,5,5.09551,-1.85583,-0.00955143,-0.00955143
0.08873,-1.61855e-13,5,5.0957,-1.84927,-0.00956993,-0.00956993
0.08874,-1.82004e-13,5,5.09588,-1.84269,-0.00958835,-0.00958835
0.08875,-3.23167e-13,5,5.09607,-1.8361,-0.00960671,-0.00960671
0.08876,-1.52663e-13,5,5.09625,-1.8295,-0.00962501,-0.00962501
0.08877,-2.60047e-13,5,5.09643,-1.82289,-0.00964324,-0.00964324
0.08878,-2.10391e-13,5,5.09661,-1.81627,-0.0096614,-0.0096614
0.08879,-2.49746e-13,5,5.09679,-1.80964,-0.0096795,-0.0096795
0.0888,-1.68393e-13,5,5.09698,-1.80299,-0.00969753,-0.00969753
0.08881,-2.1008e-13,5,5.09715,-1.79633,-0.00971549,-0.00971549
0.08882,-1.6281e-13,5,5.09733,-1.78967,-0.00973339,-0.00973339
0.08883,-1.54482e-13,5,5.09751,-1.78299,-0.00975122,-0.00975122
0.08884,-1.98167e-13,5,5.09769,-1.7763,-0.00976898,-0.00976898
0.08885,-3.05857e-13,5,5.09787,-1.7696,-0.00978668,-0.00978668
0.08886,-1.47315e-13,5,5.09804,-1.76288,-0.0098043,-0.0098043
0.08887,-1.87087e-13,5,5.09822,-1.75616,-0.00982187,-0.00982187
0.08888,-3.20173e-13,5,5.09839,-1.74943,-0.00983936,-0.00983936
0.08889,-9.9348e-14,5,5.09857,-1.74268,-0.00985679,-0.00985679
0.0889,-2.13255e-13,5,5.09874,-1.73592,-0.00987415,-0.00987415
0.08891,-9.88168e-14,5,5.09891,-1.72916,-0.00989144,-0.00989144
0.08892,-2.15111e-13,5,5.09909,-1.72238,-0.00990866,-0.00990866
0.08893,-1.10665e-13,5,5.09926,-1.71559,-0.00992582,-0.00992582
0.08894,-2.42335e-13,5,5.09943,-1.70879,-0.00994291,-0.00994291
0.08895,-1.56513e-13,5,5.0996,-1.70198,-0.00995992,-0.00995992
0.08896,-3.07973e-13,5,5.09977,-1.69516,-0.00997688,-0.00997688
0.08897,-1.27255e-13,5,5.09994,-1.68833,-0.00999376,-0.00999376
0.08898,-2.94453e-13,5,5.10011,-1.68149,-0.0100106,-0.0100106
0.08899,-1.24254e-13,5,5.10027,-1.67463,-0.0100273,-0.0100273
0.089,-2.94699e-13,5,5.10044,-1.66777,-0.010044,-0.010044
0.08901,-1.18421e-13,5,5.10061,-1.6609,-0.0100606,-0.0100606
0.08902,-2.71297e-13,5,5.10077,-1.65401,-0.0100771,-0.0100771
0.08903,-1.77675e-13,5,5.10094,-1.64712,-0.0100936,-0.0100936
0.08904,-2.83977e-13,5,5.1011,-1.64022,-0.01011,-0.01011
0.08905,-2.39816e-13,5,5.10126,-1.6333,-0.0101264,-0.0101264
0.08906,-1.48637e-13,5,5.10143,-1.62638,-0.0101426,-0.0101426
0.08907,-2.26406e-13,5,5.10159,-1.61944,-0.0101588,-0.0101588
0.08908,-3.47114e-13,5,5.10175,-1.6125,-0.0101749,-0.0101749
0.08909,-1.56403e-13,5,5.10191,-1.60554,-0.010191,-0.010191
0.0891,-9.46172e-14,5,5.10207,-1.59858,-0.010207,-0.010207
0.08911,-1.46463e-13,5,5.10223,-1.59161,-0.0102229,-0.0102229
0.08912,-1.81988e-13,5,5.10239,-1.58462,-0.0102387,-0.0102387
0.08913,-1.83846e-13,5,5.10255,-1.57763,-0.0102545,-0.0102545
0.08914,-1.33745e-13,5,5.1027,-1.57062,-0.0102702,-0.0102702
0.08915,-3.53567e-13,5,5.10286,-1.56361,-0.0102859,-0.0102859
0.08916,-2.54616e-13,5,5.10301,-1.55659,-0.0103014,-0.0103014
0.08917,-2.70463e-13,5,5.10317,-1.54955,-0.0103169,-0.0103169
0.08918,-1.51639e-13,5,5.10332,-1.54251,-0.0103323,-0.0103323
0.08919,-3.29773e-13,5,5.10348,-1.53546,-0.0103477,-0.0103477
0.0892,-9.87333e-14,5,5.10363,-1.5284,-0.010363,-0.010363
0.08921,-1.15662e-13,5,5.10378,-1.52133,-0.0103782,-0.0103782
0.08922,-1.27262e-13,5,5.10393,-1.51425,-0.0103933,-0.0103933
0.08923,-1.06693e-13,5,5.10408,-1.50716,-0.0104084,-0.0104084
0.08924,-2.53491e-13,5,5.10423,-1.50006,-0.0104234,-0.0104234
0.08925,-8.43183e-14,5,5.10438,-1.49295,-0.0104383,-0.0104383
0.08926,-2.51599e-13,5,5.10453,-1.48583,-0.0104532,-0.0104532
0.08927,-4.2681e-14,5,5.10468,-1.47871,-0.010468,-0.010468
0.08928,-1.08238e-13,5,5.10483,-1.47157,-0.0104827,-0.0104827
0.08929,3.88133e-14,5,5.10497,-1.46443,-0.0104973,-0.0104973
0.0893,-2.29963e-14,5,5.10512,-1.45727,-0.0105119,-0.0105119
0.08931,-2.59583e-13,5,5.10526,-1.45011,-0.0105264,-0.0105264
0.08932,-1.81116e-13,5,5.10541,-1.44294,-0.0105409,-0.0105409
0.08933,-4.33773e-13,5,5.10555,-1.43576,-0.0105552,-0.0105552
0.08934,-2.98685e-13,5,5.10569,-1.42857,-0.0105695,-0.0105695
0.08935,-1.9285e-13,5,5.10584,-1.42137,-0.0105837,-0.0105837
0.08936,-7.78016e-14,5,5.10598,-1.41416,-0.0105978,-0.0105978
0.08937,-1.41443e-13,5,5.10612,-1.40695,-0.0106119,-0.0106119
0.08938,-3.43502e-13,5,5.10626,-1.39972,-0.0106259,-0.0106259
0.08939,-1.88124e-13,5,5.1064,-1.39249,-0.0106398,-0.0106398
0.0894,-3.15465e-13,5,5.10654,-1.38525,-0.0106537,-0.0106537
0.08941,-5.20066e-16,5,5.10667,-1.378,-0.0106675,-0.0106675
0.08942,-1.09153e-13,5,5.10681,-1.37074,-0.0106812,-0.0106812
0.08943,-3.69443e-13,5,5.10695,-1.36348,-0.0106948,-0.0106948
0.08944,-2.81345e-13,5,5.10708,-1.3562,-0.0107084,-0.0107084
0.08945,-2.53449e-13,5,5.10722,-1.34892,-0.0107219,-0.0107219
0.08946,-2.38736e-13,5,5.10735,-1.34163,-0.0107353,-0.0107353
0.08947,-1.8944e-13,5,5.10749,-1.33433,-0.0107486,-0.0107486
0.08948,-2.84279e-13,5,5.10762,-1.32702,-0.0107619,-0.0107619
0.08949,-2.46474e-13,5,5.10775,-1.31971,-0.0107751,-0.0107751
0.0895,-4.80562e-13,5,5.10788,-1.31238,-0.0107882,-0.0107882
0.08951,-2.53409e-13,5,5.10801,-1.30505,-0.0108013,-0.0108013
0.08952,-1.95286e-13,5,5.10814,-1.29771,-0.0108142,-0.0108142
0.08953,-2.53627e-13,5,5.10827,-1.29037,-0.0108271,-0.0108271
0.08954,-1.47681e-13,5,5.1084,-1.28301,-0.01084,-0.01084
0.08955,-2.78047e-13,5,5.10853,-1.27565,-0.0108527,-0.0108527
0.08956,-1.35021e-13,5,5.10865,-1.26828,-0.0108654,-0.0108654
0.08957,-1.17644e-13,5,5.10878,-1.2609,-0.010878,-0.010878
0.08958,-1.69517e-13,5,5.10891,-1.25351,-0.0108906,-0.0108906
0.08959,-4.60782e-13,5,5.10903,-1.24612,-0.010903,-0.010903
0.0896,-2.39348e-14,5,5.10915,-1.23872,-0.0109154,-0.0109154
0.08961,-1.64543e-13,5,5.10928,-1.23131,-0.0109277,-0.0109277
0.08962,-1.41031e-13,5,5.1094,-1.2239,-0.01094,-0.01094
0.08963,-1.20574e-13,5,5.10952,-1.21647,-0.0109521,-0.0109521
0.08964,-2.69647e-13,5,5.10964,-1.20904,-0.0109642,-0.0109642
0.08965,-2.99149e-13,5,5.10976,-1.2016,-0.0109762,-0.0109762
0.08966,-3.7417e-13,5,5.10988,-1.19416,-0.0109882,-0.0109882
0.08967,-2.04248e-13,5,5.11,-1.18671,-0.011,-0.011
0.08968,-1.80265e-13,5,5.11012,-1.17925,-0.0110118,-0.0110118
0.08969,-4.65147e-13,5,5.11024,-1.17178,-0.0110236,-0.0110236
0.0897,-3.11517e-13,5,5.11035,-1.16431,-0.0110352,-0.0110352
0.08971,-3.35635e-13,5,5.11047,-1.15683,-0.0110468,-0.0110468
0.08972,-4.70914e-13,5,5.11058,-1.14934,-0.0110583,-0.0110583
0.08973,-1.95299e-13,5,5.1107,-1.14185,-0.0110697,-0.0110697
0.08974,-3.50311e-13,5,5.11081,-1.13435,-0.011081,-0.011081
0.08975,-1.85219e-13,5,5.11092,-1.12684,-0.0110923,-0.0110923
0.08976,-5.40211e-13,5,5.11103,-1.11933,-0.0111035,-0.0111035
0.08977,1.89828e-14,5,5.11115,-1.1118,-0.0111146,-0.0111146
0.08978,-2.56045e-13,5,5.11126,-1.10428,-0.0111256,-0.0111256
0.08979,-1.57122e-13,5,5.11137,-1.09674,-0.0111366,-0.0111366
0.0898,-2.94427e-13,5,5.11148,-1.0892,-0.0111475,-0.0111475
0.08981,-1.40603e-13,5,5.11158,-1.08165,-0.0111583,-0.0111583
0.08982,-5.31955e-13,5,5.11169,-1.0741,-0.0111691,-0.0111691
0.08983,-3.03541e-14,5,5.1118,-1.06654,-0.0111797,-0.0111797
0.08984,-3.8028e-13,5,5.1119,-1.05898,-0.0111903,-0.0111903
0.08985,-3.69773e-13,5,5.11201,-1.0514,-0.0112008,-0.0112008
0.08986,-3.77806e-13,5,5.11211,-1.04382,-0.0112113,-0.0112113
0.08987,-1.00678e-13,5,5.11222,-1.03624,-0.0112216,-0.0112216
0.08988,-1.43545e-13,5,5.11232,-1.02865,-0.0112319,-0.0112319
0.08989,-2.01468e-13,5,5.11242,-1.02105,-0.0112421,-0.0112421
0.0899,-4.23622e-13,5,5.11252,-1.01345,-0.0112523,-0.0112523
0.08991,-2.76515e-13,5,5.11262,-1.00584,-0.0112623,-0.0112623
0.08992,-3.62916e-13,5,5.11272,-0.998226,-0.0112723,-0.0112723
0.08993,-1.48142e-13,5,5.11282,-0.990605,-0.0112822,-0.0112822
0.08994,-2.33793e-13,5,5.11292,-0.982979,-0.011292,-0.011292
0.08995,-3.11396e-13,5,5.11302,-0.975347,-0.0113018,-0.0113018
0.08996,-5.26693e-13,5,5.11311,-0.967709,-0.0113115,-0.0113115
0.08997,-3.42686e-13,5,5.11321,-0.960066,-0.0113211,-0.0113211
0.08998,-3.58712e-13,5,5.11331,-0.952417,-0.0113306,-0.0113306
0.08999,-2.64092e-13,5,5.1134,-0.944762,-0.01134,-0.01134
0.09,2.50681e-14,5,5.11349,-0.937102,-0.0113494,-0.0113494
0.09001,-8.89219e-14,5,5.11359,-0.929437,-0.0113587,-0.0113587
0.09002,-2.93714e-13,5,5.11368,-0.921766,-0.0113679,-0.0113679
0.09003,-4.91023e-14,5,5.11377,-0.91409,-0.0113771,-0.0113771
0.09004,-1.7851e-13,5,5.11386,-0.906409,-0.0113861,-0.0113861
0.09005,-3.68051e-13,5,5.11395,-0.898722,-0.0113951,-0.0113951
0.09006,-7.58939e-14,5,5.11404,-0.89103,-0.011404,-0.011404
0.09007,-1.23978e-13,5,5.11413,-0.883333,-0.0114129,-0.0114129
0.09008,-1.96835e-13,5,5.11422,-0.875631,-0.0114216,-0.0114216
0.09009,-4.33268e-13,5,5.1143,-0.867924,-0.0114303,-0.0114303
0.0901,-2.89437e-13,5,5.11439,-0.860212,-0.0114389,-0.0114389
0.09011,-3.57908e-13,5,5.11447,-0.852496,-0.0114474,-0.0114474
0.09012,-3.21226e-13,5,5.11456,-0.844774,-0.0114559,-0.0114559
0.09013,-8.88824e-14,5,5.11464,-0.837047,-0.0114642,-0.0114642
0.09014,-2.45844e-14,5,5.11473,-0.829316,-0.0114725,-0.0114725
0.09015,-2.64252e-13,5,5.11481,-0.82158,-0.0114807,-0.0114807
0.09016,-2.61155e-13,5,5.11489,-0.813839,-0.0114889,-0.0114889
0.09017,-1.50283e-13,5,5.11497,-0.806094,-0.0114969,-0.0114969
0.09018,-2.93527e-13,5,5.11505,-0.798344,-0.0115049,-0.0115049
0.09019,-1.42812e-13,5,5.11513,-0.79059,-0.0115128,-0.0115128
0.0902,-5.13861e-13,5,5.11521,-0.782831,-0.0115207,-0.0115207
0.09021,5.17307e-14,5,5.11528,-0.775068,-0.0115284,-0.0115284
0.09022,-1.70381e-13,5,5.11536,-0.767301,-0.0115361,-0.0115361
0.09023,-1.75625e-13,5,5.11544,-0.759529,-0.0115437,-0.0115437
0.09024,-9.59364e-14,5,5.11551,-0.751753,-0.0115512,-0.0115512
0.09025,-2.90112e-13,5,5.11559,-0.743973,-0.0115586,-0.0115586
0.09026,-2.07135e-13,5,5.11566,-0.736189,-0.011566,-0.011566
0.09027,2.23644e-14,5,5.11573,-0.7284,-0.0115733,-0.0115733
0.09028,-1.86619e-13,5,5.1158,-0.720608,-0.0115805,-0.0115805
0.09029,-2.81805e-13,5,5.11588,-0.712811,-0.0115876,-0.0115876
0.0903,-1.65298e-13,5,5.11595,-0.705011,-0.0115947,-0.0115947
0.09031,-1.93538e-13,5,5.11602,-0.697207,-0.0116016,-0.0116016
0.09032,-4.95211e-13,5,5.11609,-0.689399,-0.0116085,-0.0116085
0.09033,-2.89151e-13,5,5.11615,-0.681587,-0.0116154,-0.0116154
0.09034,-1.58046e-13,5,5.11622,-0.673772,-0.0116221,-0.0116221
0.09035,-2.29472e-13,5,5.11629,-0.665953,-0.0116288,-0.0116288
0.09036,-4.03303e-13,5,5.11635,-0.65813,-0.0116353,-0.0116353
0.09037,-3.51606e-13,5,5.11642,-0.650304,-0.0116418,-0.0116418
0.09038,-2.00919e-13,5,5.11648,-0.642474,-0.0116483,-0.0116483
0.09039,-5.32166e-13,5,5.11655,-0.634641,-0.0116546,-0.0116546
0.0904,-3.34308e-13,5,5.11661,-0.626804,-0.0116609,-0.0116609
0.09041,-1.87576e-13,5,5.11667,-0.618964,-0.0116671,-0.0116671
0.09042,-2.17148e-13,5,5.11673,-0.611121,-0.0116732,-0.0116732
0.09043,-3.20493e-13,5,5.11679,-0.603275,-0.0116792,-0.0116792
0.09044,-1.67377e-13,5,5.11685,-0.595425,-0.0116852,-0.0116852
0.09045,-1.09394e-13,5,5.11691,-0.587572,-0.011691,-0.011691
0.09046,-2.70457e-13,5,5.11697,-0.579716,-0.0116968,-0.0116968
0.09047,-9.20145e-14,5,5.11703,-0.571858,-0.0117026,-0.0117026
0.09048,-3.79518e-13,5,5.11708,-0.563996,-0.0117082,-0.0117082
0.09049,-3.46473e-13,5,5.11714,-0.556131,-0.0117138,-0.0117138
0.0905,-1.156e-13,5,5.11719,-0.548263,-0.0117192,-0.0117192
0.09051,-2.64104e-13,5,5.11725,-0.540393,-0.0117246,-0.0117246
0.09052,-2.32003e-13,5,5.1173,-0.53252,-0.01173,-0.01173
0.09053,-3.686e-13,5,5.11735,-0.524644,-0.0117352,-0.0117352
0.09054,-1.13385e-13,5,5.1174,-0.516765,-0.0117404,-0.0117404
0.09055,-2.69855e-13,5,5.11745,-0.508884,-0.0117455,-0.0117455
0.09056,-2.77e-13,5,5.1175,-0.501,-0.0117505,-0.0117505
0.09057,-2.55681e-13,5,5.11755,-0.493114,-0.0117554,-0.0117554
0.09058,-9.91514e-14,5,5.1176,-0.485225,-0.0117603,-0.0117603
0.09059,-3.82527e-13,5,5.11765,-0.477334,-0.011765,-0.011765
0.0906,-3.16473e-13,5,5.1177,-0.469441,-0.0117697,-0.0117697
0.09061,-2.08949e-14,5,5.11774,-0.461545,-0.0117743,-0.0117743
0.09062,-2.97616e-13,5,5.11779,-0.453647,-0.0117789,-0.0117789
0.09063,-1.29241e-13,5,5.11783,-0.445747,-0.0117833,-0.0117833
0.09064,-8.97777e-14,5,5.11788,-0.437844,-0.0117877,-0.0117877
0.09065,-2.98289e-13,5,5.11792,-0.42994,-0.011792,-0.011792
0.09066,-1.91504e-13,5,5.11796,-0.422034,-0.0117962,-0.0117962
0.09067,-5.70192e-13,5,5.118,-0.414125,-0.0118004,-0.0118004
0.09068,3.87811e-14,5,5.11804,-0.406215,-0.0118044,-0.0118044
0.09069,-3.01833e-13,5,5.11808,-0.398303,-0.0118084,-0.0118084
0.0907,-5.73274e-13,5,5.11812,-0.390389,-0.0118123,-0.0118123
0.09071,-4.38712e-13,5,5.11816,-0.382473,-0.0118162,-0.0118162
0.09072,-4.70643e-13,5,5.1182,-0.374556,-0.0118199,-0.0118199
0.09073,-1.04538e-13,5,5.11824,-0.366637,-0.0118236,-0.0118236
0.09074,-3.67311e-13,5,5.11827,-0.358716,-0.0118272,-0.0118272
0.09075,-4.66744e-13,5,5.11831,-0.350794,-0.0118307,-0.0118307
0.09076,-5.19956e-13,5,5.11834,-0.342871,-0.0118341,-0.0118341
0.09077,-1.89177e-13,5,5.11837,-0.334945,-0.0118374,-0.0118374
0.09078,-5.00724e-13,5,5.11841,-0.327019,-0.0118407,-0.0118407
0.09079,-4.34469e-13,5,5.11844,-0.319091,-0.0118439,-0.0118439
0.0908,-1.06958e-13,5,5.11847,-0.311162,-0.011847,-0.011847
0.09081,-3.16774e-13,5,5.1185,-0.303232,-0.01185,-0.01185
0.09082,-4.33932e-14,5,5.11853,-0.2953,-0.011853,-0.011853
0.09083,-8.51562e-14,5,5.11856,-0.287367,-0.0118559,-0.0118559
0.09084,-1.03431e-13,5,5.11859,-0.279434,-0.0118587,-0.0118587
0.09085,-4.41617e-13,5,5.11861,-0.271499,-0.0118614,-0.0118614
0.09086,-3.06126e-13,5,5.11864,-0.263563,-0.011864,-0.011864
0.09087,-2.67536e-13,5,5.11867,-0.255627,-0.0118666,-0.0118666
0.09088,-2.14223e-13,5,5.11869,-0.247689,-0.011869,-0.011869
0.09089,-3.44683e-14,5,5.11871,-0.239751,-0.0118714,-0.0118714
0.0909,-2.98609e-13,5,5.11874,-0.231812,-0.0118738,-0.0118738
0.09091,-4.40042e-13,5,5.11876,-0.223872,-0.011876,-0.011876
0.09092,-1.1947e-13,5,5.11878,-0.215932,-0.0118782,-0.0118782
0.09093,-3.61788e-13,5,5.1188,-0.207991,-0.0118802,-0.0118802
0.09094,-1.45459e-13,5,5.11882,-0.200049,-0.0118822,-0.0118822
0.09095,-4.05231e-14,5,5.11884,-0.192107,-0.0118842,-0.0118842
0.09096,-1.62229e-13,5,5.11886,-0.184165,-0.011886,-0.011886
0.09097,-3.98413e-13,5,5.11888,-0.176222,-0.0118878,-0.0118878
0.09098,-4.09503e-13,5,5.11889,-0.168279,-0.0118895,-0.0118895
0.09099,-3.10649e-13,5,5.11891,-0.160336,-0.0118911,-0.0118911
0.091,-4.44349e-13,5,5.11893,-0.152392,-0.0118926,-0.0118926
0.09101,-2.43597e-13,5,5.11894,-0.144448,-0.011894,-0.011894
0.09102,-5.08605e-14,5,5.11895,-0.136504,-0.0118954,-0.0118954
0.09103,-2.08611e-13,5,5.11897,-0.12856,-0.0118967,-0.0118967
0.09104,-3.77185e-13,5,5.11898,-0.120616,-0.0118979,-0.0118979
0.09105,1.04374e-14,5,5.11899,-0.112672,-0.011899,-0.011899
0.09106,-5.25087e-13,5,5.119,-0.104729,-0.0119001,-0.0119001
0.09107,-5.07273e-13,5,5.11901,-0.0967848,-0.011901,-0.011901
0.09108,-5.12428e-14,5,5.11902,-0.0888414,-0.0119019,-0.0119019
0.09109,-4.09048e-13,5,5.11903,-0.0808981,-0.0119027,-0.0119027
0.0911,-3.31634e-13,5,5.11903,-0.0729552,-0.0119034,-0.0119034
0.09111,-1.6161e-13,5,5.11904,-0.0650126,-0.0119041,-0.0119041
0.09112,-4.68995e-13,5,5.11905,-0.0570705,-0.0119047,-0.0119047
0.09113,-2.32247e-13,5,5.11905,-0.0491288,-0.0119052,-0.0119052
0.09114,-2.14773e-14,5,5.11906,-0.0411876,-0.0119056,-0.0119056
0.09115,-1.795e-13,5,5.11906,-0.033247,-0.0119059,-0.0119059
0.09116,-3.67052e-13,5,5.11906,-0.0253071,-0.0119062,-0.0119062
0.09117,-1.75762e-14,5,5.11906,-0.0173678,-0.0119063,-0.0119063
0.09118,-3.83576e-13,5,5.11906,-0.0094292,-0.0119064,-0.0119064
0.09119,-2.16518e-13,5,5.11906,-0.00149143,-0.0119064,-0.0119064
0.0912,-8.69456e-14,5,5.11906,0.00644551,-0.0119064,-0.0119064
0.09121,-3.38117e-13,5,5.11906,0.0143816,-0.0119062,-0.0119062
0.09122,-4.03891e-13,5,5.11906,0.0223167,-0.011906,-0.011906
0.09123,-4.00345e-13,5,5.11906,0.0302508,-0.0119057,-0.0119057
0.09124,-2.16289e-13,5,5.11905,0.0381838,-0.0119053,-0.0119053
0.09125,-4.22761e-13,5,5.11905,0.0461158,-0.0119049,-0.0119049
0.09126,-2.26678e-13,5,5.11904,0.0540466,-0.0119043,-0.0119043
0.09127,-4.26688e-13,5,5.11904,0.0619762,-0.0119037,-0.0119037
0.09128,-2.57822e-15,5,5.11903,0.0699046,-0.011903,-0.011903
0.09129,-4.35376e-13,5,5.11902,0.0778316,-0.0119022,-0.0119022
0.0913,-2.5039e-13,5,5.11901,0.0857573,-0.0119014,-0.0119014
0.09131,-4.74176e-13,5,5.119,0.0936815,-0.0119004,-0.0119004
0.09132,-8.70796e-14,5,5.11899,0.101604,-0.0118994,-0.0118994
0.09133,-3.43331e-13,5,5.11898,0.109526,-0.0118983,-0.0118983
0.09134,-4.50956e-13,5,5.11897,0.117445,-0.0118971,-0.0118971
0.09135,-5.2764e-13,5,5.11896,0.125363,-0.0118959,-0.0118959
0.09136,-2.36486e-13,5,5.11895,0.13328,-0.0118946,-0.0118946
0.09137,-1.50265e-13,5,5.11893,0.141194,-0.0118931,-0.0118931
0.09138,6.75633e-14,5,5.11892,0.149107,-0.0118917,-0.0118917
0.09139,-1.56132e-13,5,5.1189,0.157018,-0.0118901,-0.0118901
0.0914,-2.57809e-13,5,5.11888,0.164927,-0.0118884,-0.0118884
0.09141,-1.28863e-13,5,5.11887,0.172835,-0.0118867,-0.0118867
0.09142,-1.15639e-13,5,5.11885,0.18074,-0.0118849,-0.0118849
0.09143,-3.3731e-13,5,5.11883,0.188643,-0.011883,-0.011883
0.09144,-3.76746e-15,5,5.11881,0.196544,-0.011881,-0.011881
0.09145,-3.71478e-13,5,5.11879,0.204443,-0.011879,-0.011879
0.09146,3.13477e-14,5,5.11877,0.21234,-0.0118769,-0.0118769
0.09147,-2.79575e-13,5,5.11875,0.220234,-0.0118747,-0.0118747
0.09148,-5.15027e-13,5,5.11872,0.228126,-0.0118724,-0.0118724
0.09149,-3.40779e-13,5,5.1187,0.236016,-0.01187,-0.01187
0.0915,-3.32328e-13,5,5.11868,0.243903,-0.0118676,-0.0118676
0.09151,-1.55932e-13,5,5.11865,0.251788,-0.0118651,-0.0118651
0.09152,-3.87596e-13,5,5.11862,0.25967,-0.0118625,-0.0118625
0.09153,-4.66707e-13,5,5.1186,0.26755,-0.0118598,-0.0118598
0.09154,-5.15038e-13,5,5.11857,0.275427,-0.0118571,-0.0118571
0.09155,-1.99882e-13,5,5.11854,0.283302,-0.0118542,-0.0118542
0.09156,-9.8301e-14,5,5.11851,0.291174,-0.0118513,-0.0118513
0.09157,-3.32882e-13,5,5.11848,0.299043,-0.0118483,-0.0118483
0.09158,-1.17018e-13,5,5.11845,0.306909,-0.0118452,-0.0118452
0.09159,-2.55981e-13,5,5.11842,0.314772,-0.0118421,-0.0118421
0.0916,-1.91117e-13,5,5.11839,0.322632,-0.0118389,-0.0118389
0.09161,-2.73553e-13,5,5.11836,0.33049,-0.0118356,-0.0118356
0.09162,-3.99967e-13,5,5.11832,0.338344,-0.0118322,-0.0118322
0.09163,-2.39995e-13,5,5.11829,0.346195,-0.0118287,-0.0118287
0.09164,-1.45687e-13,5,5.11825,0.354043,-0.0118252,-0.0118252
0.09165,-2.42045e-13,5,5.11822,0.361888,-0.0118216,-0.0118216
0.09166,-4.2704e-13,5,5.11818,0.36973,-0.0118179,-0.0118179
0.09167,-3.71562e-13,5,5.11814,0.377568,-0.0118141,-0.0118141
0.09168,-2.01619e-13,5,5.1181,0.385403,-0.0118102,-0.0118102
0.09169,-4.98289e-13,5,5.11806,0.393234,-0.0118063,-0.0118063
0.0917,-2.51381e-13,5,5.11802,0.401062,-0.0118023,-0.0118023
0.09171,-4.26843e-14,5,5.11798,0.408887,-0.0117982,-0.0117982
0.09172,-2.26938e-13,5,5.11794,0.416708,-0.011794,-0.011794
0.09173,-2.49799e-13,5,5.1179,0.424526,-0.0117898,-0.0117898
0.09174,-2.39361e-13,5,5.11785,0.432339,-0.0117855,-0.0117855
0.09175,-9.67365e-14,5,5.11781,0.440149,-0.0117811,-0.0117811
0.09176,-1.78176e-13,5,5.11777,0.447956,-0.0117766,-0.0117766
0.09177,-3.85543e-13,5,5.11772,0.455758,-0.011772,-0.011772
0.09178,-3.93722e-13,5,5.11767,0.463557,-0.0117674,-0.0117674
0.09179,-3.32734e-13,5,5.11763,0.471351,-0.0117627,-0.0117627
0.0918,-1.05628e-13,5,5.11758,0.479142,-0.0117579,-0.0117579
0.09181,-2.97986e-13,5,5.11753,0.486929,-0.011753,-0.011753
0.09182,-3.58901e-13,5,5.11748,0.494711,-0.0117481,-0.0117481
0.09183,-4.2003e-13,5,5.11743,0.50249,-0.0117431,-0.0117431
0.09184,-1.58688e-13,5,5.11738,0.510264,-0.0117379,-0.0117379
0.09185,-1.621e-13,5,5.11733,0.518034,-0.0117328,-0.0117328
0.09186,-1.0844e-13,5,5.11728,0.5258,-0.0117275,-0.0117275
0.09187,-3.58411e-13,5,5.11722,0.533561,-0.0117222,-0.0117222
0.09188,-1.36336e-13,5,5.11717,0.541318,-0.0117168,-0.0117168
0.09189,-3.11615e-14,5,5.11711,0.549071,-0.0117113,-0.0117113
0.0919,-1.77584e-13,5,5.11706,0.556819,-0.0117057,-0.0117057
0.09191,-2.86037e-14,5,5.117,0.564562,-0.0117001,-0.0117001
0.09192,-4.01935e-13,5,5.11694,0.572301,-0.0116943,-0.0116943
0.09193,-6.93862e-14,5,5.11689,0.580036,-0.0116885,-0.0116885
0.09194,-3.04349e-13,5,5.11683,0.587765,-0.0116827,-0.0116827
0.09195,-1.0697e-13,5,5.11677,0.59549,-0.0116767,-0.0116767
0.09196,-6.94492e-14,5,5.11671,0.60321,-0.0116707,-0.0116707
0.09197,-3.2976e-13,5,5.11665,0.610926,-0.0116646,-0.0116646
0.09198,-1.16858e-13,5,5.11658,0.618636,-0.0116584,-0.0116584
0.09199,-2.51818e-13,5,5.11652,0.626342,-0.0116521,-0.0116521
0.092,-1.91947e-13,5,5.11646,0.634042,-0.0116458,-0.0116458
0.09201,-7.7217e-14,5,5.11639,0.641737,-0.0116394,-0.0116394
0.09202,-4.80715e-14,5,5.11633,0.649428,-0.0116329,-0.0116329
0.09203,-1.80934e-14,5,5.11626,0.657113,-0.0116263,-0.0116263
0.09204,-3.5621e-13,5,5.1162,0.664793,-0.0116196,-0.0116196
0.09205,-2.94895e-13,5,5.11613,0.672468,-0.0116129,-0.0116129
0.09206,-2.04077e-13,5,5.11606,0.680137,-0.0116061,-0.0116061
0.09207,5.25258e-16,5,5.11599,0.687801,-0.0115992,-0.0115992
0.09208,-5.06858e-13,5,5.11592,0.69546,-0.0115923,-0.0115923
0.09209,-5.06135e-13,5,5.11585,0.703113,-0.0115852,-0.0115852
0.0921,-1.42021e-13,5,5.11578,0.71076,-0.0115781,-0.0115781
0.09211,-4.69299e-13,5,5.11571,0.718403,-0.011571,-0.011571
0.09212,-2.69554e-13,5,5.11564,0.726039,-0.0115637,-0.0115637
0.09213,-1.43944e-13,5,5.11556,0.73367,-0.0115564,-0.0115564
0.09214,-1.20471e-14,5,5.11549,0.741295,-0.0115489,-0.0115489
0.09215,-2.48828e-13,5,5.11541,0.748915,-0.0115415,-0.0115415
0.09216,-9.28948e-14,5,5.11534,0.756528,-0.0115339,-0.0115339
0.09217,-3.7507e-13,5,5.11526,0.764136,-0.0115263,-0.0115263
0.09218,-3.35197e-13,5,5.11519,0.771738,-0.0115185,-0.0115185
0.09219,-1.23142e-13,5,5.11511,0.779334,-0.0115107,-0.0115107
0.0922,-3.44158e-13,5,5.11503,0.786924,-0.0115029,-0.0115029
0.09221,-4.67265e-13,5,5.11495,0.794507,-0.0114949,-0.0114949
0.09222,3.79854e-14,5,5.11487,0.802085,-0.0114869,-0.0114869
0.09223,-3.45012e-13,5,5.11479,0.809657,-0.0114788,-0.0114788
0.09224,-4.04962e-13,5,5.11471,0.817222,-0.0114706,-0.0114706
0.09225,-5.22796e-13,5,5.11462,0.824781,-0.0114624,-0.0114624
0.09226,-1.70617e-13,5,5.11454,0.832334,-0.0114541,-0.0114541
0.09227,-1.85409e-13,5,5.11446,0.83988,-0.0114457,-0.0114457
0.09228,-4.95256e-13,5,5.11437,0.847421,-0.0114372,-0.0114372
0.09229,-3.46789e-13,5,5.11429,0.854954,-0.0114286,-0.0114286
0.0923,-3.51547e-13,5,5.1142,0.862481,-0.01142,-0.01142
0.09231,-4.396e-13,5,5.11411,0.870002,-0.0114113,-0.0114113
0.09232,-3.14295e-13,5,5.11403,0.877516,-0.0114025,-0.0114025
0.09233,-3.61741e-13,5,5.11394,0.885023,-0.0113937,-0.0113937
0.09234,-5.14034e-13,5,5.11385,0.892524,-0.0113848,-0.0113848
0.09235,-2.49133e-13,5,5.11376,0.900017,-0.0113758,-0.0113758
0.09236,-4.09947e-13,5,5.11367,0.907504,-0.0113667,-0.0113667
0.09237,-2.10749e-14,5,5.11358,0.914985,-0.0113575,-0.0113575
0.09238,-3.81535e-13,5,5.11348,0.922458,-0.0113483,-0.0113483
0.09239,-6.25931e-14,5,5.11339,0.929924,-0.011339,-0.011339
0.0924,-3.64669e-13,5,5.1133,0.937384,-0.0113296,-0.0113296
0.09241,-3.15137e-13,5,5.1132,0.944836,-0.0113202,-0.0113202
0.09242,-3.0635e-13,5,5.11311,0.952281,-0.0113107,-0.0113107
0.09243,-4.92206e-14,5,5.11301,0.959719,-0.0113011,-0.0113011
0.09244,-1.64918e-13,5,5.11291,0.96715,-0.0112914,-0.0112914
0.09245,-3.65824e-13,5,5.11282,0.974574,-0.0112817,-0.0112817
0.09246,-1.37671e-13,5,5.11272,0.98199,-0.0112718,-0.0112718
0.09247,-1.03766e-13,5,5.11262,0.989399,-0.0112619,-0.0112619
0.09248,-4.33458e-13,5,5.11252,0.996801,-0.011252,-0.011252
0.09249,-3.87327e-13,5,5.11242,1.0042,-0.0112419,-0.0112419
0.0925,-3.63552e-13,5,5.11232,1.01158,-0.0112318,-0.0112318
0.09251,-7.89442e-14,5,5.11222,1.01896,-0.0112216,-0.0112216
0.09252,-1.60613e-13,5,5.11211,1.02633,-0.0112114,-0.0112114
0.09253,-3.26867e-13,5,5.11201,1.0337,-0.011201,-0.011201
0.09254,-6.94873e-14,5,5.11191,1.04105,-0.0111906,-0.0111906
0.09255,-2.45192e-13,5,5.1118,1.0484,-0.0111801,-0.0111801
0.09256,-3.47275e-13,5,5.1117,1.05574,-0.0111696,-0.0111696
0.09257,-3.24555e-13,5,5.11159,1.06308,-0.0111589,-0.0111589
0.09258,-3.54002e-13,5,5.11148,1.0704,-0.0111482,-0.0111482
0.09259,-1.5867e-13,5,5.11137,1.07772,-0.0111375,-0.0111375
0.0926,-1.44471e-13,5,5.11127,1.08503,-0.0111266,-0.0111266
0.09261,-4.90761e-13,5,5.11116,1.09233,-0.0111157,-0.0111157
0.09262,-2.40876e-13,5,5.11105,1.09962,-0.0111047,-0.0111047
0.09263,-4.85261e-13,5,5.11094,1.10691,-0.0110936,-0.0110936
0.09264,-2.68905e-13,5,5.11082,1.11418,-0.0110825,-0.0110825
0.09265,-2.29101e-13,5,5.11071,1.12145,-0.0110713,-0.0110713
0.09266,-3.21969e-13,5,5.1106,1.12871,-0.01106,-0.01106
0.09267,-2.77003e-13,5,5.11049,1.13596,-0.0110486,-0.0110486
0.09268,-2.79347e-13,5,5.11037,1.14321,-0.0110372,-0.0110372
0.09269,-2.87546e-13,5,5.11026,1.15044,-0.0110257,-0.0110257
0.0927,-2.61052e-13,5,5.11014,1.15767,-0.0110141,-0.0110141
0.09271,-3.87476e-13,5,5.11002,1.16489,-0.0110025,-0.0110025
0.09272,-4.00589e-13,5,5.10991,1.1721,-0.0109907,-0.0109907
0.09273,-4.89724e-13,5,5.10979,1.1793,-0.0109789,-0.0109789
0.09274,-3.90357e-13,5,5.10967,1.18649,-0.0109671,-0.0109671
0.09275,-2.93599e-13,5,5.10955,1.19368,-0.0109551,-0.0109551
0.09276,-1.63951e-13,5,5.10943,1.20085,-0.0109431,-0.0109431
0.09277,3.30326e-14,5,5.10931,1.20802,-0.0109311,-0.0109311
0.09278,-1.23673e-13,5,5.10919,1.21518,-0.0109189,-0.0109189
0.09279,-1.4657e-13,5,5.10907,1.22233,-0.0109067,-0.0109067
0.0928,-2.31195e-13,5,5.10894,1.22947,-0.0108944,-0.0108944
0.09281,-1.19116e-13,5,5.10882,1.2366,-0.010882,-0.010882
0.09282,-7.6472e-15,5,5.1087,1.24372,-0.0108696,-0.0108696
0.09283,-3.22366e-13,5,5.10857,1.25083,-0.0108571,-0.0108571
0.09284,-3.52867e-13,5,5.10844,1.25794,-0.0108445,-0.0108445
0.09285,-2.99186e-13,5,5.10832,1.26503,-0.0108318,-0.0108318
0.09286,-3.62245e-13,5,5.10819,1.27212,-0.0108191,-0.0108191
0.09287,-6.17885e-14,5,5.10806,1.27919,-0.0108063,-0.0108063
0.09288,-2.82721e-13,5,5.10793,1.28626,-0.0107935,-0.0107935
0.09289,-3.19245e-13,5,5.10781,1.29332,-0.0107805,-0.0107805
0.0929,-1.48713e-13,5,5.10768,1.30037,-0.0107675,-0.0107675
0.09291,-2.04028e-13,5,5.10754,1.3074,-0.0107545,-0.0107545
0.09292,-9.65374e-15,5,5.10741,1.31443,-0.0107413,-0.0107413
0.09293,-4.36944e-16,5,5.10728,1.32145,-0.0107281,-0.0107281
0.09294,-1.57476e-13,5,5.10715,1.32846,-0.0107148,-0.0107148
0.09295,-2.35412e-13,5,5.10701,1.33546,-0.0107015,-0.0107015
0.09296,-2.17341e-13,5,5.10688,1.34246,-0.010688,-0.010688
0.09297,-8.71098e-14,5,5.10675,1.34944,-0.0106745,-0.0106745
0.09298,-2.84478e-13,5,5.10661,1.35641,-0.010661,-0.010661
0.09299,-1.13279e-13,5,5.10647,1.36337,-0.0106473,-0.0106473
0.093,-2.4248e-13,5,5.10634,1.37032,-0.0106336,-0.0106336
0.09301,-2.05258e-13,5,5.1062,1.37727,-0.0106199,-0.0106199
0.09302,-2.17912e-13,5,5.10606,1.3842,-0.010606,-0.010606
0.09303,-4.29114e-14,5,5.10592,1.39112,-0.0105921,-0.0105921
0.09304,-1.25926e-13,5,5.10578,1.39803,-0.0105781,-0.0105781
0.09305,-2.31423e-13,5,5.10564,1.40493,-0.0105641,-0.0105641
0.09306,-3.52353e-13,5,5.1055,1.41183,-0.01055,-0.01055
0.09307,-2.78602e-14,5,5.10536,1.41871,-0.0105358,-0.0105358
0.09308,-1.6239e-13,5,5.10522,1.42558,-0.0105215,-0.0105215
0.09309,-2.97169e-13,5,5.10507,1.43244,-0.0105072,-0.0105072
0.0931,-4.29172e-13,5,5.10493,1.43929,-0.0104928,-0.0104928
0.09311,-1.01655e-13,5,5.10478,1.44613,-0.0104783,-0.0104783
0.09312,-2.23194e-13,5,5.10464,1.45296,-0.0104638,-0.0104638
0.09313,-3.39155e-13,5,5.10449,1.45978,-0.0104492,-0.0104492
0.09314,-4.50648e-13,5,5.10435,1.46659,-0.0104346,-0.0104346
0.09315,-1.05117e-13,5,5.1042,1.47339,-0.0104198,-0.0104198
0.09316,-2.1536e-13,5,5.10405,1.48018,-0.010405,-0.010405
0.09317,-3.30904e-13,5,5.1039,1.48696,-0.0103901,-0.0103901
0.09318,-4.57107e-13,5,5.10375,1.49373,-0.0103752,-0.0103752
0.09319,-1.45688e-13,5,5.1036,1.50048,-0.0103602,-0.0103602
0.0932,-8.62889e-14,5,5.10345,1.50723,-0.0103451,-0.0103451
0.09321,-5.14861e-13,5,5.1033,1.51397,-0.01033,-0.01033
0.09322,-5.31568e-13,5,5.10315,1.52069,-0.0103148,-0.0103148
0.09323,-1.47151e-13,5,5.103,1.5274,-0.0102995,-0.0102995
0.09324,-2.83013e-13,5,5.10284,1.53411,-0.0102842,-0.0102842
0.09325,-4.25646e-14,5,5.10269,1.5408,-0.0102688,-0.0102688
0.09326,-1.21971e-13,5,5.10253,1.54748,-0.0102533,-0.0102533
0.09327,-8.1613e-14,5,5.10238,1.55415,-0.0102377,-0.0102377
0.09328,-1.65128e-13,5,5.10222,1.56081,-0.0102221,-0.0102221
0.09329,-1.62461e-13,5,5.10206,1.56745,-0.0102065,-0.0102065
0.0933,-2.05841e-13,5,5.10191,1.57409,-0.0101907,-0.0101907
0.09331,-2.01149e-13,5,5.10175,1.58072,-0.0101749,-0.0101749
0.09332,-1.69089e-13,5,5.10159,1.58733,-0.010159,-0.010159
0.09333,-2.45221e-13,5,5.10143,1.59393,-0.0101431,-0.0101431
0.09334,-2.25152e-13,5,5.10127,1.60052,-0.0101271,-0.0101271
0.09335,-1.32974e-13,5,5.10111,1.6071,-0.010111,-0.010111
0.09336,-1.07631e-13,5,5.10095,1.61367,-0.0100949,-0.0100949
0.09337,-1.75575e-13,5,5.10079,1.62023,-0.0100787,-0.0100787
0.09338,-3.64367e-13,5,5.10062,1.62678,-0.0100624,-0.0100624
0.09339,-2.47902e-13,5,5.10046,1.63331,-0.0100461,-0.0100461
0.0934,-1.97163e-13,5,5.1003,1.63983,-0.0100297,-0.0100297
0.09341,-3.56867e-13,5,5.10013,1.64634,-0.0100132,-0.0100132
0.09342,-3.04435e-13,5,5.09997,1.65284,-0.0099967,-0.0099967
0.09343,-3.00631e-13,5,5.0998,1.65933,-0.0099801,-0.0099801
0.09344,-1.52609e-13,5,5.09963,1.66581,-0.00996345,-0.00996345
0.09345,-2.37206e-13,5,5.09947,1.67227,-0.00994672,-0.00994672
0.09346,-1.36534e-13,5,5.0993,1.67872,-0.00992994,-0.00992994
0.09347,-2.29764e-13,5,5.09913,1.68516,-0.00991308,-0.00991308
0.09348,-2.15107e-13,5,5.09896,1.69159,-0.00989617,-0.00989617
0.09349,-2.46774e-13,5,5.09879,1.69801,-0.00987919,-0.00987919
0.0935,-2.5274e-13,5,5.09862,1.70441,-0.00986214,-0.00986214
0.09351,-1.62172e-13,5,5.09845,1.7108,-0.00984504,-0.00984504
0.09352,-2.46575e-13,5,5.09828,1.71718,-0.00982786,-0.00982786
0.09353,-2.10241e-13,5,5.09811,1.72355,-0.00981063,-0.00981063
0.09354,-2.1332e-13,5,5.09793,1.72991,-0.00979333,-0.00979333
0.09355,-3.03579e-13,5,5.09776,1.73625,-0.00977597,-0.00977597
0.09356,-1.88947e-13,5,5.09759,1.74258,-0.00975854,-0.00975854
0.09357,-2.60638e-13,5,5.09741,1.7489,-0.00974105,-0.00974105
0.09358,-2.29106e-13,5,5.09724,1.75521,-0.0097235,-0.0097235
0.09359,-2.60662e-13,5,5.09706,1.7615,-0.00970589,-0.00970589
0.0936,-2.95521e-13,5,5.09688,1.76778,-0.00968821,-0.00968821
0.09361,-1.61488e-13,5,5.0967,1.77405,-0.00967047,-0.00967047
0.09362,-1.42335e-13,5,5.09653,1.78031,-0.00965266,-0.00965266
0.09363,-1.82079e-13,5,5.09635,1.78656,-0.0096348,-0.0096348
0.09364,-2.25904e-13,5,5.09617,1.79279,-0.00961687,-0.00961687
0.09365,-1.06636e-13,5,5.09599,1.79901,-0.00959888,-0.00959888
0.09366,-3.40475e-13,5,5.09581,1.80521,-0.00958083,-0.00958083
0.09367,-3.07999e-13,5,5.09563,1.81141,-0.00956271,-0.00956271
0.09368,-1.86928e-13,5,5.09545,1.81759,-0.00954454,-0.00954454
0.09369,-2.6986e-13,5,5.09526,1.82376,-0.0095263,-0.0095263
0.0937,-2.82265e-13,5,5.09508,1.82991,-0.009508,-0.009508
0.09371,-2.92061e-13,5,5.0949,1.83606,-0.00948964,-0.00948964
0.09372,-1.40902e-13,5,5.09471,1.84219,-0.00947122,-0.00947122
0.09373,-1.26662e-13,5,5.09453,1.8483,-0.00945274,-0.00945274
0.09374,-2.07318e-13,5,5.09434,1.85441,-0.00943419,-0.00943419
0.09375,-2.28522e-13,5,5.09416,1.8605,-0.00941559,-0.00941559
0.09376,-2.64602e-13,5,5.09397,1.86658,-0.00939692,-0.00939692
0.09377,-2.77479e-13,5,5.09378,1.87264,-0.0093782,-0.0093782
0.09378,-1.168e-13,5,5.09359,1.87869,-0.00935941,-0.00935941
0.09379,-3.15445e-13,5,5.09341,1.88473,-0.00934056,-0.00934056
0.0938,-2.71007e-13,5,5.09322,1.89076,-0.00932165,-0.00932165
0.09381,-1.77996e-13,5,5.09303,1.89677,-0.00930269,-0.00930269
0.09382,-1.18653e-13,5,5.09284,1.90277,-0.00928366,-0.00928366
0.09383,-1.76578e-13,5,5.09265,1.90875,-0.00926457,-0.00926457
0.09384,-2.093e-13,5,5.09245,1.91473,-0.00924542,-0.00924542
0.09385,-1.89314e-13,5,5.09226,1.92068,-0.00922622,-0.00922622
0.09386,-3.17959e-13,5,5.09207,1.92663,-0.00920695,-0.00920695
0.09387,-2.2939e-13,5,5.09188,1.93256,-0.00918762,-0.00918762
0.09388,-2.41268e-13,5,5.09168,1.93848,-0.00916824,-0.00916824
0.09389,-1.04209e-13,5,5.09149,1.94438,-0.0091488,-0.0091488
0.0939,-2.52228e-13,5,5.09129,1.95028,-0.00912929,-0.00912929
0.09391,-9.7572e-14,5,5.0911,1.95615,-0.00910973,-0.00910973
0.09392,-3.0446e-13,5,5.0909,1.96202,-0.00909011,-0.00909011
0.09393,-2.87805e-13,5,5.0907,1.96787,-0.00907043,-0.00907043
0.09394,-1.46112e-13,5,5.09051,1.9737,-0.0090507,-0.0090507
0.09395,-2.06589e-13,5,5.09031,1.97953,-0.0090309,-0.0090309
0.09396,-2.29431e-13,5,5.09011,1.98533,-0.00901105,-0.00901105
0.09397,-2.03561e-13,5,5.08991,1.99113,-0.00899114,-0.00899114
0.09398,-2.33008e-13,5,5.08971,1.99691,-0.00897117,-0.00897117
0.09399,-1.95786e-13,5,5.08951,2.00268,-0.00895114,-0.00895114
0.094,-3.1233e-13,5,5.08931,2.00843,-0.00893106,-0.00893106
0.09401,-2.36167e-13,5,5.08911,2.01417,-0.00891091,-0.00891091
0.09402,-3.0425e-13,5,5.08891,2.0199,-0.00889072,-0.00889072
0.09403,-1.72798e-13,5,5.0887,2.02561,-0.00887046,-0.00887046
0.09404,-1.81678e-13,5,5.0885,2.0313,-0.00885015,-0.00885015
0.09405,-1.036e-13,5,5.0883,2.03699,-0.00882978,-0.00882978
0.09406,-1.67548e-13,5,5.08809,2.04266,-0.00880935,-0.00880935
0.09407,-2.62803e-13,5,5.08789,2.04831,-0.00878887,-0.00878887
0.09408,-5.27196e-14,5,5.08768,2.05395,-0.00876833,-0.00876833
0.09409,-2.25275e-13,5,5.08748,2.05958,-0.00874773,-0.00874773
0.0941,-3.32965e-13,5,5.08727,2.06519,-0.00872708,-0.00872708
0.09411,-2.70874e-13,5,5.08706,2.07078,-0.00870637,-0.00870637
0.09412,-2.76507e-13,5,5.08686,2.07637,-0.00868561,-0.00868561
0.09413,-2.4775e-13,5,5.08665,2.08194,-0.00866479,-0.00866479
0.09414,-8.39631e-14,5,5.08644,2.08749,-0.00864391,-0.00864391
0.09415,-2.70627e-14,5,5.08623,2.09303,-0.00862298,-0.00862298
0.09416,-2.06612e-13,5,5.08602,2.09855,-0.008602,-0.008602
0.09417,-1.85322e-13,5,5.08581,2.10406,-0.00858096,-0.00858096
0.09418,-9.57531e-14,5,5.0856,2.10956,-0.00855986,-0.00855986
0.09419,-1.85596e-13,5,5.08539,2.11504,-0.00853871,-0.00853871
0.0942,-1.35607e-13,5,5.08518,2.12051,-0.00851751,-0.00851751
0.09421,-1.9639e-13,5,5.08496,2.12596,-0.00849625,-0.00849625
0.09422,-1.65358e-13,5,5.08475,2.13139,-0.00847493,-0.00847493
0.09423,-6.87394e-14,5,5.08454,2.13682,-0.00845356,-0.00845356
0.09424,-1.61608e-13,5,5.08432,2.14222,-0.00843214,-0.00843214
0.09425,-1.32102e-13,5,5.08411,2.14762,-0.00841067,-0.00841067
0.09426,-2.38266e-13,5,5.08389,2.15299,-0.00838914,-0.00838914
0.09427,-2.84922e-13,5,5.08368,2.15836,-0.00836755,-0.00836755
0.09428,-1.9205e-13,5,5.08346,2.1637,-0.00834592,-0.00834592
0.09429,-3.35906e-13,5,5.08324,2.16904,-0.00832423,-0.00832423
0.0943,-7.10327e-14,5,5.08302,2.17435,-0.00830248,-0.00830248
0.09431,-2.31375e-13,5,5.08281,2.17966,-0.00828068,-0.00828068
0.09432,-6.08712e-14,5,5.08259,2.18494,-0.00825884,-0.00825884
0.09433,-5.54297e-14,5,5.08237,2.19022,-0.00823693,-0.00823693
0.09434,-2.57822e-13,5,5.08215,2.19547,-0.00821498,-0.00821498
0.09435,-1.43828e-13,5,5.08193,2.20072,-0.00819297,-0.00819297
0.09436,-2.13937e-13,5,5.08171,2.20594,-0.00817091,-0.00817091
0.09437,-6.07252e-14,5,5.08149,2.21115,-0.0081488,-0.0081488
0.09438,-1.87733e-13,5,5.08127,2.21635,-0.00812664,-0.00812664
0.09439,-7.68761e-14,5,5.08104,2.22153,-0.00810442,-0.00810442
0.0944,-2.34804e-13,5,5.08082,2.2267,-0.00808215,-0.00808215
0.09441,-2.60199e-13,5,5.0806,2.23185,-0.00805984,-0.00805984
0.09442,-9.43578e-14,5,5.08037,2.23698,-0.00803747,-0.00803747
0.09443,-1.34824e-13,5,5.08015,2.2421,-0.00801505,-0.00801505
0.09444,-9.86293e-14,5,5.07993,2.2472,-0.00799257,-0.00799257
0.09445,-2.72739e-13,5,5.0797,2.25229,-0.00797005,-0.00797005
0.09446,-1.49891e-13,5,5.07947,2.25736,-0.00794748,-0.00794748
0.09447,-1.33875e-13,5,5.07925,2.26242,-0.00792485,-0.00792485
0.09448,-1.7534e-13,5,5.07902,2.26746,-0.00790218,-0.00790218
0.09449,-1.12722e-13,5,5.07879,2.27249,-0.00787945,-0.00787945
0.0945,-2.40868e-13,5,5.07857,2.2775,-0.00785668,-0.00785668
0.09451,-6.03169e-14,5,5.07834,2.28249,-0.00783385,-0.00783385
0.09452,-9.63977e-14,5,5.07811,2.28747,-0.00781098,-0.00781098
0.09453,-8.01316e-14,5,5.07788,2.29243,-0.00778805,-0.00778805
0.09454,-8.53483e-14,5,5.07765,2.29738,-0.00776508,-0.00776508
0.09455,-1.87376e-13,5,5.07742,2.30231,-0.00774206,-0.00774206
0.09456,-8.29605e-15,5,5.07719,2.30723,-0.00771899,-0.00771899
0.09457,-8.13474e-14,5,5.07696,2.31213,-0.00769586,-0.00769586
0.09458,-1.45628e-13,5,5.07673,2.31701,-0.00767269,-0.00767269
0.09459,-1.69163e-13,5,5.07649,2.32188,-0.00764947,-0.00764947
0.0946,-1.21422e-13,5,5.07626,2.32673,-0.00762621,-0.00762621
0.09461,-3.14711e-13,5,5.07603,2.33156,-0.00760289,-0.00760289
0.09462,-1.5345e-13,5,5.0758,2.33638,-0.00757953,-0.00757953
0.09463,-2.94169e-13,5,5.07556,2.34119,-0.00755612,-0.00755612
0.09464,-1.44399e-13,5,5.07533,2.34597,-0.00753266,-0.00753266
0.09465,-1.3657e-13,5,5.07509,2.35075,-0.00750915,-0.00750915
0.09466,-2.49978e-13,5,5.07486,2.3555,-0.00748559,-0.00748559
0.09467,-2.38098e-13,5,5.07462,2.36024,-0.00746199,-0.00746199
0.09468,-1.97073e-13,5,5.07438,2.36496,-0.00743834,-0.00743834
0.09469,-2.24717e-13,5,5.07415,2.36967,-0.00741465,-0.00741465
0.0947,-7.96093e-14,5,5.07391,2.37436,-0.0073909,-0.0073909
0.09471,-8.99331e-14,5,5.07367,2.37903,-0.00736711,-0.00736711
0.09472,-2.44919e-13,5,5.07343,2.38369,-0.00734327,-0.00734327
0.09473,-1.94069e-13,5,5.07319,2.38833,-0.00731939,-0.00731939
0.09474,-4.33554e-14,5,5.07295,2.39295,-0.00729546,-0.00729546
0.09475,-1.27953e-13,5,5.07271,2.39756,-0.00727149,-0.00727149
0.09476,-1.0225e-13,5,5.07247,2.40215,-0.00724746,-0.00724746
0.09477,-1.909e-13,5,5.07223,2.40673,-0.0072234,-0.0072234
0.09478,-5.18435e-14,5,5.07199,2.41129,-0.00719928,-0.00719928
0.09479,-2.53958e-13,5,5.07175,2.41583,-0.00717513,-0.00717513
0.0948,-1.174e-13,5,5.07151,2.42035,-0.00715092,-0.00715092
0.09481,-2.14432e-13,5,5.07127,2.42486,-0.00712667,-0.00712667
0.09482,-9.59143e-14,5,5.07102,2.42935,-0.00710238,-0.00710238
0.09483,-2.23755e-13,5,5.07078,2.43383,-0.00707804,-0.00707804
0.09484,-1.52145e-13,5,5.07054,2.43829,-0.00705366,-0.00705366
0.09485,-5.31643e-15,5,5.07029,2.44273,-0.00702923,-0.00702923
0.09486,-2.5023e-13,5,5.07005,2.44715,-0.00700476,-0.00700476
0.09487,-1.04957e-13,5,5.0698,2.45156,-0.00698025,-0.00698025
0.09488,-1.53583e-13,5,5.06956,2.45595,-0.00695569,-0.00695569
0.09489,-7.23135e-14,5,5.06931,2.46033,-0.00693108,-0.00693108
0.0949,-1.07506e-13,5,5.06906,2.46469,-0.00690644,-0.00690644
0.09491,-5.23271e-14,5,5.06882,2.46903,-0.00688175,-0.00688175
0.09492,-4.2889e-14,5,5.06857,2.47335,-0.00685701,-0.00685701
0.09493,-1.03284e-13,5,5.06832,2.47766,-0.00683223,-0.00683223
0.09494,-1.45471e-13,5,5.06807,2.48195,-0.00680742,-0.00680742
0.09495,-8.3242e-14,5,5.06783,2.48622,-0.00678255,-0.00678255
0.09496,-1.73058e-13,5,5.06758,2.49048,-0.00675765,-0.00675765
0.09497,-1.04778e-13,5,5.06733,2.49472,-0.0067327,-0.0067327
0.09498,-2.46187e-14,5,5.06708,2.49894,-0.00670771,-0.00670771
0.09499,-8.05173e-14,5,5.06683,2.50314,-0.00668268,-0.00668268
0.095,-8.10158e-14,5,5.06658,2.50733,-0.00665761,-0.00665761
0.09501,-1.7766e-13,5,5.06632,2.5115,-0.00663249,-0.00663249
0.09502,-2.96008e-13,5,5.06607,2.51565,-0.00660734,-0.00660734
0.09503,-1.36301e-13,5,5.06582,2.51979,-0.00658214,-0.00658214
0.09504,-8.22879e-14,5,5.06557,2.52391,-0.0065569,-0.0065569
0.09505,-6.49118e-14,5,5.06532,2.52801,-0.00653162,-0.00653162
0.09506,-1.3058e-13,5,5.06506,2.5321,-0.0065063,-0.0065063
0.09507,-2.13513e-13,5,5.06481,2.53616,-0.00648094,-0.00648094
0.09508,-1.36185e-13,5,5.06456,2.54021,-0.00645553,-0.00645553
0.09509,-6.37971e-14,5,5.0643,2.54424,-0.00643009,-0.00643009
0.0951,-4.95851e-14,5,5.06405,2.54826,-0.00640461,-0.00640461
0.09511,-1.48616e-13,5,5.06379,2.55226,-0.00637909,-0.00637909
0.09512,-7.64503e-14,5,5.06354,2.55624,-0.00635352,-0.00635352
0.09513,-2.32713e-13,5,5.06328,2.5602,-0.00632792,-0.00632792
0.09514,-2.22887e-13,5,5.06302,2.56414,-0.00630228,-0.00630228
0.09515,4.71028e-15,5,5.06277,2.56807,-0.0062766,-0.0062766
0.09516,-1.82028e-13,5,5.06251,2.57198,-0.00625088,-0.00625088
0.09517,-1.66428e-13,5,5.06225,2.57588,-0.00622512,-0.00622512
0.09518,-1.29568e-13,5,5.06199,2.57975,-0.00619932,-0.00619932
0.09519,-2.67602e-14,5,5.06173,2.58361,-0.00617349,-0.00617349
0.0952,-1.561e-13,5,5.06148,2.58745,-0.00614761,-0.00614761
0.09521,-2.4908e-13,5,5.06122,2.59127,-0.0061217,-0.0061217
0.09522,-3.89695e-14,5,5.06096,2.59507,-0.00609575,-0.00609575
0.09523,-1.70308e-13,5,5.0607,2.59886,-0.00606976,-0.00606976
0.09524,-1.52377e-13,5,5.06044,2.60263,-0.00604373,-0.00604373
0.09525,-6.50011e-14,5,5.06018,2.60638,-0.00601767,-0.00601767
0.09526,-2.16879e-13,5,5.05992,2.61011,-0.00599157,-0.00599157
0.09527,-2.36417e-13,5,5.05965,2.61383,-0.00596543,-0.00596543
0.09528,-9.49185e-14,5,5.05939,2.61753,-0.00593926,-0.00593926
0.09529,-1.06575e-13,5,5.05913,2.62121,-0.00591304,-0.00591304
0.0953,-1.32442e-13,5,5.05887,2.62487,-0.0058868,-0.0058868
0.09531,-2.62948e-13,5,5.05861,2.62851,-0.00586051,-0.00586051
0.09532,-2.49124e-13,5,5.05834,2.63214,-0.00583419,-0.00583419
0.09533,-7.10992e-14,5,5.05808,2.63575,-0.00580783,-0.00580783
0.09534,-5.21134e-14,5,5.05781,2.63934,-0.00578144,-0.00578144
0.09535,-6.22155e-14,5,5.05755,2.64291,-0.00575501,-0.00575501
0.09536,-2.00715e-13,5,5.05729,2.64646,-0.00572854,-0.00572854
0.09537,-3.74067e-16,5,5.05702,2.65,-0.00570204,-0.00570204
0.09538,-1.32434e-13,5,5.05676,2.65352,-0.00567551,-0.00567551
0.09539,-1.33155e-13,5,5.05649,2.65702,-0.00564894,-0.00564894
0.0954,-2.2286e-13,5,5.05622,2.6605,-0.00562233,-0.00562233
0.09541,-1.68736e-13,5,5.05596,2.66397,-0.00559569,-0.00559569
0.09542,-8.09714e-14,5,5.05569,2.66741,-0.00556902,-0.00556902
0.09543,-7.15891e-14,5,5.05542,2.67084,-0.00554231,-0.00554231
0.09544,-1.40589e-13,5,5.05516,2.67425,-0.00551557,-0.00551557
0.09545,-6.25944e-14,5,5.05489,2.67764,-0.00548879,-0.00548879
0.09546,-1.82276e-13,5,5.05462,2.68101,-0.00546198,-0.00546198
0.09547,-1.64289e-13,5,5.05435,2.68437,-0.00543514,-0.00543514
0.09548,-2.4328e-13,5,5.05408,2.68771,-0.00540826,-0.00540826
0.09549,-2.01202e-13,5,5.05381,2.69102,-0.00538135,-0.00538135
0.0955,-4.89341e-14,5,5.05354,2.69432,-0.00535441,-0.00535441
0.09551,-1.40582e-13,5,5.05327,2.69761,-0.00532743,-0.00532743
0.09552,-2.63316e-13,5,5.053,2.70087,-0.00530042,-0.00530042
0.09553,2.09572e-14,5,5.05273,2.70411,-0.00527338,-0.00527338
0.09554,-2.15575e-13,5,5.05246,2.70734,-0.00524631,-0.00524631
0.09555,-8.36796e-14,5,5.05219,2.71055,-0.0052192,-0.0052192
0.09556,5.34894e-14,5,5.05192,2.71374,-0.00519207,-0.00519207
0.09557,-1.68887e-13,5,5.05165,2.71691,-0.0051649,-0.0051649
0.09558,-9.45571e-14,5,5.05138,2.72006,-0.0051377,-0.0051377
0.09559,-9.21137e-14,5,5.0511,2.7232,-0.00511046,-0.00511046
0.0956,-1.34246e-13,5,5.05083,2.72632,-0.0050832,-0.0050832
0.09561,-1.38408e-13,5,5.05056,2.72941,-0.00505591,-0.00505591
0.09562,-1.37908e-13,5,5.05029,2.73249,-0.00502858,-0.00502858
0.09563,-1.10762e-13,5,5.05001,2.73555,-0.00500123,-0.00500123
0.09564,-9.39414e-14,5,5.04974,2.73859,-0.00497384,-0.00497384
0.09565,-6.91825e-14,5,5.04946,2.74162,-0.00494642,-0.00494642
0.09566,-1.34074e-13,5,5.04919,2.74462,-0.00491898,-0.00491898
0.09567,-1.03542e-13,5,5.04892,2.74761,-0.0048915,-0.0048915
0.09568,-1.35571e-13,5,5.04864,2.75058,-0.004864,-0.004864
0.09569,-4.90287e-14,5,5.04836,2.75353,-0.00483646,-0.00483646
0.0957,-6.24616e-14,5,5.04809,2.75646,-0.0048089,-0.0048089
0.09571,-1.12032e-13,5,5.04781,2.75937,-0.0047813,-0.0047813
0.09572,-7.90023e-14,5,5.04754,2.76226,-0.00475368,-0.00475368
0.09573,-1.30738e-13,5,5.04726,2.76513,-0.00472603,-0.00472603
0.09574,-9.52655e-14,5,5.04698,2.76799,-0.00469835,-0.00469835
0.09575,-1.43837e-13,5,5.04671,2.77083,-0.00467064,-0.00467064
0.09576,-1.08254e-13,5,5.04643,2.77364,-0.0046429,-0.0046429
0.09577,-1.6332e-13,5,5.04615,2.77644,-0.00461514,-0.00461514
0.09578,-1.44667e-13,5,5.04587,2.77922,-0.00458735,-0.00458735
0.09579,-6.05116e-14,5,5.0456,2.78199,-0.00455953,-0.00455953
0.0958,-9.12086e-14,5,5.04532,2.78473,-0.00453168,-0.00453168
0.09581,-7.80517e-14,5,5.04504,2.78745,-0.00450381,-0.00450381
0.09582,-9.17067e-14,5,5.04476,2.79016,-0.0044759,-0.0044759
0.09583,-9.08732e-14,5,5.04448,2.79284,-0.00444798,-0.00444798
0.09584,-1.49881e-13,5,5.0442,2.79551,-0.00442002,-0.00442002
0.09585,-1.17684e-13,5,5.04392,2.79816,-0.00439204,-0.00439204
0.09586,-1.29118e-13,5,5.04364,2.80079,-0.00436403,-0.00436403
0.09587,-1.506e-13,5,5.04336,2.8034,-0.004336,-0.004336
0.09588,-3.67462e-14,5,5.04308,2.80599,-0.00430794,-0.00430794
0.09589,-1.55484e-13,5,5.0428,2.80856,-0.00427985,-0.00427985
0.0959,-8.09872e-14,5,5.04252,2.81112,-0.00425174,-0.00425174
0.09591,-1.28282e-13,5,5.04224,2.81365,-0.0042236,-0.0042236
0.09592,-1.59479e-13,5,5.04195,2.81616,-0.00419544,-0.00419544
0.09593,-9.5418e-14,5,5.04167,2.81866,-0.00416726,-0.00416726
0.09594,-8.64245e-14,5,5.04139,2.82114,-0.00413904,-0.00413904
0.09595,-1.13957e-13,5,5.04111,2.8236,-0.00411081,-0.00411081
0.09596,-4.78429e-14,5,5.04083,2.82604,-0.00408255,-0.00408255
0.09597,-1.00744e-13,5,5.04054,2.82846,-0.00405426,-0.00405426
0.09598,-8.9475e-14,5,5.04026,2.83086,-0.00402596,-0.00402596
0.09599,-1.16897e-13,5,5.03998,2.83324,-0.00399762,-0.00399762
0.096,-6.04968e-14,5,5.03969,2.8356,-0.00396927,-0.00396927
0.09601,-2.68564e-14,5,5.03941,2.83794,-0.00394089,-0.00394089
0.09602,-1.24722e-13,5,5.03912,2.84027,-0.00391248,-0.00391248
0.09603,-6.67122e-14,5,5.03884,2.84257,-0.00388406,-0.00388406
0.09604,-7.8924e-14,5,5.03856,2.84486,-0.00385561,-0.00385561
0.09605,-1.05347e-13,5,5.03827,2.84713,-0.00382714,-0.00382714
0.09606,-9.15793e-14,5,5.03799,2.84937,-0.00379865,-0.00379865
0.09607,-4.22848e-14,5,5.0377,2.8516,-0.00377013,-0.00377013
0.09608,-1.34433e-13,5,5.03742,2.85381,-0.00374159,-0.00374159
0.09609,-9.22436e-14,5,5.03713,2.856,-0.00371303,-0.00371303
0.0961,-9.65728e-14,5,5.03684,2.85817,-0.00368445,-0.00368445
0.09611,-4.58351e-14,5,5.03656,2.86032,-0.00365585,-0.00365585
0.09612,-6.80944e-14,5,5.03627,2.86245,-0.00362722,-0.00362722
0.09613,-6.56514e-14,5,5.03599,2.86457,-0.00359858,-0.00359858
0.09614,-1.13557e-13,5,5.0357,2.86666,-0.00356991,-0.00356991
0.09615,-6.09873e-14,5,5.03541,2.86873,-0.00354122,-0.00354122
0.09616,-4.38338e-14,5,5.03513,2.87079,-0.00351251,-0.00351251
0.09617,-1.42588e-13,5,5.03484,2.87282,-0.00348379,-0.00348379
0.09618,-9.88442e-14,5,5.03455,2.87484,-0.00345504,-0.00345504
0.09619,-5.41572e-14,5,5.03426,2.87684,-0.00342627,-0.00342627
0.0962,-9.48463e-14,5,5.03397,2.87881,-0.00339748,-0.00339748
0.09621,-8.20782e-14,5,5.03369,2.88077,-0.00336867,-0.00336867
0.09622,-4.93816e-14,5,5.0334,2.88271,-0.00333985,-0.00333985
0.09623,-8.91271e-14,5,5.03311,2.88463,-0.003311,-0.003311
0.09624,-6.80878e-14,5,5.03282,2.88653,-0.00328213,-0.00328213
0.09625,-8.26312e-14,5,5.03253,2.88841,-0.00325325,-0.00325325
0.09626,-1.17159e-13,5,5.03224,2.89027,-0.00322435,-0.00322435
0.09627,-1.01226e-13,5,5.03195,2.89211,-0.00319543,-0.00319543
0.09628,-8.01317e-14,5,5.03166,2.89393,-0.00316649,-0.00316649
0.09629,-4.41044e-14,5,5.03138,2.89573,-0.00313753,-0.00313753
0.0963,1.46268e-14,5,5.03109,2.89752,-0.00310856,-0.00310856
0.09631,-6.88614e-14,5,5.0308,2.89928,-0.00307956,-0.00307956
0.09632,-6.3554e-15,5,5.03051,2.90102,-0.00305055,-0.00305055
0.09633,-2.35079e-14,5,5.03022,2.90275,-0.00302152,-0.00302152
0.09634,-6.46548e-15,5,5.02992,2.90445,-0.00299248,-0.00299248
0.09635,-1.43476e-14,5,5.02963,2.90614,-0.00296342,-0.00296342
0.09636,5.85892e-15,5,5.02934,2.9078,-0.00293434,-0.00293434
0.09637,-6.55835e-14,5,5.02905,2.90945,-0.00290525,-0.00290525
0.09638,-9.12819e-15,5,5.02876,2.91107,-0.00287614,-0.00287614
0.09639,-6.19744e-14,5,5.02847,2.91268,-0.00284701,-0.00284701
0.0964,-6.55266e-14,5,5.02818,2.91427,-0.00281787,-0.00281787
0.09641,-3.33853e-14,5,5.02789,2.91584,-0.00278871,-0.00278871
0.09642,-3.83253e-14,5,5.0276,2.91738,-0.00275953,-0.00275953
0.09643,-4.10449e-14,5,5.0273,2.91891,-0.00273034,-0.00273034
0.09644,-6.12506e-14,5,5.02701,2.92042,-0.00270114,-0.00270114
0.09645,-1.20592e-13,5,5.02672,2.92191,-0.00267192,-0.00267192
0.09646,-7.213e-14,5,5.02643,2.92338,-0.00264269,-0.00264269
0.09647,-5.50321e-14,5,5.02613,2.92483,-0.00261344,-0.00261344
0.09648,-3.99882e-14,5,5.02584,2.92626,-0.00258418,-0.00258418
0.09649,-5.65301e-14,5,5.02555,2.92767,-0.0025549,-0.0025549
0.0965,-5.07566e-14,5,5.02526,2.92906,-0.00252561,-0.00252561
0.09651,-5.61963e-14,5,5.02496,2.93043,-0.00249631,-0.00249631
0.09652,-5.12555e-14,5,5.02467,2.93178,-0.00246699,-0.00246699
0.09653,-7.3404e-14,5,5.02438,2.93311,-0.00243766,-0.00243766
0.09654,-4.82016e-14,5,5.02408,2.93443,-0.00240831,-0.00240831
0.09655,-4.53702e-14,5,5.02379,2.93572,-0.00237895,-0.00237895
0.09656,-7.97312e-14,5,5.0235,2.93699,-0.00234959,-0.00234959
0.09657,-5.44733e-14,5,5.0232,2.93824,-0.0023202,-0.0023202
0.09658,-4.51471e-14,5,5.02291,2.93948,-0.00229081,-0.00229081
0.09659,-7.25693e-14,5,5.02261,2.94069,-0.0022614,-0.0022614
0.0966,-4.57571e-14,5,5.02232,2.94189,-0.00223198,-0.00223198
0.09661,-1.78346e-14,5,5.02203,2.94306,-0.00220255,-0.00220255
0.09662,-4.38691e-14,5,5.02173,2.94421,-0.00217311,-0.00217311
0.09663,-3.88727e-14,5,5.02144,2.94535,-0.00214366,-0.00214366
0.09664,-6.19096e-14,5,5.02114,2.94646,-0.00211419,-0.00211419
0.09665,-3.17667e-14,5,5.02085,2.94756,-0.00208472,-0.00208472
0.09666,-6.84038e-14,5,5.02055,2.94863,-0.00205523,-0.00205523
0.09667,-3.78723e-14,5,5.02026,2.94969,-0.00202573,-0.00202573
0.09668,-3.54851e-14,5,5.01996,2.95072,-0.00199623,-0.00199623
0.09669,-4.49217e-14,5,5.01967,2.95174,-0.00196671,-0.00196671
0.0967,-5.17493e-14,5,5.01937,2.95274,-0.00193718,-0.00193718
0.09671,-1.53337e-14,5,5.01908,2.95371,-0.00190764,-0.00190764
0.09672,-6.73474e-14,5,5.01878,2.95467,-0.0018781,-0.0018781
0.09673,-2.89672e-16,5,5.01849,2.95561,-0.00184854,-0.00184854
0.09674,-3.52614e-14,5,5.01819,2.95652,-0.00181898,-0.00181898
0.09675,-2.56023e-14,5,5.01789,2.95742,-0.0017894,-0.0017894
0.09676,-5.41903e-14,5,5.0176,2.9583,-0.00175982,-0.00175982
0.09677,-3.51497e-14,5,5.0173,2.95916,-0.00173023,-0.00173023
0.09678,-2.69338e-14,5,5.01701,2.95999,-0.00170063,-0.00170063
0.09679,-3.29288e-14,5,5.01671,2.96081,-0.00167102,-0.00167102
0.0968,-3.0153e-14,5,5.01641,2.96161,-0.0016414,-0.0016414
0.09681,-2.61005e-14,5,5.01612,2.96239,-0.00161178,-0.00161178
0.09682,-3.02636e-14,5,5.01582,2.96315,-0.00158215,-0.00158215
0.09683,-2.5434e-14,5,5.01553,2.96388,-0.00155251,-0.00155251
0.09684,3.2655e-15,5,5.01523,2.9646,-0.00152286,-0.00152286
0.09685,-4.46959e-14,5,5.01493,2.9653,-0.00149321,-0.00149321
0.09686,-1.62185e-14,5,5.01464,2.96598,-0.00146355,-0.00146355
0.09687,-1.58853e-14,5,5.01434,2.96664,-0.00143388,-0.00143388
0.09688,-8.16906e-15,5,5.01404,2.96728,-0.00140421,-0.00140421
0.09689,-1.63845e-14,5,5.01375,2.9679,-0.00137453,-0.00137453
0.0969,-8.94589e-15,5,5.01345,2.9685,-0.00134485,-0.00134485
0.09691,-4.15863e-14,5,5.01315,2.96908,-0.00131516,-0.00131516
0.09692,-2.99288e-14,5,5.01285,2.96964,-0.00128546,-0.00128546
0.09693,-5.17067e-15,5,5.01256,2.97018,-0.00125576,-0.00125576
0.09694,-2.89293e-14,5,5.01226,2.9707,-0.00122605,-0.00122605
0.09695,-2.28229e-14,5,5.01196,2.9712,-0.00119634,-0.00119634
0.09696,-2.40441e-14,5,5.01167,2.97168,-0.00116662,-0.00116662
0.09697,-2.90954e-14,5,5.01137,2.97214,-0.0011369,-0.0011369
0.09698,-3.64783e-14,5,5.01107,2.97258,-0.00110717,-0.00110717
0.09699,-3.27034e-14,5,5.01077,2.973,-0.00107744,-0.00107744
0.097,-2.01023e-14,5,5.01048,2.9734,-0.00104771,-0.00104771
0.09701,-3.17595e-14,5,5.01018,2.97379,-0.00101797,-0.00101797
0.09702,-3.14264e-14,5,5.00988,2.97415,-0.000988231,-0.000988231
0.09703,-2.7596e-14,5,5.00958,2.97449,-0.000958486,-0.000958486
0.09704,-1.65492e-14,5,5.00929,2.97481,-0.000928738,-0.000928738
0.09705,-1.07205e-14,5,5.00899,2.97511,-0.000898986,-0.000898986
0.09706,-2.45982e-14,5,5.00869,2.97539,-0.000869232,-0.000869232
0.09707,-3.18701e-14,5,5.00839,2.97566,-0.000839476,-0.000839476
0.09708,-8.33327e-15,5,5.0081,2.9759,-0.000809717,-0.000809717
0.09709,-1.7104e-14,5,5.0078,2.97612,-0.000779956,-0.000779956
0.0971,-9.4989e-15,5,5.0075,2.97632,-0.000750192,-0.000750192
0.09711,-9.7764e-15,5,5.0072,2.97651,-0.000720427,-0.000720427
0.09712,-3.02045e-14,5,5.00691,2.97667,-0.000690661,-0.000690661
0.09713,-1.37731e-14,5,5.00661,2.97681,-0.000660893,-0.000660893
0.09714,-1.93242e-14,5,5.00631,2.97693,-0.000631123,-0.000631123
0.09715,-7.99991e-15,5,5.00601,2.97704,-0.000601353,-0.000601353
0.09716,-7.0562e-15,5,5.00572,2.97712,-0.000571582,-0.000571582
0.09717,-1.02203e-14,5,5.00542,2.97718,-0.00054181,-0.00054181
0.09718,-1.29404e-14,5,5.00512,2.97723,-0.000512038,-0.000512038
0.09719,-5.89044e-15,5,5.00482,2.97725,-0.000482265,-0.000482265
0.0972,-9.99827e-15,5,5.00452,2.97726,-0.000452492,-0.000452492
0.09721,-5.44636e-15,5,5.00423,2.97724,-0.00042272,-0.00042272
0.09722,-9.99829e-15,5,5.00393,2.9772,-0.000392948,-0.000392948
0.09723,-8.05542e-15,5,5.00363,2.97715,-0.000363177,-0.000363177
0.09724,-1.41062e-14,5,5.00333,2.97707,-0.000333406,-0.000333406
0.09725,-9.33223e-15,5,5.00304,2.97698,-0.000303636,-0.000303636
0.09726,-5.27995e-15,5,5.00274,2.97686,-0.000273867,-0.000273867
0.09727,-4.72488e-15,5,5.00244,2.97673,-0.0002441,-0.0002441
0.09728,-1.83835e-15,5,5.00214,2.97657,-0.000214334,-0.000214334
0.09729,-3.39271e-15,5,5.00185,2.9764,-0.00018457,-0.00018457
0.0973,-4.50677e-16,5,5.00155,2.9762,-0.000154808,-0.000154808
0.09731,-2.00505e-15,5,5.00125,2.97599,-0.000125048,-0.000125048
0.09732,-3.00432e-15,5,5.00095,2.97576,-9.52908e-05,-9.52908e-05
0.09733,-2.28275e-15,5,5.00066,2.9755,-6.55358e-05,-6.55358e-05
0.09734,-3.95449e-16,5,5.00036,2.97523,-3.57835e-05,-3.57835e-05
0.09735,2.15088e-16,5,5.00006,2.97494,-6.03418e-06,-6.03418e-06
0.09736,7.7011e-16,5,4.99976,2.97462,2.3712e-05,2.3712e-05
0.09737,1.2141e-15,5,4.99947,2.97429,5.34549e-05,5.34549e-05
0.09738,2.26871e-15,5,4.99917,2.97394,8.31943e-05,8.31943e-05
0.09739,1.26941e-15,5,4.99887,2.97356,0.00011293,0.00011293
0.0974,2.49054e-15,5,4.99857,2.97317,0.000142662,0.000142662
0.09741,4.76638e-15,5,4.99828,2.97276,0.000172389,0.000172389
0.09742,5.65443e-15,5,4.99798,2.97233,0.000202112,0.000202112
0.09743,7.93026e-15,5,4.99768,2.97188,0.000231831,0.000231831
0.09744,7.15297e-15,5,4.99738,2.9714,0.000261545,0.000261545
0.09745,7.4859e-15,5,4.99709,2.97091,0.000291254,0.000291254
0.09746,7.48575e-15,5,4.99679,2.9704,0.000320958,0.000320958
0.09747,3.87738e-15,5,4.99649,2.96987,0.000350657,0.000350657
0.09748,1.2648e-14,5,4.9962,2.96932,0.00038035,0.00038035
0.09749,1.22592e-14,5,4.9959,2.96875,0.000410038,0.000410038
0.0975,7.76267e-15,5,4.9956,2.96816,0.000439719,0.000439719
0.09751,1.62557e-14,5,4.99531,2.96755,0.000469395,0.000469395
0.09752,1.04269e-14,5,4.99501,2.96692,0.000499064,0.000499064
0.09753,1.75876e-14,5,4.99471,2.96627,0.000528727,0.000528727
0.09754,1.36461e-14,5,4.99442,2.9656,0.000558383,0.000558383
0.09755,1.48672e-14,5,4.99412,2.96491,0.000588032,0.000588032
0.09756,7.37298e-15,5,4.99382,2.96421,0.000617674,0.000617674
0.09757,1.07034e-14,5,4.99353,2.96348,0.000647309,0.000647309
0.09758,2.11948e-14,5,4.99323,2.96273,0.000676936,0.000676936
0.09759,1.89187e-14,5,4.99293,2.96196,0.000706556,0.000706556
0.0976,1.04808e-14,5,4.99264,2.96118,0.000736168,0.000736168
0.09761,2.89657e-14,5,4.99234,2.96037,0.000765771,0.000765771
0.09762,2.00282e-14,5,4.99205,2.95954,0.000795367,0.000795367
0.09763,2.70779e-14,5,4.99175,2.9587,0.000824954,0.000824954
0.09764,2.04163e-14,5,4.99145,2.95783,0.000854532,0.000854532
0.09765,2.519e-14,5,4.99116,2.95695,0.000884101,0.000884101
0.09766,2.20256e-14,5,4.99086,2.95604,0.000913662,0.000913662
0.09767,1.7862e-14,5,4.99057,2.95512,0.000943213,0.000943213
0.09768,1.79173e-14,5,4.99027,2.95417,0.000972755,0.000972755
0.09769,2.52445e-14,5,4.98998,2.95321,0.00100229,0.00100229
0.0977,1.25321e-14,5,4.98968,2.95223,0.00103181,0.00103181
0.09771,2.17467e-14,5,4.98939,2.95123,0.00106132,0.00106132
0.09772,3.58463e-14,5,4.98909,2.9502,0.00109082,0.00109082
0.09773,2.16906e-14,5,4.9888,2.94916,0.00112032,0.00112032
0.09774,2.95729e-14,5,4.9885,2.9481,0.0011498,0.0011498
0.09775,8.08979e-15,5,4.98821,2.94702,0.00117927,0.00117927
0.09776,3.20703e-14,5,4.98791,2.94592,0.00120873,0.00120873
0.09777,3.21255e-14,5,4.98762,2.9448,0.00123817,0.00123817
0.09778,2.21887e-14,5,4.98732,2.94366,0.00126761,0.00126761
0.09779,1.42503e-14,5,4.98703,2.9425,0.00129704,0.00129704
0.0978,4.67795e-14,5,4.98674,2.94132,0.00132645,0.00132645
0.09781,-7.22807e-17,5,4.98644,2.94012,0.00135585,0.00135585
0.09782,2.21873e-14,5,4.98615,2.93891,0.00138524,0.00138524
0.09783,4.64454e-14,5,4.98585,2.93767,0.00141462,0.00141462
0.09784,3.25117e-14,5,4.98556,2.93641,0.00144398,0.00144398
0.09785,2.3241e-14,5,4.98527,2.93514,0.00147333,0.00147333
0.09786,3.13453e-14,5,4.98497,2.93384,0.00150267,0.00150267
0.09787,1.05282e-14,5,4.98468,2.93253,0.00153199,0.00153199
0.09788,2.63485e-14,5,4.98439,2.93119,0.00156131,0.00156131
0.09789,5.72123e-14,5,4.98409,2.92984,0.0015906,0.0015906
0.0979,2.2573e-14,5,4.9838,2.92847,0.00161989,0.00161989
0.09791,6.75922e-14,5,4.98351,2.92708,0.00164916,0.00164916
0.09792,2.25167e-14,5,4.98322,2.92566,0.00167842,0.00167842
0.09793,2.56337e-16,5,4.98292,2.92423,0.00170766,0.00170766
0.09794,2.61241e-14,5,4.98263,2.92278,0.00173689,0.00173689
0.09795,1.01365e-14,5,4.98234,2.92131,0.0017661,0.0017661
0.09796,3.07307e-14,5,4.98205,2.91982,0.0017953,0.0017953
0.09797,2.22926e-14,5,4.98176,2.91832,0.00182448,0.00182448
0.09798,3.1174e-14,5,4.98146,2.91679,0.00185365,0.00185365
0.09799,1.63521e-14,5,4.98117,2.91524,0.0018828,0.0018828
0.098,4.84371e-14,5,4.98088,2.91368,0.00191194,0.00191194
0.09801,5.43763e-14,5,4.98059,2.91209,0.00194106,0.00194106
0.09802,4.41618e-14,5,4.9803,2.91049,0.00197016,0.00197016
0.09803,5.43754e-14,5,4.98001,2.90886,0.00199925,0.00199925
0.09804,6.02474e-15,5,4.97972,2.90722,0.00202833,0.00202833
0.09805,4.54372e-14,5,4.97943,2.90556,0.00205738,0.00205738
0.09806,6.13684e-14,5,4.97914,2.90388,0.00208642,0.00208642
0.09807,5.43735e-14,5,4.97885,2.90218,0.00211544,0.00211544
0.09808,2.29537e-14,5,4.97856,2.90046,0.00214445,0.00214445
0.09809,4.89325e-14,5,4.97827,2.89872,0.00217343,0.00217343
0.0981,1.35159e-14,5,4.97798,2.89696,0.0022024,0.0022024
0.09811,5.1485e-14,5,4.97769,2.89518,0.00223135,0.00223135
0.09812,6.85819e-14,5,4.9774,2.89339,0.00226029,0.00226029
0.09813,5.376e-14,5,4.97711,2.89157,0.0022892,0.0022892
0.09814,5.10394e-14,5,4.97682,2.88974,0.0023181,0.0023181
0.09815,4.54878e-14,5,4.97653,2.88788,0.00234698,0.00234698
0.09816,7.72951e-14,5,4.97624,2.88601,0.00237584,0.00237584
0.09817,7.09108e-14,5,4.97595,2.88412,0.00240468,0.00240468
0.09818,6.28057e-14,5,4.97566,2.88221,0.0024335,0.0024335
0.09819,3.04421e-14,5,4.97538,2.88028,0.00246231,0.00246231
0.0982,3.47159e-14,5,4.97509,2.87833,0.00249109,0.00249109
0.09821,7.79586e-14,5,4.9748,2.87636,0.00251985,0.00251985
0.09822,7.51269e-14,5,4.97451,2.87438,0.0025486,0.0025486
0.09823,5.3033e-14,5,4.97423,2.87237,0.00257732,0.00257732
0.09824,3.66566e-14,5,4.97394,2.87035,0.00260602,0.00260602
0.09825,4.89795e-14,5,4.97365,2.8683,0.00263471,0.00263471
0.09826,2.58863e-14,5,4.97337,2.86624,0.00266337,0.00266337
0.09827,4.35938e-14,5,4.97308,2.86416,0.00269201,0.00269201
0.09828,1.19366e-13,5,4.97279,2.86206,0.00272063,0.00272063
0.09829,4.14277e-14,5,4.97251,2.85994,0.00274923,0.00274923
0.0983,1.0743e-13,5,4.97222,2.8578,0.00277781,0.00277781
0.09831,1.01878e-13,5,4.97194,2.85565,0.00280637,0.00280637
0.09832,3.4598e-14,5,4.97165,2.85347,0.0028349,0.0028349
0.09833,2.71589e-14,5,4.97137,2.85128,0.00286341,0.00286341
0.09834,2.88791e-14,5,4.97108,2.84906,0.0028919,0.0028919
0.09835,4.3922e-14,5,4.9708,2.84683,0.00292037,0.00292037
0.09836,7.46745e-14,5,4.97051,2.84458,0.00294882,0.00294882
0.09837,6.47374e-14,5,4.97023,2.84231,0.00297724,0.00297724
0.09838,1.26354e-13,5,4.96994,2.84003,0.00300564,0.00300564
0.09839,1.42618e-13,5,4.96966,2.83772,0.00303402,0.00303402
0.0984,-5.26408e-15,5,4.96938,2.83539,0.00306237,0.00306237
0.09841,1.66622e-14,5,4.96909,2.83305,0.0030907,0.0030907
0.09842,2.9096e-14,5,4.96881,2.83069,0.00311901,0.00311901
0.09843,1.34844e-13,5,4.96853,2.82831,0.00314729,0.00314729
0.09844,9.41538e-14,5,4.96824,2.82591,0.00317555,0.00317555
0.09845,6.29558e-14,5,4.96796,2.82349,0.00320379,0.00320379
0.09846,1.38672e-13,5,4.96768,2.82105,0.003232,0.003232
0.09847,7.5722e-14,5,4.9674,2.8186,0.00326018,0.00326018
0.09848,8.155e-14,5,4.96712,2.81612,0.00328834,0.00328834
0.09849,7.74415e-14,5,4.96684,2.81363,0.00331648,0.00331648
0.0985,9.64811e-14,5,4.96655,2.81112,0.00334459,0.00334459
0.09851,5.62903e-14,5,4.96627,2.80859,0.00337268,0.00337268
0.09852,9.99769e-14,5,4.96599,2.80604,0.00340074,0.00340074
0.09853,8.45996e-14,5,4.96571,2.80348,0.00342877,0.00342877
0.09854,1.49602e-13,5,4.96543,2.80089,0.00345678,0.00345678
0.09855,9.1648e-14,5,4.96515,2.79829,0.00348477,0.00348477
0.09856,4.62947e-14,5,4.96487,2.79567,0.00351272,0.00351272
0.09857,3.3915e-14,5,4.96459,2.79303,0.00354065,0.00354065
0.09858,1.29782e-13,5,4.96431,2.79037,0.00356856,0.00356856
0.09859,6.611e-14,5,4.96404,2.78769,0.00359643,0.00359643
0.0986,8.51495e-14,5,4.96376,2.785,0.00362428,0.00362428
0.09861,2.92491e-14,5,4.96348,2.78229,0.00365211,0.00365211
0.09862,8.0041e-14,5,4.9632,2.77955,0.0036799,0.0036799
0.09863,7.62655e-14,5,4.96292,2.77681,0.00370767,0.00370767
0.09864,1.38992e-13,5,4.96265,2.77404,0.00373541,0.00373541
0.09865,1.03409e-13,5,4.96237,2.77125,0.00376312,0.00376312
0.09866,8.70323e-14,5,4.96209,2.76845,0.00379081,0.00379081
0.09867,9.16945e-14,5,4.96182,2.76563,0.00381846,0.00381846
0.09868,6.0885e-14,5,4.96154,2.76279,0.00384609,0.00384609
0.09869,1.06625e-13,5,4.96126,2.75993,0.00387369,0.00387369
0.0987,5.49437e-14,5,4.96099,2.75705,0.00390126,0.00390126
0.09871,7.10966e-14,5,4.96071,2.75416,0.0039288,0.0039288
0.09872,1.4809e-13,5,4.96044,2.75124,0.00395631,0.00395631
0.09873,1.06456e-13,5,4.96016,2.74831,0.0039838,0.0039838
0.09874,4.92783e-14,5,4.95989,2.74536,0.00401125,0.00401125
0.09875,2.09113e-14,5,4.95961,2.7424,0.00403868,0.00403868
0.09876,6.40426e-14,5,4.95934,2.73941,0.00406607,0.00406607
0.09877,1.62519e-13,5,4.95907,2.73641,0.00409343,0.00409343
0.09878,1.2799e-13,5,4.95879,2.73339,0.00412077,0.00412077
0.09879,5.45477e-14,5,4.95852,2.73035,0.00414807,0.00414807
0.0988,1.48194e-13,5,4.95825,2.72729,0.00417534,0.00417534
0.09881,1.01453e-13,5,4.95797,2.72422,0.00420259,0.00420259
0.09882,5.98187e-14,5,4.9577,2.72113,0.0042298,0.0042298
0.09883,1.10333e-13,5,4.95743,2.71802,0.00425698,0.00425698
0.09884,5.38772e-14,5,4.95716,2.71489,0.00428413,0.00428413
0.09885,8.74606e-14,5,4.95689,2.71175,0.00431124,0.00431124
0.09886,1.22154e-13,5,4.95662,2.70858,0.00433833,0.00433833
0.09887,6.73638e-14,5,4.95635,2.7054,0.00436538,0.00436538
0.09888,1.14603e-13,5,4.95608,2.7022,0.00439241,0.00439241
0.09889,1.13103e-13,5,4.95581,2.69899,0.0044194,0.0044194
0.0989,1.37028e-13,5,4.95554,2.69575,0.00444635,0.00444635
0.09891,3.20551e-14,5,4.95527,2.6925,0.00447328,0.00447328
0.09892,9.63916e-14,5,4.955,2.68923,0.00450017,0.00450017
0.09893,1.15098e-13,5,4.95473,2.68595,0.00452703,0.00452703
0.09894,9.88878e-14,5,4.95446,2.68264,0.00455386,0.00455386
0.09895,5.65319e-14,5,4.95419,2.67932,0.00458065,0.00458065
0.09896,1.08878e-13,5,4.95393,2.67598,0.00460741,0.00460741
0.09897,9.08914e-14,5,4.95366,2.67262,0.00463414,0.00463414
0.09898,1.19812e-13,5,4.95339,2.66925,0.00466083,0.00466083
0.09899,8.38396e-14,5,4.95313,2.66586,0.00468749,0.00468749
0.099,9.68283e-14,5,4.95286,2.66245,0.00471411,0.00471411
0.09901,4.35921e-14,5,4.95259,2.65902,0.0047407,0.0047407
0.09902,3.44318e-14,5,4.95233,2.65558,0.00476726,0.00476726
0.09903,1.78038e-13,5,4.95206,2.65212,0.00479378,0.00479378
0.09904,1.26467e-13,5,4.9518,2.64864,0.00482026,0.00482026
0.09905,9.86553e-14,5,4.95153,2.64514,0.00484672,0.00484672
0.09906,8.4388e-14,5,4.95127,2.64163,0.00487313,0.00487313
0.09907,1.28518e-13,5,4.951,2.6381,0.00489951,0.00489951
0.09908,1.03648e-13,5,4.95074,2.63455,0.00492586,0.00492586
0.09909,1.08144e-13,5,4.95048,2.63099,0.00495217,0.00495217
0.0991,1.81751e-13,5,4.95022,2.62741,0.00497844,0.00497844
0.09911,7.81658e-14,5,4.94995,2.62381,0.00500468,0.00500468
0.09912,1.7481e-13,5,4.94969,2.62019,0.00503088,0.00503088
0.09913,1.08417e-13,5,4.94943,2.61656,0.00505705,0.00505705
0.09914,8.22705e-14,5,4.94917,2.61291,0.00508318,0.00508318
0.09915,1.27789e-13,5,4.94891,2.60924,0.00510927,0.00510927
0.09916,1.60595e-13,5,4.94865,2.60556,0.00513533,0.00513533
0.09917,-1.88183e-14,5,4.94839,2.60186,0.00516134,0.00516134
0.09918,1.27175e-13,5,4.94813,2.59814,0.00518733,0.00518733
0.09919,5.46764e-14,5,4.94787,2.5944,0.00521327,0.00521327
0.0992,-4.31909e-14,5,4.94761,2.59065,0.00523918,0.00523918
0.09921,1.38885e-13,5,4.94735,2.58688,0.00526505,0.00526505
0.09922,-5.16782e-15,5,4.94709,2.5831,0.00529088,0.00529088
0.09923,5.41725e-14,5,4.94683,2.5793,0.00531667,0.00531667
0.09924,1.62085e-13,5,4.94658,2.57548,0.00534242,0.00534242
0.09925,4.88413e-14,5,4.94632,2.57164,0.00536814,0.00536814
0.09926,1.24891e-13,5,4.94606,2.56779,0.00539382,0.00539382
0.09927,1.17118e-13,5,4.94581,2.56392,0.00541946,0.00541946
0.09928,9.14707e-14,5,4.94555,2.56003,0.00544506,0.00544506
0.09929,-1.17852e-15,5,4.94529,2.55613,0.00547062,0.00547062
0.0993,1.29383e-13,5,4.94504,2.55221,0.00549614,0.00549614
0.09931,2.03211e-13,5,4.94478,2.54828,0.00552162,0.00552162
0.09932,1.66129e-13,5,4.94453,2.54432,0.00554707,0.00554707
0.09933,1.8972e-13,5,4.94428,2.54035,0.00557247,0.00557247
0.09934,2.16364e-13,5,4.94402,2.53637,0.00559783,0.00559783
0.09935,7.33108e-14,5,4.94377,2.53237,0.00562316,0.00562316
0.09936,4.08912e-14,5,4.94352,2.52835,0.00564844,0.00564844
0.09937,5.65442e-14,5,4.94326,2.52431,0.00567368,0.00567368
0.09938,5.63211e-14,5,4.94301,2.52026,0.00569889,0.00569889
0.09939,2.01759e-13,5,4.94276,2.51619,0.00572405,0.00572405
0.0994,8.4574e-14,5,4.94251,2.51211,0.00574917,0.00574917
0.09941,9.05125e-14,5,4.94226,2.50801,0.00577425,0.00577425
0.09942,3.52223e-14,5,4.94201,2.50389,0.00579929,0.00579929
0.09943,7.39124e-14,5,4.94176,2.49976,0.00582429,0.00582429
0.09944,2.4644e-13,5,4.94151,2.49561,0.00584924,0.00584924
0.09945,1.36194e-13,5,4.94126,2.49145,0.00587416,0.00587416
0.09946,7.24002e-15,5,4.94101,2.48726,0.00589903,0.00589903
0.09947,8.18254e-15,5,4.94076,2.48307,0.00592386,0.00592386
0.09948,5.8752e-14,5,4.94051,2.47885,0.00594865,0.00594865
0.09949,7.70695e-14,5,4.94027,2.47462,0.0059734,0.0059734
0.0995,2.06964e-13,5,4.94002,2.47038,0.0059981,0.0059981
0.09951,2.21666e-14,5,4.93977,2.46612,0.00602276,0.00602276
0.09952,2.31887e-13,5,4.93953,2.46184,0.00604738,0.00604738
0.09953,6.56295e-14,5,4.93928,2.45754,0.00607195,0.00607195
0.09954,1.15533e-13,5,4.93904,2.45323,0.00609649,0.00609649
0.09955,6.2907e-14,5,4.93879,2.44891,0.00612098,0.00612098
0.09956,4.19226e-14,5,4.93855,2.44457,0.00614542,0.00614542
0.09957,7.16754e-14,5,4.9383,2.44021,0.00616982,0.00616982
0.09958,1.6954e-13,5,4.93806,2.43584,0.00619418,0.00619418
0.09959,2.37651e-13,5,4.93782,2.43145,0.0062185,0.0062185
0.0996,6.29565e-14,5,4.93757,2.42704,0.00624277,0.00624277
0.09961,2.26713e-13,5,4.93733,2.42262,0.00626699,0.00626699
0.09962,5.7847e-14,5,4.93709,2.41819,0.00629118,0.00629118
0.09963,1.34396e-13,5,4.93685,2.41374,0.00631531,0.00631531
0.09964,1.23348e-13,5,4.93661,2.40927,0.00633941,0.00633941
0.09965,2.58516e-13,5,4.93637,2.40479,0.00636345,0.00636345
0.09966,9.0094e-14,5,4.93613,2.40029,0.00638746,0.00638746
0.09967,7.61594e-14,5,4.93589,2.39577,0.00641141,0.00641141
0.09968,2.18489e-13,5,4.93565,2.39124,0.00643533,0.00643533
0.09969,1.76355e-13,5,4.93541,2.3867,0.00645919,0.00645919
0.0997,6.21113e-14,5,4.93517,2.38214,0.00648301,0.00648301
0.09971,2.141e-13,5,4.93493,2.37756,0.00650679,0.00650679
0.09972,1.73076e-13,5,4.93469,2.37297,0.00653052,0.00653052
0.09973,4.69529e-14,5,4.93446,2.36837,0.0065542,0.0065542
0.09974,1.69298e-13,5,4.93422,2.36375,0.00657784,0.00657784
0.09975,7.65378e-14,5,4.93399,2.35911,0.00660143,0.00660143
0.09976,2.12816e-13,5,4.93375,2.35446,0.00662498,0.00662498
0.09977,1.11452e-13,5,4.93352,2.34979,0.00664847,0.00664847
0.09978,2.13757e-13,5,4.93328,2.34511,0.00667193,0.00667193
0.09979,4.97762e-14,5,4.93305,2.34041,0.00669533,0.00669533
0.0998,1.71677e-13,5,4.93281,2.3357,0.00671869,0.00671869
0.09981,2.20193e-13,5,4.93258,2.33097,0.006742,0.006742
0.09982,1.75838e-13,5,4.93235,2.32623,0.00676526,0.00676526
0.09983,1.75745e-14,5,4.93212,2.32147,0.00678847,0.00678847
0.09984,6.39805e-14,5,4.93188,2.3167,0.00681164,0.00681164
0.09985,2.90909e-13,5,4.93165,2.31191,0.00683476,0.00683476
0.09986,2.18243e-13,5,4.93142,2.3071,0.00685783,0.00685783
0.09987,1.599e-13,5,4.93119,2.30229,0.00688085,0.00688085
0.09988,2.01143e-13,5,4.93096,2.29746,0.00690383,0.00690383
0.09989,8.46794e-14,5,4.93073,2.29261,0.00692675,0.00692675
0.0999,2.33781e-13,5,4.9305,2.28775,0.00694963,0.00694963
0.09991,2.74414e-13,5,4.93028,2.28287,0.00697246,0.00697246
0.09992,2.85959e-13,5,4.93005,2.27798,0.00699524,0.00699524
0.09993,2.32556e-13,5,4.92982,2.27307,0.00701797,0.00701797
0.09994,1.90532e-13,5,4.92959,2.26815,0.00704065,0.00704065
0.09995,2.34773e-13,5,4.92937,2.26322,0.00706328,0.00706328
0.09996,9.7826e-14,5,4.92914,2.25827,0.00708587,0.00708587
0.09997,1.92582e-13,5,4.92892,2.2533,0.0071084,0.0071084
0.09998,1.34905e-13,5,4.92869,2.24832,0.00713088,0.00713088
0.09999,1.07703e-13,5,4.92847,2.24333,0.00715332,0.00715332
0.1,2.22721e-07,5,4.92847,2.24333,0.00715331,0.00715332
